Handle,Title,Body (HTML),Vendor,Type,Tags,Published,Option1 Name,Option1 Value,Variant SKU,Variant Grams,Variant Inventory Qty,Variant Inventory Policy,Variant Fulfillment Service,Variant Price,Variant Compare At Price,Variant Requires Shipping,Variant Taxable,Image Src,Image Position,Image Alt Text,Status
haircolor-set10-001-bleach-party-20-volume-lightening-kit,Bleach Party 20 Volume Lightening Kit,"<p><strong>Bleach Party 20 Volume Lightening Kit</strong> is a salon-ready bleach lightener product from Lime Crime.</p><p>Bleach Party hair lightening kit makes bleaching your locks at home easy Create the perfect base for any vivid hair dye Lifts up to 6 levels (results will vary) Create bold blonde locks Bleach Party hair lightening kit makes bleaching your locks at home easy. Our hair lightening kit helps you achieve all your lightening goals! Create bold blonde locks or the perfect base color to layer prior to applying any Lime Crime Unicorn Hair semi-permanent hair dye. Our Bleach Party 20 volume hair lightening kit can lift hair up to 6 levels (results will vary).</p><p>Ideal for professional color services including lightening, depositing, toning, maintenance, and finishing workflows.</p><p><strong>Supplier links:</strong> <a href=""https://www.sallybeauty.com/hair-color/other-products-and-applications/bleach-and-lightener/bleach-party-20-volume-lightening-kit/SBS-007465.html"">Sally Beauty</a> | <a href=""https://www.amazon.com/s?k=Bleach+Party+20+Volume+Lightening+Kit"">Amazon</a> | <a href=""https://www.ebay.com/sch/i.html?_nkw=Bleach+Party+20+Volume+Lightening+Kit"">eBay</a></p>",Lime Crime,Hair Coloring,"sallybeauty,hair-color,set10,bleach-lightener",TRUE,Title,Default Title,HCOLOR-SET10-001-007465,350,19,deny,manual,25.29,32.37,TRUE,TRUE,https://www.sallybeauty.com/dw/image/v2/BCSM_PRD/on/demandware.static/-/Sites-SBS-SallyBeautySupply/default/dw5c650eb7/images/large/SBS-007465-1.jpg?sw=750&sh=750&sfrm=png,1,Bleach Party 20 Volume Lightening Kit product image 1,active
haircolor-set10-001-bleach-party-20-volume-lightening-kit,,,,,,,,,,,,,,,,,,https://www.sallybeauty.com/dw/image/v2/BCSM_PRD/on/demandware.static/-/Sites-SBS-SallyBeautySupply/default/dwe75798d9/images/large/SBS-007465-2.jpg?sw=750&sh=750&sfrm=png,2,Bleach Party 20 Volume Lightening Kit product image 2,
haircolor-set10-001-bleach-party-20-volume-lightening-kit,,,,,,,,,,,,,,,,,,https://www.sallybeauty.com/dw/image/v2/BCSM_PRD/on/demandware.static/-/Sites-SBS-SallyBeautySupply/default/dwd24d2899/images/large/SBS-007465-3.jpg?sw=750&sh=750&sfrm=png,3,Bleach Party 20 Volume Lightening Kit product image 3,
haircolor-set10-001-bleach-party-20-volume-lightening-kit,,,,,,,,,,,,,,,,,,https://www.sallybeauty.com/dw/image/v2/BCSM_PRD/on/demandware.static/-/Sites-SBS-SallyBeautySupply/default/dwd66e4b5e/images/large/SBS-007465-4.jpg?sw=750&sh=750&sfrm=png,4,Bleach Party 20 Volume Lightening Kit product image 4,
haircolor-set10-001-bleach-party-20-volume-lightening-kit,,,,,,,,,,,,,,,,,,https://www.sallybeauty.com/dw/image/v2/BCSM_PRD/on/demandware.static/-/Sites-SBS-SallyBeautySupply/default/dw1068900b/images/large/SBS-007465-5.jpg?sw=750&sh=750&sfrm=png,5,Bleach Party 20 Volume Lightening Kit product image 5,
haircolor-set10-002-bleach-please-complete-lightening-kit,"Bleach, Please Complete Lightening Kit","<p><strong>Bleach, Please Complete Lightening Kit</strong> is a salon-ready bleach lightener product from Arctic Fox.</p><p>Infused with Castor Oil, Mango Seed Butter, Cocoa, Sunflower Oil, Acaí & Papaya Contains POLYCARE SPLIT THERAPY, repairs damaged cuticles & split ends Bleach, Please is 100% cruelty-free and vegan Lifts up to 8 levels Vegetable based Complete Hair Lightening Kit Cream Bleach + Developer + Gloves</p><p>Ideal for professional color services including lightening, depositing, toning, maintenance, and finishing workflows.</p><p><strong>Supplier links:</strong> <a href=""https://www.sallybeauty.com/hair-color/other-products-and-applications/bleach-and-lightener/bleach-please-complete-lightening-kit/SBS-004783.html"">Sally Beauty</a> | <a href=""https://www.amazon.com/s?k=Bleach%2C+Please+Complete+Lightening+Kit"">Amazon</a> | <a href=""https://www.ebay.com/sch/i.html?_nkw=Bleach%2C+Please+Complete+Lightening+Kit"">eBay</a></p>",Arctic Fox,Hair Coloring,"sallybeauty,hair-color,set10,bleach-lightener",TRUE,Title,Default Title,HCOLOR-SET10-002-004783,350,20,deny,manual,19.99,25.59,TRUE,TRUE,https://www.sallybeauty.com/dw/image/v2/BCSM_PRD/on/demandware.static/-/Sites-SBS-SallyBeautySupply/default/dwbb5187aa/images/large/SBS-004783-1.jpg?sw=750&sh=750&sfrm=png,1,"Bleach, Please Complete Lightening Kit product image 1",active
haircolor-set10-002-bleach-please-complete-lightening-kit,,,,,,,,,,,,,,,,,,https://www.sallybeauty.com/dw/image/v2/BCSM_PRD/on/demandware.static/-/Sites-SBS-SallyBeautySupply/default/dw57e6fd32/images/large/SBS-004783-2.jpg?sw=750&sh=750&sfrm=png,2,"Bleach, Please Complete Lightening Kit product image 2",
haircolor-set10-002-bleach-please-complete-lightening-kit,,,,,,,,,,,,,,,,,,https://www.sallybeauty.com/dw/image/v2/BCSM_PRD/on/demandware.static/-/Sites-SBS-SallyBeautySupply/default/dw17233ad6/images/large/SBS-004783-4.jpg?sw=750&sh=750&sfrm=png,3,"Bleach, Please Complete Lightening Kit product image 3",
haircolor-set10-002-bleach-please-complete-lightening-kit,,,,,,,,,,,,,,,,,,https://www.sallybeauty.com/dw/image/v2/BCSM_PRD/on/demandware.static/-/Sites-SBS-SallyBeautySupply/default/dw641fbdee/images/large/SBS-004783-5.jpg?sw=750&sh=750&sfrm=png,4,"Bleach, Please Complete Lightening Kit product image 4",
haircolor-set10-002-bleach-please-complete-lightening-kit,,,,,,,,,,,,,,,,,,https://www.sallybeauty.com/dw/image/v2/BCSM_PRD/on/demandware.static/-/Sites-SBS-SallyBeautySupply/default/dwf8e17c67/images/large/SBS-004783.jpg?sw=750&sh=750&sfrm=png,5,"Bleach, Please Complete Lightening Kit product image 5",
haircolor-set10-003-blue-powder-lightener-packette,Blue Powder Lightener Packette,"<p><strong>Blue Powder Lightener Packette</strong> is a salon-ready bleach lightener product from Clairol Professional Kaleidocolors.</p><p>Ideal for dark brown to light blonde hair Lightens and tones in one easy step Enriched with moisturizing aloe vera Gives healthy-looking highlights Works within 10 minutes Clairol Kaleidocolors Powder Lightener puts the quick-and-easy into highlighting and all special effects techniques. Create cool or warm tonality as you lighten. Lightens and tones in only 10 minutes. Lightens up to 5 levels and adds neutral/beige tones. Enriched with moisturizing aloe vera. Ideal for dark brown to light blonde hair. Clairol Professional Help Line: 1-800-221-4900 Hotlines are open from 8:30am to 8:30pm Monday – Friday and 9:00am – 6:00pm Saturday & Sunday EASTERN TIME.</p><p>Ideal for professional color services including lightening, depositing, toning, maintenance, and finishing workflows.</p><p><strong>Supplier links:</strong> <a href=""https://www.sallybeauty.com/hair-color/other-products-and-applications/bleach-and-lightener/blue-powder-lightener-packette/SBS-320969.html"">Sally Beauty</a> | <a href=""https://www.amazon.com/s?k=Blue+Powder+Lightener+Packette"">Amazon</a> | <a href=""https://www.ebay.com/sch/i.html?_nkw=Blue+Powder+Lightener+Packette"">eBay</a></p>",Clairol Professional Kaleidocolors,Hair Coloring,"sallybeauty,hair-color,set10,bleach-lightener",TRUE,Title,Default Title,HCOLOR-SET10-003-320969,350,21,deny,manual,6.99,8.95,TRUE,TRUE,https://www.sallybeauty.com/dw/image/v2/BCSM_PRD/on/demandware.static/-/Sites-SBS-SallyBeautySupply/default/dw9090c6cd/images/large/SBS-320969-1.jpg?sw=750&sh=750&sfrm=png,1,Blue Powder Lightener Packette product image 1,active
haircolor-set10-003-blue-powder-lightener-packette,,,,,,,,,,,,,,,,,,https://www.sallybeauty.com/dw/image/v2/BCSM_PRD/on/demandware.static/-/Sites-SBS-SallyBeautySupply/default/dw9a14253c/images/large/SBS-320969-2.jpg?sw=750&sh=750&sfrm=png,2,Blue Powder Lightener Packette product image 2,
haircolor-set10-003-blue-powder-lightener-packette,,,,,,,,,,,,,,,,,,https://www.sallybeauty.com/dw/image/v2/BCSM_PRD/on/demandware.static/-/Sites-SBS-SallyBeautySupply/default/dw810c1c1e/images/large/SBS-320969-3.jpg?sw=750&sh=750&sfrm=png,3,Blue Powder Lightener Packette product image 3,
haircolor-set10-003-blue-powder-lightener-packette,,,,,,,,,,,,,,,,,,https://www.sallybeauty.com/dw/image/v2/BCSM_PRD/on/demandware.static/-/Sites-SBS-SallyBeautySupply/default/dwc0de405e/images/large/SBS-320969.jpg?sw=750&sh=750&sfrm=png,4,Blue Powder Lightener Packette product image 4,
haircolor-set10-003-blue-powder-lightener-packette,,,,,,,,,,,,,,,,,,https://www.sallybeauty.com/dw/image/v2/BCSM_PRD/on/demandware.static/-/Sites-SBS-SallyBeautySupply/default/dw9090c6cd/images/large/SBS-320969-1.jpg?sw=1500&sh=1500&sfrm=png,5,Blue Powder Lightener Packette product image 5,
haircolor-set10-004-blue-powder-lightener-tub,Blue Powder Lightener Tub,"<p><strong>Blue Powder Lightener Tub</strong> is a salon-ready bleach lightener product from Clairol Professional Kaleidocolors.</p><p>Ideal for dark brown to light blonde hair Lightens and tones in one easy step Enriched with moisturizing aloe vera Gives healthy-looking highlights Works within 10 minutes Clairol Kaleidocolors Powder Lightener puts the quick-and-easy into highlighting and all special effects techniques. Create cool or warm tonality as you lighten. Lightens and tones in only 10 minutes. Lightens up to 5 levels and adds neutral/beige tones. Enriched with moisturizing aloe vera. Ideal for dark brown to light blonde hair. Clairol Professional Help Line: 1-800-221-4900 Hotlines are open from 8:30am to 8:30pm Monday – Friday and 9:00am – 6:00pm Saturday & Sunday EASTERN TIME.</p><p>Ideal for professional color services including lightening, depositing, toning, maintenance, and finishing workflows.</p><p><strong>Supplier links:</strong> <a href=""https://www.sallybeauty.com/hair-color/other-products-and-applications/bleach-and-lightener/blue-powder-lightener-tub/SBS-320964.html"">Sally Beauty</a> | <a href=""https://www.amazon.com/s?k=Blue+Powder+Lightener+Tub"">Amazon</a> | <a href=""https://www.ebay.com/sch/i.html?_nkw=Blue+Powder+Lightener+Tub"">eBay</a></p>",Clairol Professional Kaleidocolors,Hair Coloring,"sallybeauty,hair-color,set10,bleach-lightener",TRUE,Title,Default Title,HCOLOR-SET10-004-320964,350,22,deny,manual,19.99,25.59,TRUE,TRUE,https://www.sallybeauty.com/dw/image/v2/BCSM_PRD/on/demandware.static/-/Sites-SBS-SallyBeautySupply/default/dwdc93f4fc/images/large/SBS-320964-1.jpg?sw=750&sh=750&sfrm=png,1,Blue Powder Lightener Tub product image 1,active
haircolor-set10-004-blue-powder-lightener-tub,,,,,,,,,,,,,,,,,,https://www.sallybeauty.com/dw/image/v2/BCSM_PRD/on/demandware.static/-/Sites-SBS-SallyBeautySupply/default/dwb42e29b5/images/large/SBS-320964-2.jpg?sw=750&sh=750&sfrm=png,2,Blue Powder Lightener Tub product image 2,
haircolor-set10-004-blue-powder-lightener-tub,,,,,,,,,,,,,,,,,,https://www.sallybeauty.com/dw/image/v2/BCSM_PRD/on/demandware.static/-/Sites-SBS-SallyBeautySupply/default/dw433ae6bf/images/large/SBS-320964-3.jpg?sw=750&sh=750&sfrm=png,3,Blue Powder Lightener Tub product image 3,
haircolor-set10-004-blue-powder-lightener-tub,,,,,,,,,,,,,,,,,,https://www.sallybeauty.com/dw/image/v2/BCSM_PRD/on/demandware.static/-/Sites-SBS-SallyBeautySupply/default/dw5d8ad0a5/images/large/SBS-320964-4.jpg?sw=750&sh=750&sfrm=png,4,Blue Powder Lightener Tub product image 4,
haircolor-set10-004-blue-powder-lightener-tub,,,,,,,,,,,,,,,,,,https://www.sallybeauty.com/dw/image/v2/BCSM_PRD/on/demandware.static/-/Sites-SBS-SallyBeautySupply/default/dw82229c16/images/large/SBS-320964.jpg?sw=750&sh=750&sfrm=png,5,Blue Powder Lightener Tub product image 5,
haircolor-set10-005-bonding-technology-lightener-tub-16-oz,Bonding Technology Lightener Tub 16 oz,"<p><strong>Bonding Technology Lightener Tub 16 oz</strong> is a salon-ready bleach lightener product from bondbar.</p><p>Reduces damage and breakage compared to standard lightener Cruelty free*, Vegan, Phthalate free, and Paraben free Protects & hydrates hair bonds Maintains integrity of the hair For all hair types & textures Available in 1oz or 16oz *Finished product not tested on animals. bondbar Bonding Technology Lightener is an innovative formula designed to protect and hydrate hair bonds during the lightening process. Compared to traditional lighteners, this on- and off-scalp powder formula reduces the potential for damage and maintains the integrity of all hair types and textures. This product is formulated to be Vegan, Cruelty-Free*, Phthalate-Free and Paraben-Free. To reduce breakage, add bondbar Bonding Booster to the bondbar Bonding Technology Lightener mixture, and follow processing with bondbar Bonding Recovery. To improve combability on wet hair, add bondbar Bonding Booster to the bondbar Bonding Technology Lightener mixture, and follow processing with bondbar Bonding Recovery. For best results, use with bondbar Creme Developer at a 1:2 ratio. *Finished product not tested on animals</p><p>Ideal for professional color services including lightening, depositing, toning, maintenance, and finishing workflows.</p><p><strong>Supplier links:</strong> <a href=""https://www.sallybeauty.com/hair-color/other-products-and-applications/bleach-and-lightener/bonding-technology-lightener-tub-16-oz/SBS-018740.html"">Sally Beauty</a> | <a href=""https://www.amazon.com/s?k=Bonding+Technology+Lightener+Tub+16+oz"">Amazon</a> | <a href=""https://www.ebay.com/sch/i.html?_nkw=Bonding+Technology+Lightener+Tub+16+oz"">eBay</a></p>",bondbar,Hair Coloring,"sallybeauty,hair-color,set10,bleach-lightener",TRUE,Title,Default Title,HCOLOR-SET10-005-018740,350,23,deny,manual,25.49,32.63,TRUE,TRUE,https://www.sallybeauty.com/dw/image/v2/BCSM_PRD/on/demandware.static/-/Sites-SBS-SallyBeautySupply/default/dwa0f3998d/images/large/SBS-018740-1.jpg?sw=750&sh=750&sfrm=png,1,Bonding Technology Lightener Tub 16 oz product image 1,active
haircolor-set10-005-bonding-technology-lightener-tub-16-oz,,,,,,,,,,,,,,,,,,https://www.sallybeauty.com/dw/image/v2/BCSM_PRD/on/demandware.static/-/Sites-SBS-SallyBeautySupply/default/dw364c34f8/images/large/SBS-018740.jpg?sw=750&sh=750&sfrm=png,2,Bonding Technology Lightener Tub 16 oz product image 2,
haircolor-set10-005-bonding-technology-lightener-tub-16-oz,,,,,,,,,,,,,,,,,,https://www.sallybeauty.com/dw/image/v2/BCSM_PRD/on/demandware.static/-/Sites-SBS-SallyBeautySupply/default/dwa0f3998d/images/large/SBS-018740-1.jpg?sw=1500&sh=1500&sfrm=png,3,Bonding Technology Lightener Tub 16 oz product image 3,
haircolor-set10-005-bonding-technology-lightener-tub-16-oz,,,,,,,,,,,,,,,,,,https://www.sallybeauty.com/dw/image/v2/BCSM_PRD/on/demandware.static/-/Sites-SBS-SallyBeautySupply/default/dwa0f3998d/images/large/SBS-018740-1.png?sw=650&sh=650,4,Bonding Technology Lightener Tub 16 oz product image 4,
haircolor-set10-005-bonding-technology-lightener-tub-16-oz,,,,,,,,,,,,,,,,,,https://www.sallybeauty.com/dw/image/v2/BCSM_PRD/on/demandware.static/-/Sites-SBS-SallyBeautySupply/default/dw364c34f8/images/large/SBS-018740.jpg?sw=1500&sh=1500&sfrm=png,5,Bonding Technology Lightener Tub 16 oz product image 5,
haircolor-set10-006-clear-ice-powder-lightener-packette,Clear Ice Powder Lightener Packette,"<p><strong>Clear Ice Powder Lightener Packette</strong> is a salon-ready bleach lightener product from Clairol Professional Kaleidocolors.</p><p>Ideal for balayage and highlights Lightens hair up to 6 levels Lightener for all hair colors Clairol Professional(R) Kaleidocolors Clear Ice is a clay-based tonal powder lightener for use on all hair colors. Ideal for balayage and highlights. Lightens hair up to 6 levels. MIXING RATIO: 1:2 with 20 Vol Clairol Professional(R) Crème Permanente Developer DO NOT USE HEAT. Clairol Professional Help Line: 1-800-221-4900 Hotlines are open from 8:30am to 8:30pm Monday – Friday and 9:00am – 6:00pm Saturday & Sunday EASTERN TIME.</p><p>Ideal for professional color services including lightening, depositing, toning, maintenance, and finishing workflows.</p><p><strong>Supplier links:</strong> <a href=""https://www.sallybeauty.com/hair-color/other-products-and-applications/bleach-and-lightener/clear-ice-powder-lightener-packette/SBS-320974.html"">Sally Beauty</a> | <a href=""https://www.amazon.com/s?k=Clear+Ice+Powder+Lightener+Packette"">Amazon</a> | <a href=""https://www.ebay.com/sch/i.html?_nkw=Clear+Ice+Powder+Lightener+Packette"">eBay</a></p>",Clairol Professional Kaleidocolors,Hair Coloring,"sallybeauty,hair-color,set10,bleach-lightener",TRUE,Title,Default Title,HCOLOR-SET10-006-320974,350,24,deny,manual,6.99,8.95,TRUE,TRUE,https://www.sallybeauty.com/dw/image/v2/BCSM_PRD/on/demandware.static/-/Sites-SBS-SallyBeautySupply/default/dw93d2eb33/images/large/SBS-320974-1.jpg?sw=750&sh=750&sfrm=png,1,Clear Ice Powder Lightener Packette product image 1,active
haircolor-set10-006-clear-ice-powder-lightener-packette,,,,,,,,,,,,,,,,,,https://www.sallybeauty.com/dw/image/v2/BCSM_PRD/on/demandware.static/-/Sites-SBS-SallyBeautySupply/default/dwdfcc70c4/images/large/SBS-320974-2.jpg?sw=750&sh=750&sfrm=png,2,Clear Ice Powder Lightener Packette product image 2,
haircolor-set10-006-clear-ice-powder-lightener-packette,,,,,,,,,,,,,,,,,,https://www.sallybeauty.com/dw/image/v2/BCSM_PRD/on/demandware.static/-/Sites-SBS-SallyBeautySupply/default/dw284b9ce2/images/large/SBS-320974-3.jpg?sw=750&sh=750&sfrm=png,3,Clear Ice Powder Lightener Packette product image 3,
haircolor-set10-006-clear-ice-powder-lightener-packette,,,,,,,,,,,,,,,,,,https://www.sallybeauty.com/dw/image/v2/BCSM_PRD/on/demandware.static/-/Sites-SBS-SallyBeautySupply/default/dw0b3b81e6/images/large/SBS-320974.jpg?sw=750&sh=750&sfrm=png,4,Clear Ice Powder Lightener Packette product image 4,
haircolor-set10-006-clear-ice-powder-lightener-packette,,,,,,,,,,,,,,,,,,https://www.sallybeauty.com/dw/image/v2/BCSM_PRD/on/demandware.static/-/Sites-SBS-SallyBeautySupply/default/dw93d2eb33/images/large/SBS-320974-1.jpg?sw=1500&sh=1500&sfrm=png,5,Clear Ice Powder Lightener Packette product image 5,
haircolor-set10-007-curl-lights-step-1-lightening-cream,Curl Lights Step 1: Lightening Cream,"<p><strong>Curl Lights Step 1: Lightening Cream</strong> is a salon-ready bleach lightener product from Matrix.</p><p>Creamy texture that applies easily, looks + feels caring on curls. Formula is infused with beeswax and ceramides. Ideal for curly and coily hair Can lift up to 5 levels Curl Pattern Preserving Lightening System with ammonia-free formula that provides up to 5 levels of lift in 15 minutes.</p><p>Ideal for professional color services including lightening, depositing, toning, maintenance, and finishing workflows.</p><p><strong>Supplier links:</strong> <a href=""https://www.sallybeauty.com/hair-color/other-products-and-applications/bleach-and-lightener/curl-lights-step-1-lightening-cream/SBS-009031.html"">Sally Beauty</a> | <a href=""https://www.amazon.com/s?k=Curl+Lights+Step+1%3A+Lightening+Cream"">Amazon</a> | <a href=""https://www.ebay.com/sch/i.html?_nkw=Curl+Lights+Step+1%3A+Lightening+Cream"">eBay</a></p>",Matrix,Hair Coloring,"sallybeauty,hair-color,set10,bleach-lightener",TRUE,Title,Default Title,HCOLOR-SET10-007-009031,350,25,deny,manual,7.64,9.78,TRUE,TRUE,https://www.sallybeauty.com/dw/image/v2/BCSM_PRD/on/demandware.static/-/Sites-SBS-SallyBeautySupply/default/dw0b4cbfeb/images/large/SBS-009031-1.jpg?sw=750&sh=750&sfrm=png,1,Curl Lights Step 1: Lightening Cream product image 1,active
haircolor-set10-007-curl-lights-step-1-lightening-cream,,,,,,,,,,,,,,,,,,https://www.sallybeauty.com/dw/image/v2/BCSM_PRD/on/demandware.static/-/Sites-SBS-SallyBeautySupply/default/dw4543a4f8/images/large/SBS-009031-2.jpg?sw=750&sh=750&sfrm=png,2,Curl Lights Step 1: Lightening Cream product image 2,
haircolor-set10-007-curl-lights-step-1-lightening-cream,,,,,,,,,,,,,,,,,,https://www.sallybeauty.com/dw/image/v2/BCSM_PRD/on/demandware.static/-/Sites-SBS-SallyBeautySupply/default/dw9e013b50/images/large/SBS-009031-3.jpg?sw=750&sh=750&sfrm=png,3,Curl Lights Step 1: Lightening Cream product image 3,
haircolor-set10-007-curl-lights-step-1-lightening-cream,,,,,,,,,,,,,,,,,,https://www.sallybeauty.com/dw/image/v2/BCSM_PRD/on/demandware.static/-/Sites-SBS-SallyBeautySupply/default/dw29eab835/images/large/SBS-009031-4.jpg?sw=750&sh=750&sfrm=png,4,Curl Lights Step 1: Lightening Cream product image 4,
haircolor-set10-007-curl-lights-step-1-lightening-cream,,,,,,,,,,,,,,,,,,https://www.sallybeauty.com/dw/image/v2/BCSM_PRD/on/demandware.static/-/Sites-SBS-SallyBeautySupply/default/dwc5802983/images/large/SBS-009031.jpg?sw=750&sh=750&sfrm=png,5,Curl Lights Step 1: Lightening Cream product image 5,
haircolor-set10-008-hair-lightening-kit,Hair Lightening Kit,"<p><strong>Hair Lightening Kit</strong> is a salon-ready bleach lightener product from Good Dye Young.</p><p>Dust-free Powder Lightener contains Cococut Oil and Soy Protein to add condition and strength to the hair during the lightening process New and improved formulation is Vegan and Cruelty Free Larger size of 4oz. for more coverage Lightening Kit is what you need to lighten the hair and open the cuticle, to properly receive our ultra vibrant Semi-Permanent pigments. Our Lightening Kit uses a 25 Volume Creme Developer, gentle enough for light brown hair but powerful enough to lighten darker hair as well. The Dust-Free Powder Lightener contains naturally-derived actives to help condition and protect the hair while lightening it, to minimize damage from the lightening process. Formula is Vegan and Cruelty Free. ""Hair is one of the coolest and easiest tools that we have for self-expression. It's your own personal megaphone…and it's attached to your head!' -Hayley Williams, Founder of Good Dye Young & Lead Singer of Paramore. Good Dye Young supports artistry, creativity and self-expression. We believe happiness and confidence is the most beautiful you. We want to see you be #beautifullyobnoxious and rock it.</p><p>Ideal for professional color services including lightening, depositing, toning, maintenance, and finishing workflows.</p><p><strong>Supplier links:</strong> <a href=""https://www.sallybeauty.com/hair-color/other-products-and-applications/bleach-and-lightener/hair-lightening-kit/SBS-003474.html"">Sally Beauty</a> | <a href=""https://www.amazon.com/s?k=Hair+Lightening+Kit"">Amazon</a> | <a href=""https://www.ebay.com/sch/i.html?_nkw=Hair+Lightening+Kit"">eBay</a></p>",Good Dye Young,Hair Coloring,"sallybeauty,hair-color,set10,bleach-lightener",TRUE,Title,Default Title,HCOLOR-SET10-008-003474,350,26,deny,manual,18.99,24.31,TRUE,TRUE,https://www.sallybeauty.com/dw/image/v2/BCSM_PRD/on/demandware.static/-/Sites-SBS-SallyBeautySupply/default/dw5f16637b/images/large/SBS-003474-1.jpg?sw=750&sh=750&sfrm=png,1,Hair Lightening Kit product image 1,active
haircolor-set10-008-hair-lightening-kit,,,,,,,,,,,,,,,,,,https://www.sallybeauty.com/dw/image/v2/BCSM_PRD/on/demandware.static/-/Sites-SBS-SallyBeautySupply/default/dwc1f53c30/images/large/SBS-003474-2.jpg?sw=750&sh=750&sfrm=png,2,Hair Lightening Kit product image 2,
haircolor-set10-008-hair-lightening-kit,,,,,,,,,,,,,,,,,,https://www.sallybeauty.com/dw/image/v2/BCSM_PRD/on/demandware.static/-/Sites-SBS-SallyBeautySupply/default/dw55f0fa0d/images/large/SBS-003474-3.jpg?sw=750&sh=750&sfrm=png,3,Hair Lightening Kit product image 3,
haircolor-set10-008-hair-lightening-kit,,,,,,,,,,,,,,,,,,https://www.sallybeauty.com/dw/image/v2/BCSM_PRD/on/demandware.static/-/Sites-SBS-SallyBeautySupply/default/dw436efcaf/images/large/SBS-003474-4.jpg?sw=750&sh=750&sfrm=png,4,Hair Lightening Kit product image 4,
haircolor-set10-008-hair-lightening-kit,,,,,,,,,,,,,,,,,,https://www.sallybeauty.com/dw/image/v2/BCSM_PRD/on/demandware.static/-/Sites-SBS-SallyBeautySupply/default/dw28ab9463/images/large/SBS-003474-5.jpg?sw=750&sh=750&sfrm=png,5,Hair Lightening Kit product image 5,
haircolor-set10-009-10-volume-cr-me-developer-4-oz,10 Volume Crème Developer 4 Oz,"<p><strong>10 Volume Crème Developer 4 Oz</strong> is a salon-ready developer product from bondbar.</p><p>Cruelty-Free*, Paraben-Free, & Vegan Easily mixable with chosen hair color For all hair types & textures Recyclable bottle bondbar is a bond building repair system that helps to protect, strengthen and hydrate hair. bondbar Crème Developer is made for all hair types and textures, and seamlessly mixes with your choice of bondbar Permanent Crème Hair Color. Developed to be Vegan, Cruelty-Free*, Paraben-Free, Mineral Oil-Free, Petrolatum-Free, Gluten-Free and Fragrance-Free. *Finished product not tested on animals *Limit 6 per order for non-professional customers. Limit 24 per order for professional customers.</p><p>Ideal for professional color services including lightening, depositing, toning, maintenance, and finishing workflows.</p><p><strong>Supplier links:</strong> <a href=""https://www.sallybeauty.com/hair-color/other-products-and-applications/developer/10-volume-cr%C3%A8me-developer-4-oz/SBS-015615.html"">Sally Beauty</a> | <a href=""https://www.amazon.com/s?k=10+Volume+Cr%C3%A8me+Developer+4+Oz"">Amazon</a> | <a href=""https://www.ebay.com/sch/i.html?_nkw=10+Volume+Cr%C3%A8me+Developer+4+Oz"">eBay</a></p>",bondbar,Hair Coloring,"sallybeauty,hair-color,set10,developer",TRUE,Title,Default Title,HCOLOR-SET10-009-015615,350,27,deny,manual,7.49,9.59,TRUE,TRUE,https://www.sallybeauty.com/dw/image/v2/BCSM_PRD/on/demandware.static/-/Sites-SBS-SallyBeautySupply/default/dw7a1441dc/images/large/SBS-015615-1.jpg?sw=750&sh=750&sfrm=png,1,10 Volume Crème Developer 4 Oz product image 1,active
haircolor-set10-009-10-volume-cr-me-developer-4-oz,,,,,,,,,,,,,,,,,,https://www.sallybeauty.com/dw/image/v2/BCSM_PRD/on/demandware.static/-/Sites-SBS-SallyBeautySupply/default/dwa741f118/images/large/SBS-015615.jpg?sw=750&sh=750&sfrm=png,2,10 Volume Crème Developer 4 Oz product image 2,
haircolor-set10-009-10-volume-cr-me-developer-4-oz,,,,,,,,,,,,,,,,,,https://www.sallybeauty.com/dw/image/v2/BCSM_PRD/on/demandware.static/-/Sites-SBS-SallyBeautySupply/default/dw7a1441dc/images/large/SBS-015615-1.jpg?sw=1500&sh=1500&sfrm=png,3,10 Volume Crème Developer 4 Oz product image 3,
haircolor-set10-009-10-volume-cr-me-developer-4-oz,,,,,,,,,,,,,,,,,,https://www.sallybeauty.com/dw/image/v2/BCSM_PRD/on/demandware.static/-/Sites-SBS-SallyBeautySupply/default/dw7a1441dc/images/large/SBS-015615-1.png?sw=650&sh=650,4,10 Volume Crème Developer 4 Oz product image 4,
haircolor-set10-009-10-volume-cr-me-developer-4-oz,,,,,,,,,,,,,,,,,,https://www.sallybeauty.com/dw/image/v2/BCSM_PRD/on/demandware.static/-/Sites-SBS-SallyBeautySupply/default/dwa741f118/images/large/SBS-015615.jpg?sw=1500&sh=1500&sfrm=png,5,10 Volume Crème Developer 4 Oz product image 5,
haircolor-set10-010-20-volume-cream-developer-32-oz,20 Volume Cream Developer 32 Oz,"<p><strong>20 Volume Cream Developer 32 Oz</strong> is a salon-ready developer product from Wella colorcharm.</p><p>Use with all permanent hair color Excellent gray coverage Great conditioning Wella colorcharm 20 Volume Creme Developer Formulated specifically for colorcharm haircolor. Specially stabilized for use with all permanent haircolors. Great for covering white/gray hair or lightening natural hair color. Use whenever coloring directions call for 20 volume developer. *Limit 6 per order for non-professional customers. Limit 24 per order for professional customers. Wella Help Line: 1-866-722-4146 Our hotlines are open from 8:30am to 8:30pm Monday – Friday and 9:00am – 6:00pm Saturday & Sunday EASTERN TIME.</p><p>Ideal for professional color services including lightening, depositing, toning, maintenance, and finishing workflows.</p><p><strong>Supplier links:</strong> <a href=""https://www.sallybeauty.com/hair-color/other-products-and-applications/developer/20-volume-cream-developer-32-oz/SBS-800281.html"">Sally Beauty</a> | <a href=""https://www.amazon.com/s?k=20+Volume+Cream+Developer+32+Oz"">Amazon</a> | <a href=""https://www.ebay.com/sch/i.html?_nkw=20+Volume+Cream+Developer+32+Oz"">eBay</a></p>",Wella colorcharm,Hair Coloring,"sallybeauty,hair-color,set10,developer",TRUE,Title,Default Title,HCOLOR-SET10-010-800281,350,28,deny,manual,9.99,12.79,TRUE,TRUE,https://www.sallybeauty.com/dw/image/v2/BCSM_PRD/on/demandware.static/-/Sites-SBS-SallyBeautySupply/default/dw733af857/images/large/SBS-800281-1.jpg?sw=750&sh=750&sfrm=png,1,20 Volume Cream Developer 32 Oz product image 1,active
haircolor-set10-010-20-volume-cream-developer-32-oz,,,,,,,,,,,,,,,,,,https://www.sallybeauty.com/dw/image/v2/BCSM_PRD/on/demandware.static/-/Sites-SBS-SallyBeautySupply/default/dw6ec1a283/images/large/SBS-800281.jpg?sw=750&sh=750&sfrm=png,2,20 Volume Cream Developer 32 Oz product image 2,
haircolor-set10-010-20-volume-cream-developer-32-oz,,,,,,,,,,,,,,,,,,https://www.sallybeauty.com/dw/image/v2/BCSM_PRD/on/demandware.static/-/Sites-SBS-SallyBeautySupply/default/dw733af857/images/large/SBS-800281-1.jpg?sw=1500&sh=1500&sfrm=png,3,20 Volume Cream Developer 32 Oz product image 3,
haircolor-set10-010-20-volume-cream-developer-32-oz,,,,,,,,,,,,,,,,,,https://www.sallybeauty.com/dw/image/v2/BCSM_PRD/on/demandware.static/-/Sites-SBS-SallyBeautySupply/default/dw733af857/images/large/SBS-800281-1.png?sw=650&sh=650,4,20 Volume Cream Developer 32 Oz product image 4,
haircolor-set10-010-20-volume-cream-developer-32-oz,,,,,,,,,,,,,,,,,,https://www.sallybeauty.com/dw/image/v2/BCSM_PRD/on/demandware.static/-/Sites-SBS-SallyBeautySupply/default/dw6ec1a283/images/large/SBS-800281.jpg?sw=1500&sh=1500&sfrm=png,5,20 Volume Cream Developer 32 Oz product image 5,
haircolor-set10-011-20-volume-developer,20 Volume Developer,"<p><strong>20 Volume Developer</strong> is a salon-ready developer product from All About Curls All About Curls Hair Color.</p><p>Perfect compliment to All About Curls Permanent Hair Color 20 volume developer gives standard lift when coloring hair Ready to unleash your curl power? All About Curls Permanent Haircolor, a quenching color for curls line, is created for naturally curly and very curly hair of any texture or tone to deliver nourished, defined* and vibrantly colored curls. Join the celebation and embrace extraordinary strands with professional haircolor designed for all the world's curls. It's color with a twist... 360° coverage for protection, hydration and radiant color! *when used with All About Curls Curl Quench After-Color Conditioner Use All About Curls 20 volume developer with All About Curls Permanent Hair Color. Click here to view. *Limit 6 per order for non-professional customers. Limit 24 per order for professional customers.</p><p>Ideal for professional color services including lightening, depositing, toning, maintenance, and finishing workflows.</p><p><strong>Supplier links:</strong> <a href=""https://www.sallybeauty.com/hair-color/other-products-and-applications/developer/20-volume-developer/SBS-007012.html"">Sally Beauty</a> | <a href=""https://www.amazon.com/s?k=20+Volume+Developer"">Amazon</a> | <a href=""https://www.ebay.com/sch/i.html?_nkw=20+Volume+Developer"">eBay</a></p>",All About Curls All About Curls Hair Color,Hair Coloring,"sallybeauty,hair-color,set10,developer",TRUE,Title,Default Title,HCOLOR-SET10-011-007012,350,29,deny,manual,1.50,1.92,TRUE,TRUE,https://www.sallybeauty.com/dw/image/v2/BCSM_PRD/on/demandware.static/-/Sites-SBS-SallyBeautySupply/default/dwcb0c94db/images/large/SBS-007012-1.jpg?sw=750&sh=750&sfrm=png,1,20 Volume Developer product image 1,active
haircolor-set10-011-20-volume-developer,,,,,,,,,,,,,,,,,,https://www.sallybeauty.com/dw/image/v2/BCSM_PRD/on/demandware.static/-/Sites-SBS-SallyBeautySupply/default/dw63ce97f4/images/large/SBS-007012.jpg?sw=750&sh=750&sfrm=png,2,20 Volume Developer product image 2,
haircolor-set10-011-20-volume-developer,,,,,,,,,,,,,,,,,,https://www.sallybeauty.com/dw/image/v2/BCSM_PRD/on/demandware.static/-/Sites-SBS-SallyBeautySupply/default/dwcb0c94db/images/large/SBS-007012-1.jpg?sw=1500&sh=1500&sfrm=png,3,20 Volume Developer product image 3,
haircolor-set10-011-20-volume-developer,,,,,,,,,,,,,,,,,,https://www.sallybeauty.com/dw/image/v2/BCSM_PRD/on/demandware.static/-/Sites-SBS-SallyBeautySupply/default/dwcb0c94db/images/large/SBS-007012-1.png?sw=650&sh=650,4,20 Volume Developer product image 4,
haircolor-set10-011-20-volume-developer,,,,,,,,,,,,,,,,,,https://www.sallybeauty.com/dw/image/v2/BCSM_PRD/on/demandware.static/-/Sites-SBS-SallyBeautySupply/default/dw63ce97f4/images/large/SBS-007012.jpg?sw=1500&sh=1500&sfrm=png,5,20 Volume Developer product image 5,
haircolor-set10-012-20-volume-gentle-creme-developer-4-oz,20 Volume Gentle Creme Developer 4 Oz,"<p><strong>20 Volume Gentle Creme Developer 4 Oz</strong> is a salon-ready developer product from AGEbeautiful.</p><p>Use with bowl or brush Soft floral fragrance Gentle creme AGEbeautiful dedicated gentle creme developer was developed for use with AGEbeautiful permanent liqui-creme haircolor. Together they provide the perfect viscosity for use with bowl and brush or applicator bottle. AGEbeautiful dedicated gentle crème developer has a soft floral fragrance. 20 Volume: Lifts hair 1 to 2 levels depending on the color chosen (this means if your natural hair color is a 6N this developer will lift your color up to an 8N) *Limit 6 per order for non-professional customers. Limit 24 per order for professional customers. ZOTOS PROFESSIONAL CONTACT INFORMATION Our Zotos Professional Stylists are currently available to answer product and technical questions and provide personal hair recommendations for our hair color, hair care, styling and perm collections. CALL US For consumer questions, comments and additional information, please contact our hotline at: 1-800-242-9283 x7859. HOURS OF OPERATION: October through the end of May: 9:00am – 8:00pm EST Monday through Friday June through the end of September: 8:30am – 8:00pm EST Monday through Thursday 8:30am – 5:00pm EST Friday</p><p>Ideal for professional color services including lightening, depositing, toning, maintenance, and finishing workflows.</p><p><strong>Supplier links:</strong> <a href=""https://www.sallybeauty.com/hair-color/other-products-and-applications/developer/20-volume-gentle-creme-developer-4-oz/SBS-124600.html"">Sally Beauty</a> | <a href=""https://www.amazon.com/s?k=20+Volume+Gentle+Creme+Developer+4+Oz"">Amazon</a> | <a href=""https://www.ebay.com/sch/i.html?_nkw=20+Volume+Gentle+Creme+Developer+4+Oz"">eBay</a></p>",AGEbeautiful,Hair Coloring,"sallybeauty,hair-color,set10,developer",TRUE,Title,Default Title,HCOLOR-SET10-012-124600,350,30,deny,manual,5.79,7.41,TRUE,TRUE,https://www.sallybeauty.com/dw/image/v2/BCSM_PRD/on/demandware.static/-/Sites-SBS-SallyBeautySupply/default/dwec20ef0f/images/large/SBS-124600-1.jpg?sw=750&sh=750&sfrm=png,1,20 Volume Gentle Creme Developer 4 Oz product image 1,active
haircolor-set10-012-20-volume-gentle-creme-developer-4-oz,,,,,,,,,,,,,,,,,,https://www.sallybeauty.com/dw/image/v2/BCSM_PRD/on/demandware.static/-/Sites-SBS-SallyBeautySupply/default/dwfe69815b/images/large/SBS-124600.jpg?sw=750&sh=750&sfrm=png,2,20 Volume Gentle Creme Developer 4 Oz product image 2,
haircolor-set10-012-20-volume-gentle-creme-developer-4-oz,,,,,,,,,,,,,,,,,,https://www.sallybeauty.com/dw/image/v2/BCSM_PRD/on/demandware.static/-/Sites-SBS-SallyBeautySupply/default/dwec20ef0f/images/large/SBS-124600-1.jpg?sw=1500&sh=1500&sfrm=png,3,20 Volume Gentle Creme Developer 4 Oz product image 3,
haircolor-set10-012-20-volume-gentle-creme-developer-4-oz,,,,,,,,,,,,,,,,,,https://www.sallybeauty.com/dw/image/v2/BCSM_PRD/on/demandware.static/-/Sites-SBS-SallyBeautySupply/default/dwec20ef0f/images/large/SBS-124600-1.png?sw=650&sh=650,4,20 Volume Gentle Creme Developer 4 Oz product image 4,
haircolor-set10-012-20-volume-gentle-creme-developer-4-oz,,,,,,,,,,,,,,,,,,https://www.sallybeauty.com/dw/image/v2/BCSM_PRD/on/demandware.static/-/Sites-SBS-SallyBeautySupply/default/dwfe69815b/images/large/SBS-124600.jpg?sw=1500&sh=1500&sfrm=png,5,20 Volume Gentle Creme Developer 4 Oz product image 5,
haircolor-set10-013-bright-white-sensitive-scalp-developer-10-volume,Bright White Sensitive Scalp Developer 10 Volume,"<p><strong>Bright White Sensitive Scalp Developer 10 Volume</strong> is a salon-ready developer product from ion Color Brilliance.</p><p>The creamy formula mixes easily with any hair coloring or lightening product Infused with plant proteins, argan oil, aloe vera, coconut oil, and rapeseed Vegan, cruelty-free (product not tested on animals), paraben-free Formulated in Italy, Ion Bright White Sensitive Scalp Developers contains plant proteins, argan oil, aloe vera, coconut oil, and rapeseed to help nourish, condition, and protect. *Limit 6 per order for non-professional customers. Limit 24 per order for professional customers.</p><p>Ideal for professional color services including lightening, depositing, toning, maintenance, and finishing workflows.</p><p><strong>Supplier links:</strong> <a href=""https://www.sallybeauty.com/hair-color/other-products-and-applications/developer/bright-white-sensitive-scalp-developer-10-volume/SBS-305030.html"">Sally Beauty</a> | <a href=""https://www.amazon.com/s?k=Bright+White+Sensitive+Scalp+Developer+10+Volume"">Amazon</a> | <a href=""https://www.ebay.com/sch/i.html?_nkw=Bright+White+Sensitive+Scalp+Developer+10+Volume"">eBay</a></p>",ion Color Brilliance,Hair Coloring,"sallybeauty,hair-color,set10,developer",TRUE,Title,Default Title,HCOLOR-SET10-013-305030,350,31,deny,manual,5.19,6.64,TRUE,TRUE,https://www.sallybeauty.com/dw/image/v2/BCSM_PRD/on/demandware.static/-/Sites-SBS-SallyBeautySupply/default/dw78778a7d/images/large/SBS-305030-1.jpg?sw=750&sh=750&sfrm=png,1,Bright White Sensitive Scalp Developer 10 Volume product image 1,active
haircolor-set10-013-bright-white-sensitive-scalp-developer-10-volume,,,,,,,,,,,,,,,,,,https://www.sallybeauty.com/dw/image/v2/BCSM_PRD/on/demandware.static/-/Sites-SBS-SallyBeautySupply/default/dwf64e1e74/images/large/SBS-305030.jpg?sw=750&sh=750&sfrm=png,2,Bright White Sensitive Scalp Developer 10 Volume product image 2,
haircolor-set10-013-bright-white-sensitive-scalp-developer-10-volume,,,,,,,,,,,,,,,,,,https://www.sallybeauty.com/dw/image/v2/BCSM_PRD/on/demandware.static/-/Sites-SBS-SallyBeautySupply/default/dw78778a7d/images/large/SBS-305030-1.jpg?sw=1500&sh=1500&sfrm=png,3,Bright White Sensitive Scalp Developer 10 Volume product image 3,
haircolor-set10-013-bright-white-sensitive-scalp-developer-10-volume,,,,,,,,,,,,,,,,,,https://www.sallybeauty.com/dw/image/v2/BCSM_PRD/on/demandware.static/-/Sites-SBS-SallyBeautySupply/default/dw78778a7d/images/large/SBS-305030-1.png?sw=650&sh=650,4,Bright White Sensitive Scalp Developer 10 Volume product image 4,
haircolor-set10-013-bright-white-sensitive-scalp-developer-10-volume,,,,,,,,,,,,,,,,,,https://www.sallybeauty.com/dw/image/v2/BCSM_PRD/on/demandware.static/-/Sites-SBS-SallyBeautySupply/default/dwf64e1e74/images/large/SBS-305030.jpg?sw=1500&sh=1500&sfrm=png,5,Bright White Sensitive Scalp Developer 10 Volume product image 5,
haircolor-set10-014-bright-white-sensitive-scalp-developer-20-volume,Bright White Sensitive Scalp Developer 20 Volume,"<p><strong>Bright White Sensitive Scalp Developer 20 Volume</strong> is a salon-ready developer product from ion Color Brilliance.</p><p>Infused with plant proteins, argan oil, aloe vera, coconut oil, and rapeseed Creamy formula mixes easily with any hair coloring or lightening product Vegan, cruelty-free (product not tested on animals), paraben-free Formulated in Italy, Ion Bright White Sensitive Scalp Developers contains plant proteins, argan oil, aloe vera, coconut oil, and rapeseed to help nourish, condition, and protect. *Limit 6 per order for non-professional customers. Limit 24 per order for professional customers.</p><p>Ideal for professional color services including lightening, depositing, toning, maintenance, and finishing workflows.</p><p><strong>Supplier links:</strong> <a href=""https://www.sallybeauty.com/hair-color/other-products-and-applications/developer/bright-white-sensitive-scalp-developer-20-volume/SBS-305031.html"">Sally Beauty</a> | <a href=""https://www.amazon.com/s?k=Bright+White+Sensitive+Scalp+Developer+20+Volume"">Amazon</a> | <a href=""https://www.ebay.com/sch/i.html?_nkw=Bright+White+Sensitive+Scalp+Developer+20+Volume"">eBay</a></p>",ion Color Brilliance,Hair Coloring,"sallybeauty,hair-color,set10,developer",TRUE,Title,Default Title,HCOLOR-SET10-014-305031,350,32,deny,manual,5.19,6.64,TRUE,TRUE,https://www.sallybeauty.com/dw/image/v2/BCSM_PRD/on/demandware.static/-/Sites-SBS-SallyBeautySupply/default/dw8e5b1a56/images/large/SBS-305031-1.jpg?sw=750&sh=750&sfrm=png,1,Bright White Sensitive Scalp Developer 20 Volume product image 1,active
haircolor-set10-014-bright-white-sensitive-scalp-developer-20-volume,,,,,,,,,,,,,,,,,,https://www.sallybeauty.com/dw/image/v2/BCSM_PRD/on/demandware.static/-/Sites-SBS-SallyBeautySupply/default/dw195b9563/images/large/SBS-305031.jpg?sw=750&sh=750&sfrm=png,2,Bright White Sensitive Scalp Developer 20 Volume product image 2,
haircolor-set10-014-bright-white-sensitive-scalp-developer-20-volume,,,,,,,,,,,,,,,,,,https://www.sallybeauty.com/dw/image/v2/BCSM_PRD/on/demandware.static/-/Sites-SBS-SallyBeautySupply/default/dw8e5b1a56/images/large/SBS-305031-1.jpg?sw=1500&sh=1500&sfrm=png,3,Bright White Sensitive Scalp Developer 20 Volume product image 3,
haircolor-set10-014-bright-white-sensitive-scalp-developer-20-volume,,,,,,,,,,,,,,,,,,https://www.sallybeauty.com/dw/image/v2/BCSM_PRD/on/demandware.static/-/Sites-SBS-SallyBeautySupply/default/dw8e5b1a56/images/large/SBS-305031-1.png?sw=650&sh=650,4,Bright White Sensitive Scalp Developer 20 Volume product image 4,
haircolor-set10-014-bright-white-sensitive-scalp-developer-20-volume,,,,,,,,,,,,,,,,,,https://www.sallybeauty.com/dw/image/v2/BCSM_PRD/on/demandware.static/-/Sites-SBS-SallyBeautySupply/default/dw195b9563/images/large/SBS-305031.jpg?sw=1500&sh=1500&sfrm=png,5,Bright White Sensitive Scalp Developer 20 Volume product image 5,
haircolor-set10-015-cream-developer-30-volume,Cream Developer 30-Volume,"<p><strong>Cream Developer 30-Volume</strong> is a salon-ready developer product from Matrix.</p><p>Creamy rich formulas offer gentle controlled lightening action Up to 3 levels of lift Matrix Cream Developer is the dedicated developer for Matrix's hair color lines SOCOLOR and Curl Lights Lightening System. Matrix cream developer mixes hair color to an ideal consistency for controlled and precise applications. It is fully stabilized and buffered to ensure consistent and uniform color results. Creamy rich formulas offer gentle controlled lightening action. *Limit 6 per order for non-professional customers. Limit 24 per order for professional customers.</p><p>Ideal for professional color services including lightening, depositing, toning, maintenance, and finishing workflows.</p><p><strong>Supplier links:</strong> <a href=""https://www.sallybeauty.com/hair-color/other-products-and-applications/developer/cream-developer-30-volume/SBS-009032.html"">Sally Beauty</a> | <a href=""https://www.amazon.com/s?k=Cream+Developer+30-Volume"">Amazon</a> | <a href=""https://www.ebay.com/sch/i.html?_nkw=Cream+Developer+30-Volume"">eBay</a></p>",Matrix,Hair Coloring,"sallybeauty,hair-color,set10,developer",TRUE,Title,Default Title,HCOLOR-SET10-015-009032,350,18,deny,manual,11.09,14.20,TRUE,TRUE,https://www.sallybeauty.com/dw/image/v2/BCSM_PRD/on/demandware.static/-/Sites-SBS-SallyBeautySupply/default/dw27387627/images/large/SBS-009032-1.jpg?sw=750&sh=750&sfrm=png,1,Cream Developer 30-Volume product image 1,active
haircolor-set10-015-cream-developer-30-volume,,,,,,,,,,,,,,,,,,https://www.sallybeauty.com/dw/image/v2/BCSM_PRD/on/demandware.static/-/Sites-SBS-SallyBeautySupply/default/dw2e3fc50e/images/large/SBS-009032.jpg?sw=750&sh=750&sfrm=png,2,Cream Developer 30-Volume product image 2,
haircolor-set10-015-cream-developer-30-volume,,,,,,,,,,,,,,,,,,https://www.sallybeauty.com/dw/image/v2/BCSM_PRD/on/demandware.static/-/Sites-SBS-SallyBeautySupply/default/dw27387627/images/large/SBS-009032-1.jpg?sw=1500&sh=1500&sfrm=png,3,Cream Developer 30-Volume product image 3,
haircolor-set10-015-cream-developer-30-volume,,,,,,,,,,,,,,,,,,https://www.sallybeauty.com/dw/image/v2/BCSM_PRD/on/demandware.static/-/Sites-SBS-SallyBeautySupply/default/dw27387627/images/large/SBS-009032-1.png?sw=650&sh=650,4,Cream Developer 30-Volume product image 4,
haircolor-set10-015-cream-developer-30-volume,,,,,,,,,,,,,,,,,,https://www.sallybeauty.com/dw/image/v2/BCSM_PRD/on/demandware.static/-/Sites-SBS-SallyBeautySupply/default/dw2e3fc50e/images/large/SBS-009032.jpg?sw=1500&sh=1500&sfrm=png,5,Cream Developer 30-Volume product image 5,
haircolor-set10-016-cream-developer-40-volume-32-oz,Cream Developer 40 Volume 32 Oz,"<p><strong>Cream Developer 40 Volume 32 Oz</strong> is a salon-ready developer product from Matrix.</p><p>Creamy rich formulas offer gentle controlled lightening action Up to 4 levels of lift Matrix Cream Developer is the dedicated developer for Matrix's hair color lines SOCOLOR and Curl Lights Lightening System. Matrix cream developer mixes hair color to an ideal consistency for controlled and precise applications. It is fully stabilized and buffered to ensure consistent and uniform color results. Creamy rich formulas offer gentle controlled lightening action. *Limit 6 per order for non-professional customers. Limit 24 per order for professional customers.</p><p>Ideal for professional color services including lightening, depositing, toning, maintenance, and finishing workflows.</p><p><strong>Supplier links:</strong> <a href=""https://www.sallybeauty.com/hair-color/other-products-and-applications/developer/cream-developer-40-volume-32-oz/SBS-009033.html"">Sally Beauty</a> | <a href=""https://www.amazon.com/s?k=Cream+Developer+40+Volume+32+Oz"">Amazon</a> | <a href=""https://www.ebay.com/sch/i.html?_nkw=Cream+Developer+40+Volume+32+Oz"">eBay</a></p>",Matrix,Hair Coloring,"sallybeauty,hair-color,set10,developer",TRUE,Title,Default Title,HCOLOR-SET10-016-009033,350,19,deny,manual,11.09,14.20,TRUE,TRUE,https://www.sallybeauty.com/dw/image/v2/BCSM_PRD/on/demandware.static/-/Sites-SBS-SallyBeautySupply/default/dw87cd6646/images/large/SBS-009033-1.jpg?sw=750&sh=750&sfrm=png,1,Cream Developer 40 Volume 32 Oz product image 1,active
haircolor-set10-016-cream-developer-40-volume-32-oz,,,,,,,,,,,,,,,,,,https://www.sallybeauty.com/dw/image/v2/BCSM_PRD/on/demandware.static/-/Sites-SBS-SallyBeautySupply/default/dw7e3ce396/images/large/SBS-009033.jpg?sw=750&sh=750&sfrm=png,2,Cream Developer 40 Volume 32 Oz product image 2,
haircolor-set10-016-cream-developer-40-volume-32-oz,,,,,,,,,,,,,,,,,,https://www.sallybeauty.com/dw/image/v2/BCSM_PRD/on/demandware.static/-/Sites-SBS-SallyBeautySupply/default/dw87cd6646/images/large/SBS-009033-1.jpg?sw=1500&sh=1500&sfrm=png,3,Cream Developer 40 Volume 32 Oz product image 3,
haircolor-set10-016-cream-developer-40-volume-32-oz,,,,,,,,,,,,,,,,,,https://www.sallybeauty.com/dw/image/v2/BCSM_PRD/on/demandware.static/-/Sites-SBS-SallyBeautySupply/default/dw87cd6646/images/large/SBS-009033-1.png?sw=650&sh=650,4,Cream Developer 40 Volume 32 Oz product image 4,
haircolor-set10-016-cream-developer-40-volume-32-oz,,,,,,,,,,,,,,,,,,https://www.sallybeauty.com/dw/image/v2/BCSM_PRD/on/demandware.static/-/Sites-SBS-SallyBeautySupply/default/dw7e3ce396/images/large/SBS-009033.jpg?sw=1500&sh=1500&sfrm=png,5,Cream Developer 40 Volume 32 Oz product image 5,
haircolor-set10-017-cr-me-activator,Crème Activator,"<p><strong>Crème Activator</strong> is a salon-ready developer product from bondbar.</p><p>Easily mixable with chosen toner shade Cruelty-Free*, Paraben-Free, & Vegan For all hair types & textures Recyclable bottle *Finished product not tested on animals bondbar™ is a bond building system that helps to protect, strengthen and hydrate hair. bondbar™ Crème Activator is a 6 volume activator made for all hair types and textures, and seamlessly mixes with your choice of bondbar™ Bonding Toner shade or bondbar™ Bonding High Gloss Clear. Developed to be Vegan, Cruelty-Free*, Paraben-Free, Mineral Oil-Free, Petrolatum-Free, Gluten-Free and Fragrance-Free. *Finished product not tested on animals</p><p>Ideal for professional color services including lightening, depositing, toning, maintenance, and finishing workflows.</p><p><strong>Supplier links:</strong> <a href=""https://www.sallybeauty.com/hair-color/other-products-and-applications/developer/cr%C3%A8me-activator/SBS-018939.html"">Sally Beauty</a> | <a href=""https://www.amazon.com/s?k=Cr%C3%A8me+Activator"">Amazon</a> | <a href=""https://www.ebay.com/sch/i.html?_nkw=Cr%C3%A8me+Activator"">eBay</a></p>",bondbar,Hair Coloring,"sallybeauty,hair-color,set10,developer",TRUE,Title,Default Title,HCOLOR-SET10-017-018939,350,20,deny,manual,6.99,8.95,TRUE,TRUE,https://www.sallybeauty.com/dw/image/v2/BCSM_PRD/on/demandware.static/-/Sites-SBS-SallyBeautySupply/default/dw13a91b24/images/large/SBS-018939-1.jpg?sw=750&sh=750&sfrm=png,1,Crème Activator product image 1,active
haircolor-set10-017-cr-me-activator,,,,,,,,,,,,,,,,,,https://www.sallybeauty.com/dw/image/v2/BCSM_PRD/on/demandware.static/-/Sites-SBS-SallyBeautySupply/default/dw3401f3ad/images/large/SBS-018939-2.jpg?sw=750&sh=750&sfrm=png,2,Crème Activator product image 2,
haircolor-set10-017-cr-me-activator,,,,,,,,,,,,,,,,,,https://www.sallybeauty.com/dw/image/v2/BCSM_PRD/on/demandware.static/-/Sites-SBS-SallyBeautySupply/default/dw57833a76/images/large/SBS-018939.jpg?sw=750&sh=750&sfrm=png,3,Crème Activator product image 3,
haircolor-set10-017-cr-me-activator,,,,,,,,,,,,,,,,,,https://www.sallybeauty.com/dw/image/v2/BCSM_PRD/on/demandware.static/-/Sites-SBS-SallyBeautySupply/default/dw13a91b24/images/large/SBS-018939-1.jpg?sw=1500&sh=1500&sfrm=png,4,Crème Activator product image 4,
haircolor-set10-017-cr-me-activator,,,,,,,,,,,,,,,,,,https://www.sallybeauty.com/dw/image/v2/BCSM_PRD/on/demandware.static/-/Sites-SBS-SallyBeautySupply/default/dw3401f3ad/images/large/SBS-018939-2.jpg?sw=1500&sh=1500&sfrm=png,5,Crème Activator product image 5,
haircolor-set10-018-beige-blonde-permanent-liquid-toner,Beige Blonde Permanent Liquid Toner,"<p><strong>Beige Blonde Permanent Liquid Toner</strong> is a salon-ready toner product from Wella colorcharm.</p><p>Liquifuse Technology™ saturates, penetrates and fuses with the hair to deliver vibrant color that is exceptionally fade resistant The finishing step to enhance or neutralize warm or cool tones for the perfect shade of blonde Easy to use with bottle application Wella colorcharm Permanent Liquid Hair Toner with Liquidfuse Technology ™ saturates, penetrates and fuses with the hair to deliver vibrant color that is exceptionally fade resistant. The extra mild formulation is ideal for creating delicate shades of blonde – like platinum and beige - and neutralizing unwanted warmth after lightening. Great for toning pure, double processed blondes. Wella Help Line: 1-866-722-4146 Our hotlines are open from 8:30am to 8:30pm Monday – Friday and 9:00am – 6:00pm Saturday & Sunday EASTERN TIME.</p><p>Ideal for professional color services including lightening, depositing, toning, maintenance, and finishing workflows.</p><p><strong>Supplier links:</strong> <a href=""https://www.sallybeauty.com/hair-color/other-products-and-applications/toner/beige-blonde-permanent-liquid-toner/SBS-800272.html"">Sally Beauty</a> | <a href=""https://www.amazon.com/s?k=Beige+Blonde+Permanent+Liquid+Toner"">Amazon</a> | <a href=""https://www.ebay.com/sch/i.html?_nkw=Beige+Blonde+Permanent+Liquid+Toner"">eBay</a></p>",Wella colorcharm,Hair Coloring,"sallybeauty,hair-color,set10,toner",TRUE,Title,Default Title,HCOLOR-SET10-018-800272,350,21,deny,manual,9.99,12.79,TRUE,TRUE,https://www.sallybeauty.com/dw/image/v2/BCSM_PRD/on/demandware.static/-/Sites-SBS-SallyBeautySupply/default/dwcae60cea/images/large/SBS-800272-1.jpg?sw=750&sh=750&sfrm=png,1,Beige Blonde Permanent Liquid Toner product image 1,active
haircolor-set10-018-beige-blonde-permanent-liquid-toner,,,,,,,,,,,,,,,,,,https://www.sallybeauty.com/dw/image/v2/BCSM_PRD/on/demandware.static/-/Sites-SBS-SallyBeautySupply/default/dw7ddab4fe/images/large/SBS-800272-2.jpg?sw=750&sh=750&sfrm=png,2,Beige Blonde Permanent Liquid Toner product image 2,
haircolor-set10-018-beige-blonde-permanent-liquid-toner,,,,,,,,,,,,,,,,,,https://www.sallybeauty.com/dw/image/v2/BCSM_PRD/on/demandware.static/-/Sites-SBS-SallyBeautySupply/default/dwdb9fd651/images/large/SBS-800272-3.jpg?sw=750&sh=750&sfrm=png,3,Beige Blonde Permanent Liquid Toner product image 3,
haircolor-set10-018-beige-blonde-permanent-liquid-toner,,,,,,,,,,,,,,,,,,https://www.sallybeauty.com/dw/image/v2/BCSM_PRD/on/demandware.static/-/Sites-SBS-SallyBeautySupply/default/dw3d94d3e5/images/large/SBS-800272-4.jpg?sw=750&sh=750&sfrm=png,4,Beige Blonde Permanent Liquid Toner product image 4,
haircolor-set10-018-beige-blonde-permanent-liquid-toner,,,,,,,,,,,,,,,,,,https://www.sallybeauty.com/dw/image/v2/BCSM_PRD/on/demandware.static/-/Sites-SBS-SallyBeautySupply/default/dw5b3a8536/images/large/SBS-800272-5.jpg?sw=750&sh=750&sfrm=png,5,Beige Blonde Permanent Liquid Toner product image 5,
haircolor-set10-019-cooling-ash-bonding-toner-demi-permanent-hair-color,Cooling Ash Bonding Toner Demi-Permanent Hair Color,"<p><strong>Cooling Ash Bonding Toner Demi-Permanent Hair Color</strong> is a salon-ready toner product from bondbar.</p><p>Cruelty-Free*, Vegan, Mineral Oil-free, Petrolatum-free, Gluten-free, Phthalate-Free, & Paraben-Free Strengthening & Conditioning For all hair types & textures Built-In Bonding *Finished product not tested on animals bondbar is a bond building repair system that helps to protect, strengthen, and hydrate hair. bondbar Bonding Toner and bondbar Bonding High Gloss Clear are demi-permanent creme formulas that provide a range of shades with built-in bonding for a new level of strengthening and conditioning from the toning process. The four Bonding Toner shades are great for neutralizing unwanted tones, while the Bonding High Gloss Clear can be used for diluting and customizing your shade, as well as adding a gloss finish. This unique formula protects and hydrates broken bonds in hair during the toning process, and is formulated to be Vegan, Cruelty-Free*, Phthalate-Free, Paraben-Free, Mineral Oil-Free, Petrolatum-Free and Gluten-Free. Paper packaging can be recycled, color tube is made with 100% recycled aluminum. Using a regimen of bondbar Toner, bondbar Bonding Booster, and bondbar Bonding Recovery provides up to 47% better combability on wet hair compared to untreated bleached hair, as well as up to 22% less breakage compared to standard toner. For best results, use Bonding Toner shades with bondbar Creme Activator at a 1:2 ratio. For diluting your shade, pair Bonding High Gloss Clear with bondbar Creme Activator at a 1:2 ratio. For shine only, pair Bonding High Gloss Clear with bondbar Creme Activator at a 1:1 ratio. *Finished product not tested on animals</p><p>Ideal for professional color services including lightening, depositing, toning, maintenance, and finishing workflows.</p><p><strong>Supplier links:</strong> <a href=""https://www.sallybeauty.com/hair-color/other-products-and-applications/toner/cooling-ash-bonding-toner-demi-permanent-hair-color/SBS-018926.html"">Sally Beauty</a> | <a href=""https://www.amazon.com/s?k=Cooling+Ash+Bonding+Toner+Demi-Permanent+Hair+Color"">Amazon</a> | <a href=""https://www.ebay.com/sch/i.html?_nkw=Cooling+Ash+Bonding+Toner+Demi-Permanent+Hair+Color"">eBay</a></p>",bondbar,Hair Coloring,"sallybeauty,hair-color,set10,toner",TRUE,Title,Default Title,HCOLOR-SET10-019-018926,350,22,deny,manual,12.99,16.63,TRUE,TRUE,https://www.sallybeauty.com/dw/image/v2/BCSM_PRD/on/demandware.static/-/Sites-SBS-SallyBeautySupply/default/dwc604232f/images/large/SBS-018926-1.jpg?sw=750&sh=750&sfrm=png,1,Cooling Ash Bonding Toner Demi-Permanent Hair Color product image 1,active
haircolor-set10-019-cooling-ash-bonding-toner-demi-permanent-hair-color,,,,,,,,,,,,,,,,,,https://www.sallybeauty.com/dw/image/v2/BCSM_PRD/on/demandware.static/-/Sites-SBS-SallyBeautySupply/default/dw86ea20c8/images/large/SBS-018926-2.jpg?sw=750&sh=750&sfrm=png,2,Cooling Ash Bonding Toner Demi-Permanent Hair Color product image 2,
haircolor-set10-019-cooling-ash-bonding-toner-demi-permanent-hair-color,,,,,,,,,,,,,,,,,,https://www.sallybeauty.com/dw/image/v2/BCSM_PRD/on/demandware.static/-/Sites-SBS-SallyBeautySupply/default/dw9fb8a3b0/images/large/SBS-018926-3.jpg?sw=750&sh=750&sfrm=png,3,Cooling Ash Bonding Toner Demi-Permanent Hair Color product image 3,
haircolor-set10-019-cooling-ash-bonding-toner-demi-permanent-hair-color,,,,,,,,,,,,,,,,,,https://www.sallybeauty.com/dw/image/v2/BCSM_PRD/on/demandware.static/-/Sites-SBS-SallyBeautySupply/default/dw2ccd55a4/images/large/SBS-018926-4.jpg?sw=750&sh=750&sfrm=png,4,Cooling Ash Bonding Toner Demi-Permanent Hair Color product image 4,
haircolor-set10-019-cooling-ash-bonding-toner-demi-permanent-hair-color,,,,,,,,,,,,,,,,,,https://www.sallybeauty.com/dw/image/v2/BCSM_PRD/on/demandware.static/-/Sites-SBS-SallyBeautySupply/default/dw04f1fbc6/images/large/SBS-018926.jpg?sw=750&sh=750&sfrm=png,5,Cooling Ash Bonding Toner Demi-Permanent Hair Color product image 5,
haircolor-set10-020-high-gloss-clear-bonding-toner-demi-permanent-hair-colo,High Gloss Clear Bonding Toner Demi-Permanent Hair Color,"<p><strong>High Gloss Clear Bonding Toner Demi-Permanent Hair Color</strong> is a salon-ready toner product from bondbar.</p><p>Cruelty-Free*, Vegan, Mineral Oil-free, Petrolatum-free, Gluten-free, Phthalate-Free, & Paraben-Free Strengthening & Conditioning For all hair types & textures Built-In Bonding *Finished product not tested on animals bondbar is a bond building repair system that helps to protect, strengthen, and hydrate hair. bondbar Bonding Toner and bondbar Bonding High Gloss Clear are demi-permanent creme formulas that provide a range of shades with built-in bonding for a new level of strengthening and conditioning from the toning process. The four Bonding Toner shades are great for neutralizing unwanted tones, while the Bonding High Gloss Clear can be used for diluting and customizing your shade, as well as adding a gloss finish. This unique formula protects and hydrates broken bonds in hair during the toning process, and is formulated to be Vegan, Cruelty-Free*, Phthalate-Free, Paraben-Free, Mineral Oil-Free, Petrolatum-Free and Gluten-Free. Paper packaging can be recycled, color tube is made with 100% recycled aluminum. Using a regimen of bondbar Toner, bondbar Bonding Booster, and bondbar Bonding Recovery provides up to 47% better combability on wet hair compared to untreated bleached hair, as well as up to 22% less breakage compared to standard toner. For best results, use Bonding Toner shades with bondbar Creme Activator at a 1:2 ratio. For diluting your shade, pair Bonding High Gloss Clear with bondbar Creme Activator at a 1:2 ratio. For shine only, pair Bonding High Gloss Clear with bondbar Creme Activator at a 1:1 ratio. *Finished product not tested on animals</p><p>Ideal for professional color services including lightening, depositing, toning, maintenance, and finishing workflows.</p><p><strong>Supplier links:</strong> <a href=""https://www.sallybeauty.com/hair-color/other-products-and-applications/toner/bonding-high-gloss-clear/SBS-018930.html"">Sally Beauty</a> | <a href=""https://www.amazon.com/s?k=High+Gloss+Clear+Bonding+Toner+Demi-Permanent+Hair+Color"">Amazon</a> | <a href=""https://www.ebay.com/sch/i.html?_nkw=High+Gloss+Clear+Bonding+Toner+Demi-Permanent+Hair+Color"">eBay</a></p>",bondbar,Hair Coloring,"sallybeauty,hair-color,set10,toner",TRUE,Title,Default Title,HCOLOR-SET10-020-018930,350,23,deny,manual,12.99,16.63,TRUE,TRUE,https://www.sallybeauty.com/dw/image/v2/BCSM_PRD/on/demandware.static/-/Sites-SBS-SallyBeautySupply/default/dw2e4a92e9/images/large/SBS-018930-1.jpg?sw=750&sh=750&sfrm=png,1,High Gloss Clear Bonding Toner Demi-Permanent Hair Color product image 1,active
haircolor-set10-020-high-gloss-clear-bonding-toner-demi-permanent-hair-colo,,,,,,,,,,,,,,,,,,https://www.sallybeauty.com/dw/image/v2/BCSM_PRD/on/demandware.static/-/Sites-SBS-SallyBeautySupply/default/dwc4c29471/images/large/SBS-018930-2.jpg?sw=750&sh=750&sfrm=png,2,High Gloss Clear Bonding Toner Demi-Permanent Hair Color product image 2,
haircolor-set10-020-high-gloss-clear-bonding-toner-demi-permanent-hair-colo,,,,,,,,,,,,,,,,,,https://www.sallybeauty.com/dw/image/v2/BCSM_PRD/on/demandware.static/-/Sites-SBS-SallyBeautySupply/default/dwa53f1b5a/images/large/SBS-018930-3.jpg?sw=750&sh=750&sfrm=png,3,High Gloss Clear Bonding Toner Demi-Permanent Hair Color product image 3,
haircolor-set10-020-high-gloss-clear-bonding-toner-demi-permanent-hair-colo,,,,,,,,,,,,,,,,,,https://www.sallybeauty.com/dw/image/v2/BCSM_PRD/on/demandware.static/-/Sites-SBS-SallyBeautySupply/default/dw8cbd8c8a/images/large/SBS-018930-4.jpg?sw=750&sh=750&sfrm=png,4,High Gloss Clear Bonding Toner Demi-Permanent Hair Color product image 4,
haircolor-set10-020-high-gloss-clear-bonding-toner-demi-permanent-hair-colo,,,,,,,,,,,,,,,,,,https://www.sallybeauty.com/dw/image/v2/BCSM_PRD/on/demandware.static/-/Sites-SBS-SallyBeautySupply/default/dw791035a9/images/large/SBS-018930.jpg?sw=750&sh=750&sfrm=png,5,High Gloss Clear Bonding Toner Demi-Permanent Hair Color product image 5,
haircolor-set10-021-intense-ash-blonde-permanent-liquid-toner,Intense Ash Blonde Permanent Liquid Toner,"<p><strong>Intense Ash Blonde Permanent Liquid Toner</strong> is a salon-ready toner product from Wella colorcharm.</p><p>Helps to create hard to achieve shades of blonde such as platinum and beige​ The final step to neutralizing unwanted brass after lightening​ Provide gorgeously toned, healthy-looking blondes​ Tones pre-lightened hair evenly​ Intermixable, soft pastel hues Vegan and free of parabens Up to 90% less breakage​ Gentle on hair​ WELLA colorcharm Permanent Liquid Toners make your authority over tone stronger than ever. Our 4 new beautiful tones—2 cool, 1 warm and 1 pastel enhancing—let you perfect your blonde with bold and trending tones with up to 90% less breakage**. **vs. lightener alone</p><p>Ideal for professional color services including lightening, depositing, toning, maintenance, and finishing workflows.</p><p><strong>Supplier links:</strong> <a href=""https://www.sallybeauty.com/hair-color/other-products-and-applications/toner/intense-ash-blonde-permanent-liquid-toner/SBS-019388.html"">Sally Beauty</a> | <a href=""https://www.amazon.com/s?k=Intense+Ash+Blonde+Permanent+Liquid+Toner"">Amazon</a> | <a href=""https://www.ebay.com/sch/i.html?_nkw=Intense+Ash+Blonde+Permanent+Liquid+Toner"">eBay</a></p>",Wella colorcharm,Hair Coloring,"sallybeauty,hair-color,set10,toner",TRUE,Title,Default Title,HCOLOR-SET10-021-019388,350,24,deny,manual,9.99,12.79,TRUE,TRUE,https://www.sallybeauty.com/dw/image/v2/BCSM_PRD/on/demandware.static/-/Sites-SBS-SallyBeautySupply/default/dw0360639e/images/large/SBS-019388-1.jpg?sw=750&sh=750&sfrm=png,1,Intense Ash Blonde Permanent Liquid Toner product image 1,active
haircolor-set10-021-intense-ash-blonde-permanent-liquid-toner,,,,,,,,,,,,,,,,,,https://www.sallybeauty.com/dw/image/v2/BCSM_PRD/on/demandware.static/-/Sites-SBS-SallyBeautySupply/default/dw0130c0d7/images/large/SBS-019388-2.jpg?sw=750&sh=750&sfrm=png,2,Intense Ash Blonde Permanent Liquid Toner product image 2,
haircolor-set10-021-intense-ash-blonde-permanent-liquid-toner,,,,,,,,,,,,,,,,,,https://www.sallybeauty.com/dw/image/v2/BCSM_PRD/on/demandware.static/-/Sites-SBS-SallyBeautySupply/default/dw9770126a/images/large/SBS-019388-3.jpg?sw=750&sh=750&sfrm=png,3,Intense Ash Blonde Permanent Liquid Toner product image 3,
haircolor-set10-021-intense-ash-blonde-permanent-liquid-toner,,,,,,,,,,,,,,,,,,https://www.sallybeauty.com/dw/image/v2/BCSM_PRD/on/demandware.static/-/Sites-SBS-SallyBeautySupply/default/dwcbaf0072/images/large/SBS-019388-4.jpg?sw=750&sh=750&sfrm=png,4,Intense Ash Blonde Permanent Liquid Toner product image 4,
haircolor-set10-021-intense-ash-blonde-permanent-liquid-toner,,,,,,,,,,,,,,,,,,https://www.sallybeauty.com/dw/image/v2/BCSM_PRD/on/demandware.static/-/Sites-SBS-SallyBeautySupply/default/dwd8161258/images/large/SBS-019388-5.jpg?sw=750&sh=750&sfrm=png,5,Intense Ash Blonde Permanent Liquid Toner product image 5,
haircolor-set10-022-pale-ash-blonde-permanent-liquid-toner,Pale Ash Blonde Permanent Liquid Toner,"<p><strong>Pale Ash Blonde Permanent Liquid Toner</strong> is a salon-ready toner product from Wella colorcharm.</p><p>Liquifuse Technology™ saturates, penetrates and fuses with the hair to deliver vibrant color that is exceptionally fade resistant The finishing step to enhance or neutralize warm or cool tones for the perfect shade of blonde Easy to use with bottle application Wella colorcharm Permanent Liquid Hair Toner with Liquidfuse Technology ™ saturates, penetrates and fuses with the hair to deliver vibrant color that is exceptionally fade resistant. The extra mild formulation is ideal for creating delicate shades of blonde – like platinum and beige - and neutralizing unwanted warmth after lightening. Great for toning pure, double processed blondes. Wella Help Line: 1-866-722-4146 Our hotlines are open from 8:30am to 8:30pm Monday – Friday and 9:00am – 6:00pm Saturday & Sunday EASTERN TIME.</p><p>Ideal for professional color services including lightening, depositing, toning, maintenance, and finishing workflows.</p><p><strong>Supplier links:</strong> <a href=""https://www.sallybeauty.com/hair-color/other-products-and-applications/toner/pale-ash-blonde-permanent-liquid-toner/SBS-800274.html"">Sally Beauty</a> | <a href=""https://www.amazon.com/s?k=Pale+Ash+Blonde+Permanent+Liquid+Toner"">Amazon</a> | <a href=""https://www.ebay.com/sch/i.html?_nkw=Pale+Ash+Blonde+Permanent+Liquid+Toner"">eBay</a></p>",Wella colorcharm,Hair Coloring,"sallybeauty,hair-color,set10,toner",TRUE,Title,Default Title,HCOLOR-SET10-022-800274,350,25,deny,manual,9.99,12.79,TRUE,TRUE,https://www.sallybeauty.com/dw/image/v2/BCSM_PRD/on/demandware.static/-/Sites-SBS-SallyBeautySupply/default/dw47af9ef6/images/large/SBS-800274-1.jpg?sw=750&sh=750&sfrm=png,1,Pale Ash Blonde Permanent Liquid Toner product image 1,active
haircolor-set10-022-pale-ash-blonde-permanent-liquid-toner,,,,,,,,,,,,,,,,,,https://www.sallybeauty.com/dw/image/v2/BCSM_PRD/on/demandware.static/-/Sites-SBS-SallyBeautySupply/default/dw9a235ffc/images/large/SBS-800274-2.jpg?sw=750&sh=750&sfrm=png,2,Pale Ash Blonde Permanent Liquid Toner product image 2,
haircolor-set10-022-pale-ash-blonde-permanent-liquid-toner,,,,,,,,,,,,,,,,,,https://www.sallybeauty.com/dw/image/v2/BCSM_PRD/on/demandware.static/-/Sites-SBS-SallyBeautySupply/default/dw186065cd/images/large/SBS-800274-3.jpg?sw=750&sh=750&sfrm=png,3,Pale Ash Blonde Permanent Liquid Toner product image 3,
haircolor-set10-022-pale-ash-blonde-permanent-liquid-toner,,,,,,,,,,,,,,,,,,https://www.sallybeauty.com/dw/image/v2/BCSM_PRD/on/demandware.static/-/Sites-SBS-SallyBeautySupply/default/dw13c7b9e1/images/large/SBS-800274-4.jpg?sw=750&sh=750&sfrm=png,4,Pale Ash Blonde Permanent Liquid Toner product image 4,
haircolor-set10-022-pale-ash-blonde-permanent-liquid-toner,,,,,,,,,,,,,,,,,,https://www.sallybeauty.com/dw/image/v2/BCSM_PRD/on/demandware.static/-/Sites-SBS-SallyBeautySupply/default/dw0cdec715/images/large/SBS-800274-5.jpg?sw=750&sh=750&sfrm=png,5,Pale Ash Blonde Permanent Liquid Toner product image 5,
haircolor-set10-023-pale-violet-bonding-toner-demi-permanent-hair-color,Pale Violet Bonding Toner Demi-Permanent Hair Color,"<p><strong>Pale Violet Bonding Toner Demi-Permanent Hair Color</strong> is a salon-ready toner product from bondbar.</p><p>Cruelty-Free*, Vegan, Mineral Oil-free, Petrolatum-free, Gluten-free, Phthalate-Free, & Paraben-Free Strengthening & Conditioning For all hair types & textures Built-In Bonding *Finished product not tested on animals bondbar is a bond building repair system that helps to protect, strengthen, and hydrate hair. bondbar Bonding Toner and bondbar Bonding High Gloss Clear are demi-permanent creme formulas that provide a range of shades with built-in bonding for a new level of strengthening and conditioning from the toning process. The four Bonding Toner shades are great for neutralizing unwanted tones, while the Bonding High Gloss Clear can be used for diluting and customizing your shade, as well as adding a gloss finish. This unique formula protects and hydrates broken bonds in hair during the toning process, and is formulated to be Vegan, Cruelty-Free*, Phthalate-Free, Paraben-Free, Mineral Oil-Free, Petrolatum-Free and Gluten-Free. Paper packaging can be recycled, color tube is made with 100% recycled aluminum. Using a regimen of bondbar Toner, bondbar Bonding Booster, and bondbar Bonding Recovery provides up to 47% better combability on wet hair compared to untreated bleached hair, as well as up to 22% less breakage compared to standard toner. For best results, use Bonding Toner shades with bondbar Creme Activator at a 1:2 ratio. For diluting your shade, pair Bonding High Gloss Clear with bondbar Creme Activator at a 1:2 ratio. For shine only, pair Bonding High Gloss Clear with bondbar Creme Activator at a 1:1 ratio. *Finished product not tested on animals</p><p>Ideal for professional color services including lightening, depositing, toning, maintenance, and finishing workflows.</p><p><strong>Supplier links:</strong> <a href=""https://www.sallybeauty.com/hair-color/other-products-and-applications/toner/pale-violet-bonding-toner-demi-permanent-hair-color/SBS-018927.html"">Sally Beauty</a> | <a href=""https://www.amazon.com/s?k=Pale+Violet+Bonding+Toner+Demi-Permanent+Hair+Color"">Amazon</a> | <a href=""https://www.ebay.com/sch/i.html?_nkw=Pale+Violet+Bonding+Toner+Demi-Permanent+Hair+Color"">eBay</a></p>",bondbar,Hair Coloring,"sallybeauty,hair-color,set10,toner",TRUE,Title,Default Title,HCOLOR-SET10-023-018927,350,26,deny,manual,12.99,16.63,TRUE,TRUE,https://www.sallybeauty.com/dw/image/v2/BCSM_PRD/on/demandware.static/-/Sites-SBS-SallyBeautySupply/default/dwed05ceee/images/large/SBS-018927-1.jpg?sw=750&sh=750&sfrm=png,1,Pale Violet Bonding Toner Demi-Permanent Hair Color product image 1,active
haircolor-set10-023-pale-violet-bonding-toner-demi-permanent-hair-color,,,,,,,,,,,,,,,,,,https://www.sallybeauty.com/dw/image/v2/BCSM_PRD/on/demandware.static/-/Sites-SBS-SallyBeautySupply/default/dwbe2cd94d/images/large/SBS-018927-2.jpg?sw=750&sh=750&sfrm=png,2,Pale Violet Bonding Toner Demi-Permanent Hair Color product image 2,
haircolor-set10-023-pale-violet-bonding-toner-demi-permanent-hair-color,,,,,,,,,,,,,,,,,,https://www.sallybeauty.com/dw/image/v2/BCSM_PRD/on/demandware.static/-/Sites-SBS-SallyBeautySupply/default/dw35570853/images/large/SBS-018927-3.jpg?sw=750&sh=750&sfrm=png,3,Pale Violet Bonding Toner Demi-Permanent Hair Color product image 3,
haircolor-set10-023-pale-violet-bonding-toner-demi-permanent-hair-color,,,,,,,,,,,,,,,,,,https://www.sallybeauty.com/dw/image/v2/BCSM_PRD/on/demandware.static/-/Sites-SBS-SallyBeautySupply/default/dwddc7cd5c/images/large/SBS-018927-4.jpg?sw=750&sh=750&sfrm=png,4,Pale Violet Bonding Toner Demi-Permanent Hair Color product image 4,
haircolor-set10-023-pale-violet-bonding-toner-demi-permanent-hair-color,,,,,,,,,,,,,,,,,,https://www.sallybeauty.com/dw/image/v2/BCSM_PRD/on/demandware.static/-/Sites-SBS-SallyBeautySupply/default/dwf4a58780/images/large/SBS-018927.jpg?sw=750&sh=750&sfrm=png,5,Pale Violet Bonding Toner Demi-Permanent Hair Color product image 5,
haircolor-set10-024-1b-blue-black-permanent-liqui-cr-me-hair-color,1B Blue Black Permanent Liqui-Crème Hair Color,"<p><strong>1B Blue Black Permanent Liqui-Crème Hair Color</strong> is a salon-ready permanent dye product from Better Natured.</p><p>Formulated with Coconut Oil and our signature Triple Plant-Milk blend, leaving hair soft and silky smooth 87%-92% naturally-derived formulas, depending on the shade Rich and vibrant color that lasts 8 weeks 100% gray coverage Salon-quality results at home No drip liqui-creme formula is gentle on hair and scalp Tropical fruity fragrance Experience a new world of hair color with Better Natured, the professional, vegan solution for gorgeous, radiant hair that’s fueled by Good. Clean. Fun. Whether you’re new to coloring your hair or a seasoned pro, our permanent hair color provides salon quality results at home that last up to 8 weeks. Covers roots and grays in under an hour…94% of women who tried it agree that the gray coverage is impeccable! The Better Natured liqui-crème formula is infused with our signature Triple Plant-Milk blend of nourishing Coconut Milk, Tahitian Palm Milk and Orchid Milk for high-performance conditioning and brilliant shine. It’s gentle on the hair and scalp and adds rich, vibrant dimension to hair color. Better Natured Permanent Hair Color shades range between 87%-92% naturally-derived, depending on the shade. We use the Global ISO Standard 16128 which defines naturally-derived as a plant or mineral derived material and water which is found in nature and has undergone limited processing. Need Support? We’re here for you! Better Natured Customer Service is available: Monday - Friday 9:00am – 5:00pm EST Saturday 9:00am – 12:00pm EST Call or Text: 1-800-242-9283 Email: hello@betternatured.com Will respond to emails within 24 hours or by the next business day.</p><p>Ideal for professional color services including lightening, depositing, toning, maintenance, and finishing workflows.</p><p><strong>Supplier links:</strong> <a href=""https://www.sallybeauty.com/hair-color/shop-by-type/permanent-hair-color/1b-blue-black-permanent-liqui-cr%C3%A8me-hair-color/SBS-019367.html"">Sally Beauty</a> | <a href=""https://www.amazon.com/s?k=1B+Blue+Black+Permanent+Liqui-Cr%C3%A8me+Hair+Color"">Amazon</a> | <a href=""https://www.ebay.com/sch/i.html?_nkw=1B+Blue+Black+Permanent+Liqui-Cr%C3%A8me+Hair+Color"">eBay</a></p>",Better Natured,Hair Coloring,"sallybeauty,hair-color,set10,permanent-dye",TRUE,Title,Default Title,HCOLOR-SET10-024-019367,350,27,deny,manual,13.19,16.88,TRUE,TRUE,https://www.sallybeauty.com/dw/image/v2/BCSM_PRD/on/demandware.static/-/Sites-SBS-SallyBeautySupply/default/dwb46d8b7d/images/large/SBS-019367-1.jpg?sw=750&sh=750&sfrm=png,1,1B Blue Black Permanent Liqui-Crème Hair Color product image 1,active
haircolor-set10-024-1b-blue-black-permanent-liqui-cr-me-hair-color,,,,,,,,,,,,,,,,,,https://www.sallybeauty.com/dw/image/v2/BCSM_PRD/on/demandware.static/-/Sites-SBS-SallyBeautySupply/default/dwc15023a0/images/large/SBS-019367-2.jpg?sw=750&sh=750&sfrm=png,2,1B Blue Black Permanent Liqui-Crème Hair Color product image 2,
haircolor-set10-024-1b-blue-black-permanent-liqui-cr-me-hair-color,,,,,,,,,,,,,,,,,,https://www.sallybeauty.com/dw/image/v2/BCSM_PRD/on/demandware.static/-/Sites-SBS-SallyBeautySupply/default/dw4015a9fe/images/large/SBS-019367-3.jpg?sw=750&sh=750&sfrm=png,3,1B Blue Black Permanent Liqui-Crème Hair Color product image 3,
haircolor-set10-024-1b-blue-black-permanent-liqui-cr-me-hair-color,,,,,,,,,,,,,,,,,,https://www.sallybeauty.com/dw/image/v2/BCSM_PRD/on/demandware.static/-/Sites-SBS-SallyBeautySupply/default/dw28c3fdf7/images/large/SBS-019367.jpg?sw=750&sh=750&sfrm=png,4,1B Blue Black Permanent Liqui-Crème Hair Color product image 4,
haircolor-set10-024-1b-blue-black-permanent-liqui-cr-me-hair-color,,,,,,,,,,,,,,,,,,https://www.sallybeauty.com/dw/image/v2/BCSM_PRD/on/demandware.static/-/Sites-SBS-SallyBeautySupply/default/dwb46d8b7d/images/large/SBS-019367-1.jpg?sw=1500&sh=1500&sfrm=png,5,1B Blue Black Permanent Liqui-Crème Hair Color product image 5,
haircolor-set10-025-5rr-intense-red-permanent-liqui-cr-me-hair-color,5RR Intense Red Permanent Liqui-Crème Hair Color,"<p><strong>5RR Intense Red Permanent Liqui-Crème Hair Color</strong> is a salon-ready permanent dye product from Better Natured.</p><p>Formulated with Coconut Oil and our signature Triple Plant-Milk blend, leaving hair soft and silky smooth 87%-92% naturally-derived formulas, depending on the shade Rich and vibrant color that lasts 8 weeks 100% gray coverage Salon-quality results at home No drip liqui-creme formula is gentle on hair and scalp Tropical fruity fragrance Experience a new world of hair color with Better Natured, the professional, vegan solution for gorgeous, radiant hair that’s fueled by Good. Clean. Fun. Whether you’re new to coloring your hair or a seasoned pro, our permanent hair color provides salon quality results at home that last up to 8 weeks. Covers roots and grays in under an hour…94% of women who tried it agree that the gray coverage is impeccable! The Better Natured liqui-crème formula is infused with our signature Triple Plant-Milk blend of nourishing Coconut Milk, Tahitian Palm Milk and Orchid Milk for high-performance conditioning and brilliant shine. It’s gentle on the hair and scalp and adds rich, vibrant dimension to hair color. Better Natured Permanent Hair Color shades range between 87%-92% naturally-derived, depending on the shade. We use the Global ISO Standard 16128 which defines naturally-derived as a plant or mineral derived material and water which is found in nature and has undergone limited processing. Need Support? We’re here for you! Better Natured Customer Service is available: Monday - Friday 9:00am – 5:00pm EST Saturday 9:00am – 12:00pm EST Call or Text: 1-800-242-9283 Email: hello@betternatured.com Will respond to emails within 24 hours or by the next business day.</p><p>Ideal for professional color services including lightening, depositing, toning, maintenance, and finishing workflows.</p><p><strong>Supplier links:</strong> <a href=""https://www.sallybeauty.com/hair-color/shop-by-type/permanent-hair-color/5rr-intense-red-permanent-liqui-cr%C3%A8me-hair-color/SBS-019361.html"">Sally Beauty</a> | <a href=""https://www.amazon.com/s?k=5RR+Intense+Red+Permanent+Liqui-Cr%C3%A8me+Hair+Color"">Amazon</a> | <a href=""https://www.ebay.com/sch/i.html?_nkw=5RR+Intense+Red+Permanent+Liqui-Cr%C3%A8me+Hair+Color"">eBay</a></p>",Better Natured,Hair Coloring,"sallybeauty,hair-color,set10,permanent-dye",TRUE,Title,Default Title,HCOLOR-SET10-025-019361,350,28,deny,manual,13.19,16.88,TRUE,TRUE,https://www.sallybeauty.com/dw/image/v2/BCSM_PRD/on/demandware.static/-/Sites-SBS-SallyBeautySupply/default/dw5025be6a/images/large/SBS-019361-1.jpg?sw=750&sh=750&sfrm=png,1,5RR Intense Red Permanent Liqui-Crème Hair Color product image 1,active
haircolor-set10-025-5rr-intense-red-permanent-liqui-cr-me-hair-color,,,,,,,,,,,,,,,,,,https://www.sallybeauty.com/dw/image/v2/BCSM_PRD/on/demandware.static/-/Sites-SBS-SallyBeautySupply/default/dwbf838361/images/large/SBS-019361-2.jpg?sw=750&sh=750&sfrm=png,2,5RR Intense Red Permanent Liqui-Crème Hair Color product image 2,
haircolor-set10-025-5rr-intense-red-permanent-liqui-cr-me-hair-color,,,,,,,,,,,,,,,,,,https://www.sallybeauty.com/dw/image/v2/BCSM_PRD/on/demandware.static/-/Sites-SBS-SallyBeautySupply/default/dw78a0de48/images/large/SBS-019361-3.jpg?sw=750&sh=750&sfrm=png,3,5RR Intense Red Permanent Liqui-Crème Hair Color product image 3,
haircolor-set10-025-5rr-intense-red-permanent-liqui-cr-me-hair-color,,,,,,,,,,,,,,,,,,https://www.sallybeauty.com/dw/image/v2/BCSM_PRD/on/demandware.static/-/Sites-SBS-SallyBeautySupply/default/dw8da28127/images/large/SBS-019361.jpg?sw=750&sh=750&sfrm=png,4,5RR Intense Red Permanent Liqui-Crème Hair Color product image 4,
haircolor-set10-025-5rr-intense-red-permanent-liqui-cr-me-hair-color,,,,,,,,,,,,,,,,,,https://www.sallybeauty.com/dw/image/v2/BCSM_PRD/on/demandware.static/-/Sites-SBS-SallyBeautySupply/default/dw5025be6a/images/large/SBS-019361-1.jpg?sw=1500&sh=1500&sfrm=png,5,5RR Intense Red Permanent Liqui-Crème Hair Color product image 5,
haircolor-set10-026-hicolor-red-hilights-copper-permanent-creme-hair-color,HiColor Red HiLights Copper Permanent Creme Hair Color,"<p><strong>HiColor Red HiLights Copper Permanent Creme Hair Color</strong> is a salon-ready permanent dye product from L'Oreal Technique Excellence.</p><p>For highly-visible, intense red highlights even on dark hair, without brassiness Breakthrough technology lifts hair 3-4 levels, no pre-lightening required Rich, no-drip creme makes it easy for control of creative techniques Quick processing time of only thirty minutes True-to-shade color that resists fading Available in three Hi-lift Red shades NEW HiColor RED HiLights by L'Oreal Excellence is the first highlighting series formulated for dark hair. Rich, no-drip creme makes it easy for control of creative techniques . True-to-shade color that resists fading. L'Oreal Excellence HiColor Red HiLights is available in Magenta, Red, Copper Red and Copper. L’Oreal Help Line: (800) 345-5014. 9AM - 5PM EST, Monday-Friday</p><p>Ideal for professional color services including lightening, depositing, toning, maintenance, and finishing workflows.</p><p><strong>Supplier links:</strong> <a href=""https://www.sallybeauty.com/hair-color/shop-by-color/red-hair-color/hicolor-red-hilights-copper-permanent-creme-hair-color/SBS-500243.html"">Sally Beauty</a> | <a href=""https://www.amazon.com/s?k=HiColor+Red+HiLights+Copper+Permanent+Creme+Hair+Color"">Amazon</a> | <a href=""https://www.ebay.com/sch/i.html?_nkw=HiColor+Red+HiLights+Copper+Permanent+Creme+Hair+Color"">eBay</a></p>",L'Oreal Technique Excellence,Hair Coloring,"sallybeauty,hair-color,set10,permanent-dye",TRUE,Title,Default Title,HCOLOR-SET10-026-500243,350,29,deny,manual,13.19,16.88,TRUE,TRUE,https://www.sallybeauty.com/dw/image/v2/BCSM_PRD/on/demandware.static/-/Sites-SBS-SallyBeautySupply/default/dw56598b07/images/large/SBS-500243-1.jpg?sw=750&sh=750&sfrm=png,1,HiColor Red HiLights Copper Permanent Creme Hair Color product image 1,active
haircolor-set10-026-hicolor-red-hilights-copper-permanent-creme-hair-color,,,,,,,,,,,,,,,,,,https://www.sallybeauty.com/dw/image/v2/BCSM_PRD/on/demandware.static/-/Sites-SBS-SallyBeautySupply/default/dwc7df534e/images/large/SBS-500243-2.jpg?sw=750&sh=750&sfrm=png,2,HiColor Red HiLights Copper Permanent Creme Hair Color product image 2,
haircolor-set10-026-hicolor-red-hilights-copper-permanent-creme-hair-color,,,,,,,,,,,,,,,,,,https://www.sallybeauty.com/dw/image/v2/BCSM_PRD/on/demandware.static/-/Sites-SBS-SallyBeautySupply/default/dw10841dca/images/large/SBS-500243-3.jpg?sw=750&sh=750&sfrm=png,3,HiColor Red HiLights Copper Permanent Creme Hair Color product image 3,
haircolor-set10-026-hicolor-red-hilights-copper-permanent-creme-hair-color,,,,,,,,,,,,,,,,,,https://www.sallybeauty.com/dw/image/v2/BCSM_PRD/on/demandware.static/-/Sites-SBS-SallyBeautySupply/default/dwfbac0444/images/large/SBS-500243-4.jpg?sw=750&sh=750&sfrm=png,4,HiColor Red HiLights Copper Permanent Creme Hair Color product image 4,
haircolor-set10-026-hicolor-red-hilights-copper-permanent-creme-hair-color,,,,,,,,,,,,,,,,,,https://www.sallybeauty.com/dw/image/v2/BCSM_PRD/on/demandware.static/-/Sites-SBS-SallyBeautySupply/default/dwa06df14d/images/large/SBS-500243.jpg?sw=750&sh=750&sfrm=png,5,HiColor Red HiLights Copper Permanent Creme Hair Color product image 5,
haircolor-set10-027-hicolor-red-hilights-magenta-permanent-creme-hair-color,HiColor Red HiLights Magenta Permanent Creme Hair Color,"<p><strong>HiColor Red HiLights Magenta Permanent Creme Hair Color</strong> is a salon-ready permanent dye product from L'Oreal Technique Excellence.</p><p>For highly-visible, intense red highlights even on dark hair, without brassiness Breakthrough technology lifts hair 3-4 levels, no pre-lightening required Rich, no-drip creme makes it easy for control of creative techniques Quick processing time of only thirty minutes True-to-shade color that resists fading Available in three Hi-lift Red shades NEW HiColor RED HiLights by L'Oreal Excellence is the first highlighting series formulated for dark hair. Rich, no-drip creme makes it easy for control of creative techniques . True-to-shade color that resists fading. L'Oreal Excellence HiColor Red HiLights is available in Magenta, Red, Copper Red and Copper. L’Oreal Help Line: (800) 345-5014. 9AM - 5PM EST, Monday-Friday</p><p>Ideal for professional color services including lightening, depositing, toning, maintenance, and finishing workflows.</p><p><strong>Supplier links:</strong> <a href=""https://www.sallybeauty.com/hair-color/shop-by-color/red-hair-color/hicolor-red-hilights-magenta-permanent-creme-hair-color/SBS-500240.html"">Sally Beauty</a> | <a href=""https://www.amazon.com/s?k=HiColor+Red+HiLights+Magenta+Permanent+Creme+Hair+Color"">Amazon</a> | <a href=""https://www.ebay.com/sch/i.html?_nkw=HiColor+Red+HiLights+Magenta+Permanent+Creme+Hair+Color"">eBay</a></p>",L'Oreal Technique Excellence,Hair Coloring,"sallybeauty,hair-color,set10,permanent-dye",TRUE,Title,Default Title,HCOLOR-SET10-027-500240,350,30,deny,manual,13.19,16.88,TRUE,TRUE,https://www.sallybeauty.com/dw/image/v2/BCSM_PRD/on/demandware.static/-/Sites-SBS-SallyBeautySupply/default/dw3b83c5eb/images/large/SBS-500240-1.jpg?sw=750&sh=750&sfrm=png,1,HiColor Red HiLights Magenta Permanent Creme Hair Color product image 1,active
haircolor-set10-027-hicolor-red-hilights-magenta-permanent-creme-hair-color,,,,,,,,,,,,,,,,,,https://www.sallybeauty.com/dw/image/v2/BCSM_PRD/on/demandware.static/-/Sites-SBS-SallyBeautySupply/default/dwcaae367d/images/large/SBS-500240-2.jpg?sw=750&sh=750&sfrm=png,2,HiColor Red HiLights Magenta Permanent Creme Hair Color product image 2,
haircolor-set10-027-hicolor-red-hilights-magenta-permanent-creme-hair-color,,,,,,,,,,,,,,,,,,https://www.sallybeauty.com/dw/image/v2/BCSM_PRD/on/demandware.static/-/Sites-SBS-SallyBeautySupply/default/dw83b24cb6/images/large/SBS-500240-3.jpg?sw=750&sh=750&sfrm=png,3,HiColor Red HiLights Magenta Permanent Creme Hair Color product image 3,
haircolor-set10-027-hicolor-red-hilights-magenta-permanent-creme-hair-color,,,,,,,,,,,,,,,,,,https://www.sallybeauty.com/dw/image/v2/BCSM_PRD/on/demandware.static/-/Sites-SBS-SallyBeautySupply/default/dw4ef66559/images/large/SBS-500240-4.jpg?sw=750&sh=750&sfrm=png,4,HiColor Red HiLights Magenta Permanent Creme Hair Color product image 4,
haircolor-set10-027-hicolor-red-hilights-magenta-permanent-creme-hair-color,,,,,,,,,,,,,,,,,,https://www.sallybeauty.com/dw/image/v2/BCSM_PRD/on/demandware.static/-/Sites-SBS-SallyBeautySupply/default/dw3923bd4e/images/large/SBS-500240.jpg?sw=750&sh=750&sfrm=png,5,HiColor Red HiLights Magenta Permanent Creme Hair Color product image 5,
haircolor-set10-028-hicolor-red-hilights-red-permanent-creme-hair-color,HiColor Red HiLights Red Permanent Creme Hair Color,"<p><strong>HiColor Red HiLights Red Permanent Creme Hair Color</strong> is a salon-ready permanent dye product from L'Oreal Technique Excellence.</p><p>For highly-visible, intense red highlights even on dark hair, without brassiness Breakthrough technology lifts hair 3-4 levels, no pre-lightening required Rich, no-drip creme makes it easy for control of creative techniques Quick processing time of only thirty minutes True-to-shade color that resists fading Available in three Hi-lift Red shades NEW HiColor RED HiLights by L'Oreal Excellence is the first highlighting series formulated for dark hair. Rich, no-drip creme makes it easy for control of creative techniques . True-to-shade color that resists fading. L'Oreal Excellence HiColor Red HiLights is available in Magenta, Red, Copper Red and Copper. L’Oreal Help Line: (800) 345-5014. 9AM - 5PM EST, Monday-Friday</p><p>Ideal for professional color services including lightening, depositing, toning, maintenance, and finishing workflows.</p><p><strong>Supplier links:</strong> <a href=""https://www.sallybeauty.com/hair-color/shop-by-color/red-hair-color/hicolor-red-hilights-red-permanent-creme-hair-color/SBS-500241.html"">Sally Beauty</a> | <a href=""https://www.amazon.com/s?k=HiColor+Red+HiLights+Red+Permanent+Creme+Hair+Color"">Amazon</a> | <a href=""https://www.ebay.com/sch/i.html?_nkw=HiColor+Red+HiLights+Red+Permanent+Creme+Hair+Color"">eBay</a></p>",L'Oreal Technique Excellence,Hair Coloring,"sallybeauty,hair-color,set10,permanent-dye",TRUE,Title,Default Title,HCOLOR-SET10-028-500241,350,31,deny,manual,13.19,16.88,TRUE,TRUE,https://www.sallybeauty.com/dw/image/v2/BCSM_PRD/on/demandware.static/-/Sites-SBS-SallyBeautySupply/default/dwf004ab74/images/large/SBS-500241-1.jpg?sw=750&sh=750&sfrm=png,1,HiColor Red HiLights Red Permanent Creme Hair Color product image 1,active
haircolor-set10-028-hicolor-red-hilights-red-permanent-creme-hair-color,,,,,,,,,,,,,,,,,,https://www.sallybeauty.com/dw/image/v2/BCSM_PRD/on/demandware.static/-/Sites-SBS-SallyBeautySupply/default/dw36994c2b/images/large/SBS-500241-2.jpg?sw=750&sh=750&sfrm=png,2,HiColor Red HiLights Red Permanent Creme Hair Color product image 2,
haircolor-set10-028-hicolor-red-hilights-red-permanent-creme-hair-color,,,,,,,,,,,,,,,,,,https://www.sallybeauty.com/dw/image/v2/BCSM_PRD/on/demandware.static/-/Sites-SBS-SallyBeautySupply/default/dw0ecb1d81/images/large/SBS-500241-3.jpg?sw=750&sh=750&sfrm=png,3,HiColor Red HiLights Red Permanent Creme Hair Color product image 3,
haircolor-set10-028-hicolor-red-hilights-red-permanent-creme-hair-color,,,,,,,,,,,,,,,,,,https://www.sallybeauty.com/dw/image/v2/BCSM_PRD/on/demandware.static/-/Sites-SBS-SallyBeautySupply/default/dw2c22628f/images/large/SBS-500241-4.jpg?sw=750&sh=750&sfrm=png,4,HiColor Red HiLights Red Permanent Creme Hair Color product image 4,
haircolor-set10-028-hicolor-red-hilights-red-permanent-creme-hair-color,,,,,,,,,,,,,,,,,,https://www.sallybeauty.com/dw/image/v2/BCSM_PRD/on/demandware.static/-/Sites-SBS-SallyBeautySupply/default/dw67c6bb2d/images/large/SBS-500241.jpg?sw=750&sh=750&sfrm=png,5,HiColor Red HiLights Red Permanent Creme Hair Color product image 5,
haircolor-set10-029-intense-red-permanent-creme-hair-color,Intense Red Permanent Creme Hair Color,"<p><strong>Intense Red Permanent Creme Hair Color</strong> is a salon-ready permanent dye product from L'Oreal Technique Excellence.</p><p>Developed to lift dark hair in one single step, without brassiness Rich, smooth creme formula conditions and penetrates hair Breakthrough technology lifts hair 3-4 levels Intense, long-lasting color L'Oreal Excellence HiColor Permanent Hair Color is the first permanent hair color specifically created for dark hair (black to medium brown). Specifically developed to lift dark hair in one single step, without brassiness. This breakthrough technology lifts hair 3-4 levels. A strong lifting and toning action neutralizes unwanted orange tones, then deposits the shade of your choice. L'Oreal Excellence HiColor Permanent Hair Color's rich, smooth creme formula conditions and penetrates hair for intense, long-lasting color. True-to-shade color resists fading and has a quick processing time of only thirty minutes. No pre-lightening required. The end result is intense, long-lasting color. L’Oreal Help Line: (800) 345-5014. 9AM - 5PM EST, Monday-Friday</p><p>Ideal for professional color services including lightening, depositing, toning, maintenance, and finishing workflows.</p><p><strong>Supplier links:</strong> <a href=""https://www.sallybeauty.com/hair-color/shop-by-color/red-hair-color/intense-red-permanent-creme-hair-color/SBS-500269.html"">Sally Beauty</a> | <a href=""https://www.amazon.com/s?k=Intense+Red+Permanent+Creme+Hair+Color"">Amazon</a> | <a href=""https://www.ebay.com/sch/i.html?_nkw=Intense+Red+Permanent+Creme+Hair+Color"">eBay</a></p>",L'Oreal Technique Excellence,Hair Coloring,"sallybeauty,hair-color,set10,permanent-dye",TRUE,Title,Default Title,HCOLOR-SET10-029-500269,350,32,deny,manual,13.19,16.88,TRUE,TRUE,https://www.sallybeauty.com/dw/image/v2/BCSM_PRD/on/demandware.static/-/Sites-SBS-SallyBeautySupply/default/dw9bb6d8e4/images/large/SBS-500269-1.jpg?sw=750&sh=750&sfrm=png,1,Intense Red Permanent Creme Hair Color product image 1,active
haircolor-set10-029-intense-red-permanent-creme-hair-color,,,,,,,,,,,,,,,,,,https://www.sallybeauty.com/dw/image/v2/BCSM_PRD/on/demandware.static/-/Sites-SBS-SallyBeautySupply/default/dw6fd515fb/images/large/SBS-500269-2.jpg?sw=750&sh=750&sfrm=png,2,Intense Red Permanent Creme Hair Color product image 2,
haircolor-set10-029-intense-red-permanent-creme-hair-color,,,,,,,,,,,,,,,,,,https://www.sallybeauty.com/dw/image/v2/BCSM_PRD/on/demandware.static/-/Sites-SBS-SallyBeautySupply/default/dw385ba41a/images/large/SBS-500269-3.jpg?sw=750&sh=750&sfrm=png,3,Intense Red Permanent Creme Hair Color product image 3,
haircolor-set10-029-intense-red-permanent-creme-hair-color,,,,,,,,,,,,,,,,,,https://www.sallybeauty.com/dw/image/v2/BCSM_PRD/on/demandware.static/-/Sites-SBS-SallyBeautySupply/default/dw4af36515/images/large/SBS-500269-4.jpg?sw=750&sh=750&sfrm=png,4,Intense Red Permanent Creme Hair Color product image 4,
haircolor-set10-029-intense-red-permanent-creme-hair-color,,,,,,,,,,,,,,,,,,https://www.sallybeauty.com/dw/image/v2/BCSM_PRD/on/demandware.static/-/Sites-SBS-SallyBeautySupply/default/dwaa847784/images/large/SBS-500269.jpg?sw=750&sh=750&sfrm=png,5,Intense Red Permanent Creme Hair Color product image 5,
haircolor-set10-030-all-in-this-together-semi-permanent-hair-color,All In This Together Semi Permanent Hair Color,"<p><strong>All In This Together Semi Permanent Hair Color</strong> is a salon-ready semi permanent dye product from Good Dye Young Darker Daze.</p><p>Essential oil Bergamot smells subtly citrus and is know for mood lifting properties Ammonia free, peroxide free formulation, so it won't fry your hair Creamy formula with ultra vibrant color that lasts 4-6 weeks Vegan and cruelty free formula Good Dye Young's Semi-Permanent Hair Color combines professional-grade pigments with a formula that conditions as it deposits ultra-vibrant color. ""Hair is one of the coolest and easiest tools that we have for self-expression. It's your own personal megaphone…and it's attached to your head""' -Hayley Williams, Founder of Good Dye Young & Lead Singer of Paramore. Good Dye Young suppots artistry, creativity and self-expression. We believe happiness and confidence is the most beautiful you. We want to see you be #beautifullyobnoxious and rock it. Semi-Permanent Hair Color is vegan and cruelty-free. DISCLAIMER: None More Black was conceived to work well mixing with our other colors, so the violet undertone provides depth when mixed. In order to remove the violet and create a truer black, we recommend adding a small amount of Kowabunga to cancel out the violet coloring.</p><p>Ideal for professional color services including lightening, depositing, toning, maintenance, and finishing workflows.</p><p><strong>Supplier links:</strong> <a href=""https://www.sallybeauty.com/hair-color/shop-by-color/red-hair-color/all-in-this-together-semi-permanent-hair-color/SBS-007355.html"">Sally Beauty</a> | <a href=""https://www.amazon.com/s?k=All+In+This+Together+Semi+Permanent+Hair+Color"">Amazon</a> | <a href=""https://www.ebay.com/sch/i.html?_nkw=All+In+This+Together+Semi+Permanent+Hair+Color"">eBay</a></p>",Good Dye Young Darker Daze,Hair Coloring,"sallybeauty,hair-color,set10,semi-permanent-dye",TRUE,Title,Default Title,HCOLOR-SET10-030-007355,350,18,deny,manual,18.99,24.31,TRUE,TRUE,https://www.sallybeauty.com/dw/image/v2/BCSM_PRD/on/demandware.static/-/Sites-SBS-SallyBeautySupply/default/dwed98a9e3/images/large/SBS-007355-1.jpg?sw=750&sh=750&sfrm=png,1,All In This Together Semi Permanent Hair Color product image 1,active
haircolor-set10-030-all-in-this-together-semi-permanent-hair-color,,,,,,,,,,,,,,,,,,https://www.sallybeauty.com/dw/image/v2/BCSM_PRD/on/demandware.static/-/Sites-SBS-SallyBeautySupply/default/dwbcead31c/images/large/SBS-007355-2.jpg?sw=750&sh=750&sfrm=png,2,All In This Together Semi Permanent Hair Color product image 2,
haircolor-set10-030-all-in-this-together-semi-permanent-hair-color,,,,,,,,,,,,,,,,,,https://www.sallybeauty.com/dw/image/v2/BCSM_PRD/on/demandware.static/-/Sites-SBS-SallyBeautySupply/default/dwaded5cab/images/large/SBS-007355-3.jpg?sw=750&sh=750&sfrm=png,3,All In This Together Semi Permanent Hair Color product image 3,
haircolor-set10-030-all-in-this-together-semi-permanent-hair-color,,,,,,,,,,,,,,,,,,https://www.sallybeauty.com/dw/image/v2/BCSM_PRD/on/demandware.static/-/Sites-SBS-SallyBeautySupply/default/dw445b2124/images/large/SBS-007355-4.jpg?sw=750&sh=750&sfrm=png,4,All In This Together Semi Permanent Hair Color product image 4,
haircolor-set10-030-all-in-this-together-semi-permanent-hair-color,,,,,,,,,,,,,,,,,,https://www.sallybeauty.com/dw/image/v2/BCSM_PRD/on/demandware.static/-/Sites-SBS-SallyBeautySupply/default/dw3067532b/images/large/SBS-007355-5.jpg?sw=750&sh=750&sfrm=png,5,All In This Together Semi Permanent Hair Color product image 5,
haircolor-set10-031-b44w-intense-red-semi-permanent-moisturizing-hair-color,B44W Intense Red Semi Permanent Moisturizing Hair Color,"<p><strong>B44W Intense Red Semi Permanent Moisturizing Hair Color</strong> is a salon-ready semi permanent dye product from Clairol Professional Beautiful Collection.</p><p>Zero damage, moisturizing hair color for any hair type Revitalizes hair with a rich, indulgent color boost Gentle enough to use immediately after relaxing Enriched with Aloe Vera and Jojoba Oil Leaves hair feeling moisturized Blends gray Semi-Permanent Moisturizing Hair Color is fortified with aloe vera, jojoba and vitamin E for long-lasting, deep conditioning results and fade-resistance. Get rich, natural-looking color with luminous shine. Clairol Professional Help Line: 1-800-221-4900 Hotlines are open from 8:30am to 8:30pm Monday – Friday and 9:00am – 6:00pm Saturday & Sunday EASTERN TIME.</p><p>Ideal for professional color services including lightening, depositing, toning, maintenance, and finishing workflows.</p><p><strong>Supplier links:</strong> <a href=""https://www.sallybeauty.com/hair-color/shop-by-type/semi-permanent-hair-color/b44w-intense-red-semi-permanent-moisturizing-hair-color/SBS-009577.html"">Sally Beauty</a> | <a href=""https://www.amazon.com/s?k=B44W+Intense+Red+Semi+Permanent+Moisturizing+Hair+Color"">Amazon</a> | <a href=""https://www.ebay.com/sch/i.html?_nkw=B44W+Intense+Red+Semi+Permanent+Moisturizing+Hair+Color"">eBay</a></p>",Clairol Professional Beautiful Collection,Hair Coloring,"sallybeauty,hair-color,set10,semi-permanent-dye",TRUE,Title,Default Title,HCOLOR-SET10-031-009577,350,19,deny,manual,11.49,14.71,TRUE,TRUE,https://www.sallybeauty.com/dw/image/v2/BCSM_PRD/on/demandware.static/-/Sites-SBS-SallyBeautySupply/default/dw8408a34b/images/large/SBS-009577-1.jpg?sw=750&sh=750&sfrm=png,1,B44W Intense Red Semi Permanent Moisturizing Hair Color product image 1,active
haircolor-set10-031-b44w-intense-red-semi-permanent-moisturizing-hair-color,,,,,,,,,,,,,,,,,,https://www.sallybeauty.com/dw/image/v2/BCSM_PRD/on/demandware.static/-/Sites-SBS-SallyBeautySupply/default/dw5101b377/images/large/SBS-009577-2.jpg?sw=750&sh=750&sfrm=png,2,B44W Intense Red Semi Permanent Moisturizing Hair Color product image 2,
haircolor-set10-031-b44w-intense-red-semi-permanent-moisturizing-hair-color,,,,,,,,,,,,,,,,,,https://www.sallybeauty.com/dw/image/v2/BCSM_PRD/on/demandware.static/-/Sites-SBS-SallyBeautySupply/default/dwbdb6bccc/images/large/SBS-009577-3.jpg?sw=750&sh=750&sfrm=png,3,B44W Intense Red Semi Permanent Moisturizing Hair Color product image 3,
haircolor-set10-031-b44w-intense-red-semi-permanent-moisturizing-hair-color,,,,,,,,,,,,,,,,,,https://www.sallybeauty.com/dw/image/v2/BCSM_PRD/on/demandware.static/-/Sites-SBS-SallyBeautySupply/default/dw84e72599/images/large/SBS-009577-4.jpg?sw=750&sh=750&sfrm=png,4,B44W Intense Red Semi Permanent Moisturizing Hair Color product image 4,
haircolor-set10-031-b44w-intense-red-semi-permanent-moisturizing-hair-color,,,,,,,,,,,,,,,,,,https://www.sallybeauty.com/dw/image/v2/BCSM_PRD/on/demandware.static/-/Sites-SBS-SallyBeautySupply/default/dw26d14176/images/large/SBS-009577-5.jpg?sw=750&sh=750&sfrm=png,5,B44W Intense Red Semi Permanent Moisturizing Hair Color product image 5,
haircolor-set10-032-red-direct-vibes-semi-permanent-hair-color,Red Direct Vibes Semi Permanent Hair Color,"<p><strong>Red Direct Vibes Semi Permanent Hair Color</strong> is a salon-ready semi permanent dye product from Color Lux Direct Vibes.</p><p>Gluten free, cruelty free, paraben free, sulfate free, and vegan Never tested on animals Built in Bond Builder Long lasting color Semi Permanent Direct Vibes is a semi-permanent direct dye hair color. Direct Vibes is packed with pigment to give you a vibrant, long lasting color. Our bond building, conditioning formula will leave your hair healthy and soft with a radiant shine.</p><p>Ideal for professional color services including lightening, depositing, toning, maintenance, and finishing workflows.</p><p><strong>Supplier links:</strong> <a href=""https://www.sallybeauty.com/hair-color/shop-by-type/semi-permanent-hair-color/red-direct-vibes-semi-permanent-hair-color/SBS-007835.html"">Sally Beauty</a> | <a href=""https://www.amazon.com/s?k=Red+Direct+Vibes+Semi+Permanent+Hair+Color"">Amazon</a> | <a href=""https://www.ebay.com/sch/i.html?_nkw=Red+Direct+Vibes+Semi+Permanent+Hair+Color"">eBay</a></p>",Color Lux Direct Vibes,Hair Coloring,"sallybeauty,hair-color,set10,semi-permanent-dye",TRUE,Title,Default Title,HCOLOR-SET10-032-007835,350,20,deny,manual,16.49,21.11,TRUE,TRUE,https://www.sallybeauty.com/dw/image/v2/BCSM_PRD/on/demandware.static/-/Sites-SBS-SallyBeautySupply/default/dw83565623/images/large/SBS-007835-1.jpg?sw=750&sh=750&sfrm=png,1,Red Direct Vibes Semi Permanent Hair Color product image 1,active
haircolor-set10-032-red-direct-vibes-semi-permanent-hair-color,,,,,,,,,,,,,,,,,,https://www.sallybeauty.com/dw/image/v2/BCSM_PRD/on/demandware.static/-/Sites-SBS-SallyBeautySupply/default/dwbf8fcf36/images/large/SBS-007835.jpg?sw=750&sh=750&sfrm=png,2,Red Direct Vibes Semi Permanent Hair Color product image 2,
haircolor-set10-032-red-direct-vibes-semi-permanent-hair-color,,,,,,,,,,,,,,,,,,https://www.sallybeauty.com/dw/image/v2/BCSM_PRD/on/demandware.static/-/Sites-SBS-SallyBeautySupply/default/dw83565623/images/large/SBS-007835-1.jpg?sw=1500&sh=1500&sfrm=png,3,Red Direct Vibes Semi Permanent Hair Color product image 3,
haircolor-set10-032-red-direct-vibes-semi-permanent-hair-color,,,,,,,,,,,,,,,,,,https://www.sallybeauty.com/dw/image/v2/BCSM_PRD/on/demandware.static/-/Sites-SBS-SallyBeautySupply/default/dw83565623/images/large/SBS-007835-1.png?sw=650&sh=650,4,Red Direct Vibes Semi Permanent Hair Color product image 4,
haircolor-set10-032-red-direct-vibes-semi-permanent-hair-color,,,,,,,,,,,,,,,,,,https://www.sallybeauty.com/dw/image/v2/BCSM_PRD/on/demandware.static/-/Sites-SBS-SallyBeautySupply/default/dwbf8fcf36/images/large/SBS-007835.jpg?sw=1500&sh=1500&sfrm=png,5,Red Direct Vibes Semi Permanent Hair Color product image 5,
haircolor-set10-033-semi-permanent-brights-hair-color-titanium,Semi-Permanent Brights Hair Color Titanium,"<p><strong>Semi-Permanent Brights Hair Color Titanium</strong> is a salon-ready semi permanent dye product from ion.</p><p>Easier, more controlled application supported by a smoother, more workable texture A gentler option for creative color, making it suitable for hair with previous damage Maintains up to 87% of color after 20 washes for longer-lasting vivid hair color** Delivers up to 181% more shine for noticeably brighter, more reflective color* Features a conditioning formula that improves shine and wet combability Less color fade for color that stays vibrant longer Enjoy longer-lasting vibrancy: ion® Brights Semi-Permanent Hair Color maintains up to 87% of color after 20 washes*, when most colors fade in just 6–10. Semi-permanent hair color coats the outside of hair to add vivid color, without penetrating the hair cuticle like permanent or demi-permanent dyes do.The conditioning formula is designed to spread smoothly through hair, improving wet combability and making application easier, more controlled and more even. With improved color retention and reduced fade, these bright hair colors stay vibrant and luminous wash after wash, all without the need for a developer. *Study conducted on ion-semi permanent shade Purple new formula vs untreated hair **Study conducted on ion Semi-Permanent shade Shamrock with a base shampoo</p><p>Ideal for professional color services including lightening, depositing, toning, maintenance, and finishing workflows.</p><p><strong>Supplier links:</strong> <a href=""https://www.sallybeauty.com/hair-color/shop-by-type/semi-permanent-hair-color/semi-permanent-brights-hair-color-titanium/SBS-025051.html"">Sally Beauty</a> | <a href=""https://www.amazon.com/s?k=Semi-Permanent+Brights+Hair+Color+Titanium"">Amazon</a> | <a href=""https://www.ebay.com/sch/i.html?_nkw=Semi-Permanent+Brights+Hair+Color+Titanium"">eBay</a></p>",ion,Hair Coloring,"sallybeauty,hair-color,set10,semi-permanent-dye",TRUE,Title,Default Title,HCOLOR-SET10-033-025051,350,21,deny,manual,11.49,14.71,TRUE,TRUE,https://www.sallybeauty.com/dw/image/v2/BCSM_PRD/on/demandware.static/-/Sites-SBS-SallyBeautySupply/default/dw556209fc/images/large/SBS-025051-1.jpg?sw=750&sh=750&sfrm=png,1,Semi-Permanent Brights Hair Color Titanium product image 1,active
haircolor-set10-033-semi-permanent-brights-hair-color-titanium,,,,,,,,,,,,,,,,,,https://www.sallybeauty.com/dw/image/v2/BCSM_PRD/on/demandware.static/-/Sites-SBS-SallyBeautySupply/default/dwea60754c/images/large/SBS-025051-2.jpg?sw=750&sh=750&sfrm=png,2,Semi-Permanent Brights Hair Color Titanium product image 2,
haircolor-set10-033-semi-permanent-brights-hair-color-titanium,,,,,,,,,,,,,,,,,,https://www.sallybeauty.com/dw/image/v2/BCSM_PRD/on/demandware.static/-/Sites-SBS-SallyBeautySupply/default/dw3f658c5c/images/large/SBS-025051-3.jpg?sw=750&sh=750&sfrm=png,3,Semi-Permanent Brights Hair Color Titanium product image 3,
haircolor-set10-033-semi-permanent-brights-hair-color-titanium,,,,,,,,,,,,,,,,,,https://www.sallybeauty.com/dw/image/v2/BCSM_PRD/on/demandware.static/-/Sites-SBS-SallyBeautySupply/default/dwffb16691/images/large/SBS-025051-4.jpg?sw=750&sh=750&sfrm=png,4,Semi-Permanent Brights Hair Color Titanium product image 4,
haircolor-set10-033-semi-permanent-brights-hair-color-titanium,,,,,,,,,,,,,,,,,,https://www.sallybeauty.com/dw/image/v2/BCSM_PRD/on/demandware.static/-/Sites-SBS-SallyBeautySupply/default/dw2d46134f/images/large/SBS-025051-5.jpg?sw=750&sh=750&sfrm=png,5,Semi-Permanent Brights Hair Color Titanium product image 5,
haircolor-set10-034-semi-permanent-hair-color-muse,Semi-Permanent Hair Color Muse,"<p><strong>Semi-Permanent Hair Color Muse</strong> is a salon-ready semi permanent dye product from Suavecito Suavecita.</p><p>No PPD No Peroxide No Ammonia No Developer required Vegan & Cruelty-Free Proudly Made in the United States Suavecita Semi-Permanent Hair Color is a direct dye cream formula that does not require a developer. Feel good about adding a pop of color to your pre-lightened hair with this conditioner based, vegan and cruelty-free, long-lasting, semi-permanent color line. Continue to be the artist you are and create your masterpiece using these shades.</p><p>Ideal for professional color services including lightening, depositing, toning, maintenance, and finishing workflows.</p><p><strong>Supplier links:</strong> <a href=""https://www.sallybeauty.com/hair-color/shop-by-type/semi-permanent-hair-color/semi-permanent-hair-color-muse/SBS-005972.html"">Sally Beauty</a> | <a href=""https://www.amazon.com/s?k=Semi-Permanent+Hair+Color+Muse"">Amazon</a> | <a href=""https://www.ebay.com/sch/i.html?_nkw=Semi-Permanent+Hair+Color+Muse"">eBay</a></p>",Suavecito Suavecita,Hair Coloring,"sallybeauty,hair-color,set10,semi-permanent-dye",TRUE,Title,Default Title,HCOLOR-SET10-034-005972,350,22,deny,manual,8.79,11.25,TRUE,TRUE,https://www.sallybeauty.com/dw/image/v2/BCSM_PRD/on/demandware.static/-/Sites-SBS-SallyBeautySupply/default/dwf151f34d/images/large/SBS-005972-1.jpg?sw=750&sh=750&sfrm=png,1,Semi-Permanent Hair Color Muse product image 1,active
haircolor-set10-034-semi-permanent-hair-color-muse,,,,,,,,,,,,,,,,,,https://www.sallybeauty.com/dw/image/v2/BCSM_PRD/on/demandware.static/-/Sites-SBS-SallyBeautySupply/default/dwf2e88d19/images/large/SBS-005972-2.jpg?sw=750&sh=750&sfrm=png,2,Semi-Permanent Hair Color Muse product image 2,
haircolor-set10-034-semi-permanent-hair-color-muse,,,,,,,,,,,,,,,,,,https://www.sallybeauty.com/dw/image/v2/BCSM_PRD/on/demandware.static/-/Sites-SBS-SallyBeautySupply/default/dwe89475b6/images/large/SBS-005972-3.jpg?sw=750&sh=750&sfrm=png,3,Semi-Permanent Hair Color Muse product image 3,
haircolor-set10-034-semi-permanent-hair-color-muse,,,,,,,,,,,,,,,,,,https://www.sallybeauty.com/dw/image/v2/BCSM_PRD/on/demandware.static/-/Sites-SBS-SallyBeautySupply/default/dwd119985f/images/large/SBS-005972-4.jpg?sw=750&sh=750&sfrm=png,4,Semi-Permanent Hair Color Muse product image 4,
haircolor-set10-034-semi-permanent-hair-color-muse,,,,,,,,,,,,,,,,,,https://www.sallybeauty.com/dw/image/v2/BCSM_PRD/on/demandware.static/-/Sites-SBS-SallyBeautySupply/default/dw4d7d68b0/images/large/SBS-005972.jpg?sw=750&sh=750&sfrm=png,5,Semi-Permanent Hair Color Muse product image 5,
haircolor-set10-035-semi-permanent-hair-color-paradox,Semi-Permanent Hair Color Paradox,"<p><strong>Semi-Permanent Hair Color Paradox</strong> is a salon-ready semi permanent dye product from Suavecito Suavecita.</p><p>No PPD No Peroxide No Ammonia No Developer required Vegan & Cruelty-Free Proudly Made in the United States Suavecita Semi-Permanent Hair Color is a direct dye cream formula that does not require a developer. Feel good about adding a pop of color to your pre-lightened hair with this conditioner based, vegan and cruelty-free, long-lasting, semi-permanent color line. Continue to be the artist you are and create your masterpiece using these shades.</p><p>Ideal for professional color services including lightening, depositing, toning, maintenance, and finishing workflows.</p><p><strong>Supplier links:</strong> <a href=""https://www.sallybeauty.com/hair-color/shop-by-type/semi-permanent-hair-color/semi-permanent-hair-color-paradox/SBS-005973.html"">Sally Beauty</a> | <a href=""https://www.amazon.com/s?k=Semi-Permanent+Hair+Color+Paradox"">Amazon</a> | <a href=""https://www.ebay.com/sch/i.html?_nkw=Semi-Permanent+Hair+Color+Paradox"">eBay</a></p>",Suavecito Suavecita,Hair Coloring,"sallybeauty,hair-color,set10,semi-permanent-dye",TRUE,Title,Default Title,HCOLOR-SET10-035-005973,350,23,deny,manual,8.79,11.25,TRUE,TRUE,https://www.sallybeauty.com/dw/image/v2/BCSM_PRD/on/demandware.static/-/Sites-SBS-SallyBeautySupply/default/dwd1932016/images/large/SBS-005973-1.jpg?sw=750&sh=750&sfrm=png,1,Semi-Permanent Hair Color Paradox product image 1,active
haircolor-set10-035-semi-permanent-hair-color-paradox,,,,,,,,,,,,,,,,,,https://www.sallybeauty.com/dw/image/v2/BCSM_PRD/on/demandware.static/-/Sites-SBS-SallyBeautySupply/default/dwcaed0380/images/large/SBS-005973-2.jpg?sw=750&sh=750&sfrm=png,2,Semi-Permanent Hair Color Paradox product image 2,
haircolor-set10-035-semi-permanent-hair-color-paradox,,,,,,,,,,,,,,,,,,https://www.sallybeauty.com/dw/image/v2/BCSM_PRD/on/demandware.static/-/Sites-SBS-SallyBeautySupply/default/dw79dcedb2/images/large/SBS-005973-3.jpg?sw=750&sh=750&sfrm=png,3,Semi-Permanent Hair Color Paradox product image 3,
haircolor-set10-035-semi-permanent-hair-color-paradox,,,,,,,,,,,,,,,,,,https://www.sallybeauty.com/dw/image/v2/BCSM_PRD/on/demandware.static/-/Sites-SBS-SallyBeautySupply/default/dw3c3892b9/images/large/SBS-005973-4.jpg?sw=750&sh=750&sfrm=png,4,Semi-Permanent Hair Color Paradox product image 4,
haircolor-set10-035-semi-permanent-hair-color-paradox,,,,,,,,,,,,,,,,,,https://www.sallybeauty.com/dw/image/v2/BCSM_PRD/on/demandware.static/-/Sites-SBS-SallyBeautySupply/default/dwf3863ccd/images/large/SBS-005973.jpg?sw=750&sh=750&sfrm=png,5,Semi-Permanent Hair Color Paradox product image 5,
haircolor-set10-036-balayage-board-tint-brush-kit,Balayage Board & Tint Brush Kit,"<p><strong>Balayage Board & Tint Brush Kit</strong> is a salon-ready tools foils product from Salon Care.</p><p>Reusable balayage board & tint brush Lightener not included Professional kit Salon Care Balayage Board and Tint Brush Kit includes all of the tools for a balayage service at your home! Kit includes balayage board and tint brush.</p><p>Ideal for professional color services including lightening, depositing, toning, maintenance, and finishing workflows.</p><p><strong>Supplier links:</strong> <a href=""https://www.sallybeauty.com/hair-color/other-products-and-applications/hair-color-accessories/balayage-board-and-tint-brush-kit/SBS-292722.html"">Sally Beauty</a> | <a href=""https://www.amazon.com/s?k=Balayage+Board+%26+Tint+Brush+Kit"">Amazon</a> | <a href=""https://www.ebay.com/sch/i.html?_nkw=Balayage+Board+%26+Tint+Brush+Kit"">eBay</a></p>",Salon Care,Hair Coloring,"sallybeauty,hair-color,set10,tools-foils",TRUE,Title,Default Title,HCOLOR-SET10-036-292722,350,24,deny,manual,11.99,15.35,TRUE,TRUE,https://www.sallybeauty.com/dw/image/v2/BCSM_PRD/on/demandware.static/-/Sites-SBS-SallyBeautySupply/default/dwcf7fb851/images/large/SBS-292722-1.jpg?sw=750&sh=750&sfrm=png,1,Balayage Board & Tint Brush Kit product image 1,active
haircolor-set10-036-balayage-board-tint-brush-kit,,,,,,,,,,,,,,,,,,https://www.sallybeauty.com/dw/image/v2/BCSM_PRD/on/demandware.static/-/Sites-SBS-SallyBeautySupply/default/dw1595eed7/images/large/SBS-292722.jpg?sw=750&sh=750&sfrm=png,2,Balayage Board & Tint Brush Kit product image 2,
haircolor-set10-036-balayage-board-tint-brush-kit,,,,,,,,,,,,,,,,,,https://www.sallybeauty.com/dw/image/v2/BCSM_PRD/on/demandware.static/-/Sites-SBS-SallyBeautySupply/default/dwcf7fb851/images/large/SBS-292722-1.jpg?sw=1500&sh=1500&sfrm=png,3,Balayage Board & Tint Brush Kit product image 3,
haircolor-set10-036-balayage-board-tint-brush-kit,,,,,,,,,,,,,,,,,,https://www.sallybeauty.com/dw/image/v2/BCSM_PRD/on/demandware.static/-/Sites-SBS-SallyBeautySupply/default/dwcf7fb851/images/large/SBS-292722-1.png?sw=650&sh=650,4,Balayage Board & Tint Brush Kit product image 4,
haircolor-set10-036-balayage-board-tint-brush-kit,,,,,,,,,,,,,,,,,,https://www.sallybeauty.com/dw/image/v2/BCSM_PRD/on/demandware.static/-/Sites-SBS-SallyBeautySupply/default/dw1595eed7/images/large/SBS-292722.jpg?sw=1500&sh=1500&sfrm=png,5,Balayage Board & Tint Brush Kit product image 5,
haircolor-set10-037-full-size-foil-sheets-200-ct,Full-Size Foil Sheets 200 ct,"<p><strong>Full-Size Foil Sheets 200 ct</strong> is a salon-ready tools foils product from Salon Care.</p><p>Use for all hair color techniques 9"" x 10.75"" individual sheets Convenient dispensing box Professional quality Easy to fold Salon Care Full-Size Foil Sheets are perfect for all hair coloring techniques and services. Save on preparation time with these texturized-for-easy-application foil sheets.</p><p>Ideal for professional color services including lightening, depositing, toning, maintenance, and finishing workflows.</p><p><strong>Supplier links:</strong> <a href=""https://www.sallybeauty.com/hair-color/other-products-and-applications/hair-color-accessories/full-size-foil-sheets-200-ct/SBS-292303.html"">Sally Beauty</a> | <a href=""https://www.amazon.com/s?k=Full-Size+Foil+Sheets+200+ct"">Amazon</a> | <a href=""https://www.ebay.com/sch/i.html?_nkw=Full-Size+Foil+Sheets+200+ct"">eBay</a></p>",Salon Care,Hair Coloring,"sallybeauty,hair-color,set10,tools-foils",TRUE,Title,Default Title,HCOLOR-SET10-037-292303,350,25,deny,manual,11.49,14.71,TRUE,TRUE,https://www.sallybeauty.com/dw/image/v2/BCSM_PRD/on/demandware.static/-/Sites-SBS-SallyBeautySupply/default/dw10c32987/images/large/SBS-292303-1.jpg?sw=750&sh=750&sfrm=png,1,Full-Size Foil Sheets 200 ct product image 1,active
haircolor-set10-037-full-size-foil-sheets-200-ct,,,,,,,,,,,,,,,,,,https://www.sallybeauty.com/dw/image/v2/BCSM_PRD/on/demandware.static/-/Sites-SBS-SallyBeautySupply/default/dw568f8a05/images/large/SBS-292303.jpg?sw=750&sh=750&sfrm=png,2,Full-Size Foil Sheets 200 ct product image 2,
haircolor-set10-037-full-size-foil-sheets-200-ct,,,,,,,,,,,,,,,,,,https://www.sallybeauty.com/dw/image/v2/BCSM_PRD/on/demandware.static/-/Sites-SBS-SallyBeautySupply/default/dw10c32987/images/large/SBS-292303-1.jpg?sw=1500&sh=1500&sfrm=png,3,Full-Size Foil Sheets 200 ct product image 3,
haircolor-set10-037-full-size-foil-sheets-200-ct,,,,,,,,,,,,,,,,,,https://www.sallybeauty.com/dw/image/v2/BCSM_PRD/on/demandware.static/-/Sites-SBS-SallyBeautySupply/default/dw10c32987/images/large/SBS-292303-1.png?sw=650&sh=650,4,Full-Size Foil Sheets 200 ct product image 4,
haircolor-set10-037-full-size-foil-sheets-200-ct,,,,,,,,,,,,,,,,,,https://www.sallybeauty.com/dw/image/v2/BCSM_PRD/on/demandware.static/-/Sites-SBS-SallyBeautySupply/default/dw568f8a05/images/large/SBS-292303.jpg?sw=1500&sh=1500&sfrm=png,5,Full-Size Foil Sheets 200 ct product image 5,
haircolor-set10-038-hair-color-mixing-bowl,Hair Color Mixing Bowl,"<p><strong>Hair Color Mixing Bowl</strong> is a salon-ready tools foils product from Salon Care.</p><p>Easy to read measurements on sides and bottom Measurements in ounces or milliliters Convenient handle and pour spout Ships assorted in pink, blue or clear Salon Care Hair Color Mixing Bowl a salon essential for accurate and complete mixing of hair color and is made from the highest quality durable materials for long lasting use, also features a convenient handle and pouring lip.</p><p>Ideal for professional color services including lightening, depositing, toning, maintenance, and finishing workflows.</p><p><strong>Supplier links:</strong> <a href=""https://www.sallybeauty.com/hair-color/other-products-and-applications/hair-color-accessories/hair-color-mixing-bowl/SBS-292702.html"">Sally Beauty</a> | <a href=""https://www.amazon.com/s?k=Hair+Color+Mixing+Bowl"">Amazon</a> | <a href=""https://www.ebay.com/sch/i.html?_nkw=Hair+Color+Mixing+Bowl"">eBay</a></p>",Salon Care,Hair Coloring,"sallybeauty,hair-color,set10,tools-foils",TRUE,Title,Default Title,HCOLOR-SET10-038-292702,350,26,deny,manual,4.49,5.75,TRUE,TRUE,https://www.sallybeauty.com/dw/image/v2/BCSM_PRD/on/demandware.static/-/Sites-SBS-SallyBeautySupply/default/dw53065ee4/images/large/SBS-292702-1.jpg?sw=750&sh=750&sfrm=png,1,Hair Color Mixing Bowl product image 1,active
haircolor-set10-038-hair-color-mixing-bowl,,,,,,,,,,,,,,,,,,https://www.sallybeauty.com/dw/image/v2/BCSM_PRD/on/demandware.static/-/Sites-SBS-SallyBeautySupply/default/dwcaa9df5c/images/large/SBS-292702-4.jpg?sw=750&sh=750&sfrm=png,2,Hair Color Mixing Bowl product image 2,
haircolor-set10-038-hair-color-mixing-bowl,,,,,,,,,,,,,,,,,,https://www.sallybeauty.com/dw/image/v2/BCSM_PRD/on/demandware.static/-/Sites-SBS-SallyBeautySupply/default/dw0cbca061/images/large/SBS-292702.jpg?sw=750&sh=750&sfrm=png,3,Hair Color Mixing Bowl product image 3,
haircolor-set10-038-hair-color-mixing-bowl,,,,,,,,,,,,,,,,,,https://www.sallybeauty.com/dw/image/v2/BCSM_PRD/on/demandware.static/-/Sites-SBS-SallyBeautySupply/default/dw53065ee4/images/large/SBS-292702-1.jpg?sw=1500&sh=1500&sfrm=png,4,Hair Color Mixing Bowl product image 4,
haircolor-set10-038-hair-color-mixing-bowl,,,,,,,,,,,,,,,,,,https://www.sallybeauty.com/dw/image/v2/BCSM_PRD/on/demandware.static/-/Sites-SBS-SallyBeautySupply/default/dwcaa9df5c/images/large/SBS-292702-4.jpg?sw=1500&sh=1500&sfrm=png,5,Hair Color Mixing Bowl product image 5,
haircolor-set10-039-professional-foil-roll,Professional Foil Roll,"<p><strong>Professional Foil Roll</strong> is a salon-ready tools foils product from Colortrak.</p><p>Folds tighter and stays folded Dispenser box with cutting edge No waste - cut foil to precise lengths 5"" x 250' Roll Colortrak Professional Foil is great for all hair coloring techniques. Convenient roll dispensing lets you dispense what you need - no waste!</p><p>Ideal for professional color services including lightening, depositing, toning, maintenance, and finishing workflows.</p><p><strong>Supplier links:</strong> <a href=""https://www.sallybeauty.com/hair-color/other-products-and-applications/hair-color-accessories/professional-foil-roll/SBS-702509.html"">Sally Beauty</a> | <a href=""https://www.amazon.com/s?k=Professional+Foil+Roll"">Amazon</a> | <a href=""https://www.ebay.com/sch/i.html?_nkw=Professional+Foil+Roll"">eBay</a></p>",Colortrak,Hair Coloring,"sallybeauty,hair-color,set10,tools-foils",TRUE,Title,Default Title,HCOLOR-SET10-039-702509,350,27,deny,manual,21.99,28.15,TRUE,TRUE,https://www.sallybeauty.com/dw/image/v2/BCSM_PRD/on/demandware.static/-/Sites-SBS-SallyBeautySupply/default/dwc6f1cc17/images/large/SBS-702509-1.jpg?sw=750&sh=750&sfrm=png,1,Professional Foil Roll product image 1,active
haircolor-set10-039-professional-foil-roll,,,,,,,,,,,,,,,,,,https://www.sallybeauty.com/dw/image/v2/BCSM_PRD/on/demandware.static/-/Sites-SBS-SallyBeautySupply/default/dw516c66c7/images/large/SBS-702509-2.jpg?sw=750&sh=750&sfrm=png,2,Professional Foil Roll product image 2,
haircolor-set10-039-professional-foil-roll,,,,,,,,,,,,,,,,,,https://www.sallybeauty.com/dw/image/v2/BCSM_PRD/on/demandware.static/-/Sites-SBS-SallyBeautySupply/default/dw5f3c04ee/images/large/SBS-702509-3.jpg?sw=750&sh=750&sfrm=png,3,Professional Foil Roll product image 3,
haircolor-set10-039-professional-foil-roll,,,,,,,,,,,,,,,,,,https://www.sallybeauty.com/dw/image/v2/BCSM_PRD/on/demandware.static/-/Sites-SBS-SallyBeautySupply/default/dw19e2d51e/images/large/SBS-702509.jpg?sw=750&sh=750&sfrm=png,4,Professional Foil Roll product image 4,
haircolor-set10-039-professional-foil-roll,,,,,,,,,,,,,,,,,,https://www.sallybeauty.com/dw/image/v2/BCSM_PRD/on/demandware.static/-/Sites-SBS-SallyBeautySupply/default/dwc6f1cc17/images/large/SBS-702509-1.jpg?sw=1500&sh=1500&sfrm=png,5,Professional Foil Roll product image 5,
haircolor-set10-040-purple-extra-wide-jumbo-tint-brush,Purple Extra Wide Jumbo Tint Brush,"<p><strong>Purple Extra Wide Jumbo Tint Brush</strong> is a salon-ready tools foils product from ion.</p><p>Long handle for accurate control and protection Faster and wider coverage - 2.5 Inches Durable purple plastic handle Add the ion Color Brilliance Extra Wide Jumbo Tint Brush to your hair color accessories for easy application of color, bleach and hair paints.</p><p>Ideal for professional color services including lightening, depositing, toning, maintenance, and finishing workflows.</p><p><strong>Supplier links:</strong> <a href=""https://www.sallybeauty.com/hair-color/other-products-and-applications/hair-color-accessories/purple-extra-wide-jumbo-tint-brush/SBS-305962.html"">Sally Beauty</a> | <a href=""https://www.amazon.com/s?k=Purple+Extra+Wide+Jumbo+Tint+Brush"">Amazon</a> | <a href=""https://www.ebay.com/sch/i.html?_nkw=Purple+Extra+Wide+Jumbo+Tint+Brush"">eBay</a></p>",ion,Hair Coloring,"sallybeauty,hair-color,set10,tools-foils",TRUE,Title,Default Title,HCOLOR-SET10-040-305962,350,28,deny,manual,2.19,2.80,TRUE,TRUE,https://www.sallybeauty.com/dw/image/v2/BCSM_PRD/on/demandware.static/-/Sites-SBS-SallyBeautySupply/default/dwff738b77/images/large/SBS-305962.jpg?sw=750&sh=750&sfrm=png,1,Purple Extra Wide Jumbo Tint Brush product image 1,active
haircolor-set10-040-purple-extra-wide-jumbo-tint-brush,,,,,,,,,,,,,,,,,,https://www.sallybeauty.com/dw/image/v2/BCSM_PRD/on/demandware.static/-/Sites-SBS-SallyBeautySupply/default/dwff738b77/images/large/SBS-305962.jpg?sw=1500&sh=1500&sfrm=png,2,Purple Extra Wide Jumbo Tint Brush product image 2,
haircolor-set10-040-purple-extra-wide-jumbo-tint-brush,,,,,,,,,,,,,,,,,,https://www.sallybeauty.com/dw/image/v2/BCSM_PRD/on/demandware.static/-/Sites-SBS-SallyBeautySupply/default/dwff738b77/images/large/SBS-305962.png?sw=650&sh=650,3,Purple Extra Wide Jumbo Tint Brush product image 3,
haircolor-set10-040-purple-extra-wide-jumbo-tint-brush,,,,,,,,,,,,,,,,,,https://www.sallybeauty.com/dw/image/v2/BCSM_PRD/on/demandware.static/-/Sites-SBS-SallyBeautySupply/default/dwff738b77/images/large/SBS-305962.png?sw=70&sh=70,4,Purple Extra Wide Jumbo Tint Brush product image 4,
haircolor-set10-040-purple-extra-wide-jumbo-tint-brush,,,,,,,,,,,,,,,,,,https://www.sallybeauty.com/dw/image/v2/BCSM_PRD/on/demandware.static/-/Sites-SBS-SallyBeautySupply/default/dwff738b77/images/large/SBS-305962.jpg?sw=650&sh=650,5,Purple Extra Wide Jumbo Tint Brush product image 5,
haircolor-set10-041-see-thru-foil-sheets,See-Thru Foil Sheets,"<p><strong>See-Thru Foil Sheets</strong> is a salon-ready tools foils product from Graham Professional Beauty Sanek.</p><p>Fast, at-a-glance color checking Saves times and ensures optimal results May be used with regular foil 35 sheets - 5.25"" x 8"" Save time and money! Sanek See-Thru Foil allows you to at a glance to color check and minimize the potential for bleeding. Colorists can see through the foil to check on processing without repeated opening, thereby minimizing the potential for bleeding. Saves times and ensures optimal results.</p><p>Ideal for professional color services including lightening, depositing, toning, maintenance, and finishing workflows.</p><p><strong>Supplier links:</strong> <a href=""https://www.sallybeauty.com/hair-color/other-products-and-applications/hair-color-accessories/see-thru-foil-sheets/SBS-580178.html"">Sally Beauty</a> | <a href=""https://www.amazon.com/s?k=See-Thru+Foil+Sheets"">Amazon</a> | <a href=""https://www.ebay.com/sch/i.html?_nkw=See-Thru+Foil+Sheets"">eBay</a></p>",Graham Professional Beauty Sanek,Hair Coloring,"sallybeauty,hair-color,set10,tools-foils",TRUE,Title,Default Title,HCOLOR-SET10-041-580178,350,29,deny,manual,4.39,5.62,TRUE,TRUE,https://www.sallybeauty.com/dw/image/v2/BCSM_PRD/on/demandware.static/-/Sites-SBS-SallyBeautySupply/default/dw01894001/images/large/SBS-580178-1.jpg?sw=750&sh=750&sfrm=png,1,See-Thru Foil Sheets product image 1,active
haircolor-set10-041-see-thru-foil-sheets,,,,,,,,,,,,,,,,,,https://www.sallybeauty.com/dw/image/v2/BCSM_PRD/on/demandware.static/-/Sites-SBS-SallyBeautySupply/default/dweea06364/images/large/SBS-580178.jpg?sw=750&sh=750&sfrm=png,2,See-Thru Foil Sheets product image 2,
haircolor-set10-041-see-thru-foil-sheets,,,,,,,,,,,,,,,,,,https://www.sallybeauty.com/dw/image/v2/BCSM_PRD/on/demandware.static/-/Sites-SBS-SallyBeautySupply/default/dw01894001/images/large/SBS-580178-1.jpg?sw=1500&sh=1500&sfrm=png,3,See-Thru Foil Sheets product image 3,
haircolor-set10-041-see-thru-foil-sheets,,,,,,,,,,,,,,,,,,https://www.sallybeauty.com/dw/image/v2/BCSM_PRD/on/demandware.static/-/Sites-SBS-SallyBeautySupply/default/dw01894001/images/large/SBS-580178-1.png?sw=650&sh=650,4,See-Thru Foil Sheets product image 4,
haircolor-set10-041-see-thru-foil-sheets,,,,,,,,,,,,,,,,,,https://www.sallybeauty.com/dw/image/v2/BCSM_PRD/on/demandware.static/-/Sites-SBS-SallyBeautySupply/default/dweea06364/images/large/SBS-580178.jpg?sw=1500&sh=1500&sfrm=png,5,See-Thru Foil Sheets product image 5,
haircolor-set10-042-shimmer-lights-conditioning-purple-shampoo-for-blonde-s,Shimmer Lights Conditioning Purple Shampoo for Blonde & Silver 16 oz,"<p><strong>Shimmer Lights Conditioning Purple Shampoo for Blonde & Silver 16 oz</strong> is a salon-ready color care shampoo product from Clairol Professional Shimmer Lights.</p><p>Maintains ash-toned color and enhances others Leaves hair shiny with no residue Tones down brassiness No patch test required Shimmer Lights Shampoo is an award-winning, protein-enriched color-enhancing shampoo tones down brassiness on blonde or gray hair. Shimmer Lights refreshes faded highlights, removes the dull yellow in gray hair and leaves hair shiny without residue - and it can be used on natural or color-treated hair. Why We Love Shimmer Lights Conditioning Purple Shampoo For Blonde & Silver Hair 1. Unique Formulation: This shampoo is specially formulated with a blend of deep purple pigments and conditioning agents that work together to neutralize any unwanted yellow or brassy tones in blonde, silver, or white hair, while also leaving the hair feeling soft and silky. 2. Versatility: Shimmer Lights Conditioning Purple Shampoo is suitable for use on both natural and color-treated hair, as well as extensions and wigs. 3. Effective Toning: Unlike other toning shampoos on the market, Shimmer Lights Conditioning Purple Shampoo provides effective toning without leaving the hair feeling dry or stripped of moisture. 4. Pleasant Fragrance: This shampoo has a pleasant floral fragrance that leaves hair smelling fresh and clean. 5. Trusted Brand: Shimmer Lights has been a trusted brand in the hair care industry for over 50 years, with a proven track record of delivering high-quality products that meet the needs of hairstylists and their clients.</p><p>Ideal for professional color services including lightening, depositing, toning, maintenance, and finishing workflows.</p><p><strong>Supplier links:</strong> <a href=""https://www.sallybeauty.com/shop-by-shade/silver-and-gray-hair-shop/shimmer-lights-conditioning-purple-shampoo-for-blonde-and-silver-16-oz/SBS-320024.html"">Sally Beauty</a> | <a href=""https://www.amazon.com/s?k=Shimmer+Lights+Conditioning+Purple+Shampoo+for+Blonde+%26+Silver+16+oz"">Amazon</a> | <a href=""https://www.ebay.com/sch/i.html?_nkw=Shimmer+Lights+Conditioning+Purple+Shampoo+for+Blonde+%26+Silver+16+oz"">eBay</a></p>",Clairol Professional Shimmer Lights,Hair Coloring,"sallybeauty,hair-color,set10,color-care-shampoo",TRUE,Title,Default Title,HCOLOR-SET10-042-320024,350,30,deny,manual,13.99,17.91,TRUE,TRUE,https://www.sallybeauty.com/dw/image/v2/BCSM_PRD/on/demandware.static/-/Sites-SBS-SallyBeautySupply/default/dw12632d0b/images/large/SBS-320024-1.jpg?sw=750&sh=750&sfrm=png,1,Shimmer Lights Conditioning Purple Shampoo for Blonde & Silver 16 oz product image 1,active
haircolor-set10-042-shimmer-lights-conditioning-purple-shampoo-for-blonde-s,,,,,,,,,,,,,,,,,,https://www.sallybeauty.com/dw/image/v2/BCSM_PRD/on/demandware.static/-/Sites-SBS-SallyBeautySupply/default/dw49126f8e/images/large/SBS-320024-2.jpg?sw=750&sh=750&sfrm=png,2,Shimmer Lights Conditioning Purple Shampoo for Blonde & Silver 16 oz product image 2,
haircolor-set10-042-shimmer-lights-conditioning-purple-shampoo-for-blonde-s,,,,,,,,,,,,,,,,,,https://www.sallybeauty.com/dw/image/v2/BCSM_PRD/on/demandware.static/-/Sites-SBS-SallyBeautySupply/default/dw19bc4949/images/large/SBS-320024-3.jpg?sw=750&sh=750&sfrm=png,3,Shimmer Lights Conditioning Purple Shampoo for Blonde & Silver 16 oz product image 3,
haircolor-set10-042-shimmer-lights-conditioning-purple-shampoo-for-blonde-s,,,,,,,,,,,,,,,,,,https://www.sallybeauty.com/dw/image/v2/BCSM_PRD/on/demandware.static/-/Sites-SBS-SallyBeautySupply/default/dwe6d75225/images/large/SBS-320024-4.jpg?sw=750&sh=750&sfrm=png,4,Shimmer Lights Conditioning Purple Shampoo for Blonde & Silver 16 oz product image 4,
haircolor-set10-042-shimmer-lights-conditioning-purple-shampoo-for-blonde-s,,,,,,,,,,,,,,,,,,https://www.sallybeauty.com/dw/image/v2/BCSM_PRD/on/demandware.static/-/Sites-SBS-SallyBeautySupply/default/dwfa4f1c1f/images/large/SBS-320024.jpg?sw=750&sh=750&sfrm=png,5,Shimmer Lights Conditioning Purple Shampoo for Blonde & Silver 16 oz product image 5,
haircolor-set10-043-shimmer-lights-conditioning-purple-shampoo-for-blonde-s,Shimmer Lights Conditioning Purple Shampoo for Blonde & Silver 8 oz,"<p><strong>Shimmer Lights Conditioning Purple Shampoo for Blonde & Silver 8 oz</strong> is a salon-ready color care shampoo product from Clairol Professional Shimmer Lights.</p><p>Maintains ash-toned color and enhances others Leaves hair shiny with no residue Tones down brassiness No patch test required Shimmer Lights Shampoo is an award-winning, protein-enriched color-enhancing shampoo tones down brassiness on blonde or gray hair. Shimmer Lights refreshes faded highlights, removes the dull yellow in gray hair and leaves hair shiny without residue - and it can be used on natural or color-treated hair. Why We Love Shimmer Lights Conditioning Purple Shampoo For Blonde & Silver Hair 1. Unique Formulation: This shampoo is specially formulated with a blend of deep purple pigments and conditioning agents that work together to neutralize any unwanted yellow or brassy tones in blonde, silver, or white hair, while also leaving the hair feeling soft and silky. 2. Versatility: Shimmer Lights Conditioning Purple Shampoo is suitable for use on both natural and color-treated hair, as well as extensions and wigs. 3. Effective Toning: Unlike other toning shampoos on the market, Shimmer Lights Conditioning Purple Shampoo provides effective toning without leaving the hair feeling dry or stripped of moisture. 4. Pleasant Fragrance: This shampoo has a pleasant floral fragrance that leaves hair smelling fresh and clean. 5. Trusted Brand: Shimmer Lights has been a trusted brand in the hair care industry for over 50 years, with a proven track record of delivering high-quality products that meet the needs of hairstylists and their clients.</p><p>Ideal for professional color services including lightening, depositing, toning, maintenance, and finishing workflows.</p><p><strong>Supplier links:</strong> <a href=""https://www.sallybeauty.com/shop-by-shade/silver-and-gray-hair-shop/shimmer-lights-conditioning-purple-shampoo-for-blonde-and-silver-8-oz/SBS-320022.html"">Sally Beauty</a> | <a href=""https://www.amazon.com/s?k=Shimmer+Lights+Conditioning+Purple+Shampoo+for+Blonde+%26+Silver+8+oz"">Amazon</a> | <a href=""https://www.ebay.com/sch/i.html?_nkw=Shimmer+Lights+Conditioning+Purple+Shampoo+for+Blonde+%26+Silver+8+oz"">eBay</a></p>",Clairol Professional Shimmer Lights,Hair Coloring,"sallybeauty,hair-color,set10,color-care-shampoo",TRUE,Title,Default Title,HCOLOR-SET10-043-320022,350,31,deny,manual,9.99,12.79,TRUE,TRUE,https://www.sallybeauty.com/dw/image/v2/BCSM_PRD/on/demandware.static/-/Sites-SBS-SallyBeautySupply/default/dw010d2081/images/large/SBS-320022-1.jpg?sw=750&sh=750&sfrm=png,1,Shimmer Lights Conditioning Purple Shampoo for Blonde & Silver 8 oz product image 1,active
haircolor-set10-043-shimmer-lights-conditioning-purple-shampoo-for-blonde-s,,,,,,,,,,,,,,,,,,https://www.sallybeauty.com/dw/image/v2/BCSM_PRD/on/demandware.static/-/Sites-SBS-SallyBeautySupply/default/dw0578a1f2/images/large/SBS-320022-2.jpg?sw=750&sh=750&sfrm=png,2,Shimmer Lights Conditioning Purple Shampoo for Blonde & Silver 8 oz product image 2,
haircolor-set10-043-shimmer-lights-conditioning-purple-shampoo-for-blonde-s,,,,,,,,,,,,,,,,,,https://www.sallybeauty.com/dw/image/v2/BCSM_PRD/on/demandware.static/-/Sites-SBS-SallyBeautySupply/default/dw7d2b0eb7/images/large/SBS-320022-3.jpg?sw=750&sh=750&sfrm=png,3,Shimmer Lights Conditioning Purple Shampoo for Blonde & Silver 8 oz product image 3,
haircolor-set10-043-shimmer-lights-conditioning-purple-shampoo-for-blonde-s,,,,,,,,,,,,,,,,,,https://www.sallybeauty.com/dw/image/v2/BCSM_PRD/on/demandware.static/-/Sites-SBS-SallyBeautySupply/default/dw804e19be/images/large/SBS-320022-4.jpg?sw=750&sh=750&sfrm=png,4,Shimmer Lights Conditioning Purple Shampoo for Blonde & Silver 8 oz product image 4,
haircolor-set10-043-shimmer-lights-conditioning-purple-shampoo-for-blonde-s,,,,,,,,,,,,,,,,,,https://www.sallybeauty.com/dw/image/v2/BCSM_PRD/on/demandware.static/-/Sites-SBS-SallyBeautySupply/default/dw71c7a7e9/images/large/SBS-320022.jpg?sw=750&sh=750&sfrm=png,5,Shimmer Lights Conditioning Purple Shampoo for Blonde & Silver 8 oz product image 5,
haircolor-set10-044-shimmer-lights-purple-conditioner-for-blonde-silver,Shimmer Lights Purple Conditioner for Blonde & Silver,"<p><strong>Shimmer Lights Purple Conditioner for Blonde & Silver</strong> is a salon-ready color care conditioner product from Clairol Professional Shimmer Lights.</p><p>Conditions hair without residue Tones down brassiness Silkens coarse hair Shimmer Lights Conditioner is a rich blend of emollients, moisturizers and color refreshers that renews faded highlights and brightens gray hair. Shimmer Lights refreshes faded highlights, removes the dull yellow in gray hair and leaves hair shiny without residue - and it can be used on natural or color-treated hair.</p><p>Ideal for professional color services including lightening, depositing, toning, maintenance, and finishing workflows.</p><p><strong>Supplier links:</strong> <a href=""https://www.sallybeauty.com/shop-by-shade/silver-and-gray-hair-shop/shimmer-lights-purple-conditioner-for-blonde-and-silver/SBS-320062.html"">Sally Beauty</a> | <a href=""https://www.amazon.com/s?k=Shimmer+Lights+Purple+Conditioner+for+Blonde+%26+Silver"">Amazon</a> | <a href=""https://www.ebay.com/sch/i.html?_nkw=Shimmer+Lights+Purple+Conditioner+for+Blonde+%26+Silver"">eBay</a></p>",Clairol Professional Shimmer Lights,Hair Coloring,"sallybeauty,hair-color,set10,color-care-conditioner",TRUE,Title,Default Title,HCOLOR-SET10-044-320062,350,32,deny,manual,13.99,17.91,TRUE,TRUE,https://www.sallybeauty.com/dw/image/v2/BCSM_PRD/on/demandware.static/-/Sites-SBS-SallyBeautySupply/default/dwb62fb7de/images/large/SBS-320062-1.jpg?sw=750&sh=750&sfrm=png,1,Shimmer Lights Purple Conditioner for Blonde & Silver product image 1,active
haircolor-set10-044-shimmer-lights-purple-conditioner-for-blonde-silver,,,,,,,,,,,,,,,,,,https://www.sallybeauty.com/dw/image/v2/BCSM_PRD/on/demandware.static/-/Sites-SBS-SallyBeautySupply/default/dwfeba0612/images/large/SBS-320062-2.jpg?sw=750&sh=750&sfrm=png,2,Shimmer Lights Purple Conditioner for Blonde & Silver product image 2,
haircolor-set10-044-shimmer-lights-purple-conditioner-for-blonde-silver,,,,,,,,,,,,,,,,,,https://www.sallybeauty.com/dw/image/v2/BCSM_PRD/on/demandware.static/-/Sites-SBS-SallyBeautySupply/default/dw48684df3/images/large/SBS-320062-3.jpg?sw=750&sh=750&sfrm=png,3,Shimmer Lights Purple Conditioner for Blonde & Silver product image 3,
haircolor-set10-044-shimmer-lights-purple-conditioner-for-blonde-silver,,,,,,,,,,,,,,,,,,https://www.sallybeauty.com/dw/image/v2/BCSM_PRD/on/demandware.static/-/Sites-SBS-SallyBeautySupply/default/dw895fcb6f/images/large/SBS-320062-4.jpg?sw=750&sh=750&sfrm=png,4,Shimmer Lights Purple Conditioner for Blonde & Silver product image 4,
haircolor-set10-044-shimmer-lights-purple-conditioner-for-blonde-silver,,,,,,,,,,,,,,,,,,https://www.sallybeauty.com/dw/image/v2/BCSM_PRD/on/demandware.static/-/Sites-SBS-SallyBeautySupply/default/dwb16d1b97/images/large/SBS-320062.jpg?sw=750&sh=750&sfrm=png,5,Shimmer Lights Purple Conditioner for Blonde & Silver product image 5,
haircolor-set10-045-shimmer-lights-purple-toning-mask,Shimmer Lights Purple Toning Mask,"<p><strong>Shimmer Lights Purple Toning Mask</strong> is a salon-ready color care mask product from Clairol Professional Shimmer Lights.</p><p>With lavender extract and a special blend of jojoba, coconut and argan oils Nourishes, tones and detangles in one step for silky smooth hair Deep conditions and tones blonde, highlighted and silver hair Violet pigments neutralize brass for a cool result Formulated with non-animal-derived ingredients Keeps color bright with every wash Your blonde has a new best friend! Shimmer Lights Violet Toning Mask provides the perfect balance of violet toning and deep conditioning to keep blonde hair bright and shimmering with breakthrough technology. Violet pigments neutralize brass for a cool result with lavender extract and a special blend of jojoba, coconut and argan oils. Perfect for blonde, highlighted, and silver hair.</p><p>Ideal for professional color services including lightening, depositing, toning, maintenance, and finishing workflows.</p><p><strong>Supplier links:</strong> <a href=""https://www.sallybeauty.com/shop-by-shade/silver-and-gray-hair-shop/shimmer-lights-purple-toning-mask/SBS-004754.html"">Sally Beauty</a> | <a href=""https://www.amazon.com/s?k=Shimmer+Lights+Purple+Toning+Mask"">Amazon</a> | <a href=""https://www.ebay.com/sch/i.html?_nkw=Shimmer+Lights+Purple+Toning+Mask"">eBay</a></p>",Clairol Professional Shimmer Lights,Hair Coloring,"sallybeauty,hair-color,set10,color-care-mask",TRUE,Title,Default Title,HCOLOR-SET10-045-004754,350,18,deny,manual,11.99,15.35,TRUE,TRUE,https://www.sallybeauty.com/dw/image/v2/BCSM_PRD/on/demandware.static/-/Sites-SBS-SallyBeautySupply/default/dwed378bcd/images/large/SBS-004754-1.jpg?sw=750&sh=750&sfrm=png,1,Shimmer Lights Purple Toning Mask product image 1,active
haircolor-set10-045-shimmer-lights-purple-toning-mask,,,,,,,,,,,,,,,,,,https://www.sallybeauty.com/dw/image/v2/BCSM_PRD/on/demandware.static/-/Sites-SBS-SallyBeautySupply/default/dw286e6efd/images/large/SBS-004754-2.jpg?sw=750&sh=750&sfrm=png,2,Shimmer Lights Purple Toning Mask product image 2,
haircolor-set10-045-shimmer-lights-purple-toning-mask,,,,,,,,,,,,,,,,,,https://www.sallybeauty.com/dw/image/v2/BCSM_PRD/on/demandware.static/-/Sites-SBS-SallyBeautySupply/default/dw0e3a0239/images/large/SBS-004754-3.jpg?sw=750&sh=750&sfrm=png,3,Shimmer Lights Purple Toning Mask product image 3,
haircolor-set10-045-shimmer-lights-purple-toning-mask,,,,,,,,,,,,,,,,,,https://www.sallybeauty.com/dw/image/v2/BCSM_PRD/on/demandware.static/-/Sites-SBS-SallyBeautySupply/default/dw397ad0a9/images/large/SBS-004754-4.jpg?sw=750&sh=750&sfrm=png,4,Shimmer Lights Purple Toning Mask product image 4,
haircolor-set10-045-shimmer-lights-purple-toning-mask,,,,,,,,,,,,,,,,,,https://www.sallybeauty.com/dw/image/v2/BCSM_PRD/on/demandware.static/-/Sites-SBS-SallyBeautySupply/default/dw0bc2903c/images/large/SBS-004754.jpg?sw=750&sh=750&sfrm=png,5,Shimmer Lights Purple Toning Mask product image 5,
haircolor-set10-046-socolor-cult-color-eraser-hair-color-remover-packette,SoColor Cult Color Eraser Hair Color Remover Packette,"<p><strong>SoColor Cult Color Eraser Hair Color Remover Packette</strong> is a salon-ready color remover product from Matrix.</p><p>Seamlessly removes existing semi, demi, or permanent hair color SOCOLOR Cult Color Eraser is a hair color remover powder that allows you to remove client's previous color.</p><p>Ideal for professional color services including lightening, depositing, toning, maintenance, and finishing workflows.</p><p><strong>Supplier links:</strong> <a href=""https://www.sallybeauty.com/hair-color/other-products-and-applications/hair-color-removers-and-correctors/socolor-cult--color-eraser-hair-color-remover-packette/SBS-009042.html"">Sally Beauty</a> | <a href=""https://www.amazon.com/s?k=SoColor+Cult+Color+Eraser+Hair+Color+Remover+Packette"">Amazon</a> | <a href=""https://www.ebay.com/sch/i.html?_nkw=SoColor+Cult+Color+Eraser+Hair+Color+Remover+Packette"">eBay</a></p>",Matrix,Hair Coloring,"sallybeauty,hair-color,set10,color-remover",TRUE,Title,Default Title,HCOLOR-SET10-046-009042,350,19,deny,manual,8.79,11.25,TRUE,TRUE,https://www.sallybeauty.com/dw/image/v2/BCSM_PRD/on/demandware.static/-/Sites-SBS-SallyBeautySupply/default/dw1c9e2f52/images/large/SBS-009042.jpg?sw=750&sh=750&sfrm=png,1,SoColor Cult Color Eraser Hair Color Remover Packette product image 1,active
haircolor-set10-046-socolor-cult-color-eraser-hair-color-remover-packette,,,,,,,,,,,,,,,,,,https://www.sallybeauty.com/dw/image/v2/BCSM_PRD/on/demandware.static/-/Sites-SBS-SallyBeautySupply/default/dw1c9e2f52/images/large/SBS-009042.jpg?sw=1500&sh=1500&sfrm=png,2,SoColor Cult Color Eraser Hair Color Remover Packette product image 2,
haircolor-set10-046-socolor-cult-color-eraser-hair-color-remover-packette,,,,,,,,,,,,,,,,,,https://www.sallybeauty.com/dw/image/v2/BCSM_PRD/on/demandware.static/-/Sites-SBS-SallyBeautySupply/default/dw1c9e2f52/images/large/SBS-009042.png?sw=650&sh=650,3,SoColor Cult Color Eraser Hair Color Remover Packette product image 3,
haircolor-set10-046-socolor-cult-color-eraser-hair-color-remover-packette,,,,,,,,,,,,,,,,,,https://www.sallybeauty.com/dw/image/v2/BCSM_PRD/on/demandware.static/-/Sites-SBS-SallyBeautySupply/default/dw1c9e2f52/images/large/SBS-009042.png?sw=70&sh=70,4,SoColor Cult Color Eraser Hair Color Remover Packette product image 4,
haircolor-set10-046-socolor-cult-color-eraser-hair-color-remover-packette,,,,,,,,,,,,,,,,,,https://www.sallybeauty.com/dw/image/v2/BCSM_PRD/on/demandware.static/-/Sites-SBS-SallyBeautySupply/default/dw1c9e2f52/images/large/SBS-009042.jpg?sw=650&sh=650,5,SoColor Cult Color Eraser Hair Color Remover Packette product image 5,
haircolor-set10-047-platinum-bleach-kit,Platinum Bleach Kit,"<p><strong>Platinum Bleach Kit</strong> is a salon-ready bleach lightener product from Punky Colour.</p><p>Kit Includes: 4 oz Platinum Conditioning Toner, 2 oz 40 Volume Activator, Lightest & Brightest Bleach Packette, 1 Pair of Gloves, 1 Applicator Brush Extra conditioning benefits added to the peroxide & toner to help maintain moisture balance for softer, shinier hair. Punky's Platinum Bleach Kit takes bleaching to a whole new level of bright! This kit provides everything you need for platinum perfection! Create your own signature level of blonde in 2 easy steps Achieve vivid, long-lasting results with Punky's all-in-one Platinum Bleach Kit. Punky's 2-step system takes platinum to a whole new level! Our special bleach powder helps to control lifting when combined with our 40 volume cream activator. The conditioning Platinum Blonde toner brightens all the way to pure platinum.</p><p>Ideal for professional color services including lightening, depositing, toning, maintenance, and finishing workflows.</p><p><strong>Supplier links:</strong> <a href=""https://www.sallybeauty.com/hair-color/other-products-and-applications/bleach-and-lightener/platinum-bleach-kit/SBS-007882.html"">Sally Beauty</a> | <a href=""https://www.amazon.com/s?k=Platinum+Bleach+Kit"">Amazon</a> | <a href=""https://www.ebay.com/sch/i.html?_nkw=Platinum+Bleach+Kit"">eBay</a></p>",Punky Colour,Hair Coloring,"sallybeauty,hair-color,set10,bleach-lightener",TRUE,Title,Default Title,HCOLOR-SET10-047-007882,350,20,deny,manual,14.29,18.29,TRUE,TRUE,https://www.sallybeauty.com/dw/image/v2/BCSM_PRD/on/demandware.static/-/Sites-SBS-SallyBeautySupply/default/dw85ae82b6/images/large/SBS-007882.jpg?sw=750&sh=750&sfrm=png,1,Platinum Bleach Kit product image 1,active
haircolor-set10-047-platinum-bleach-kit,,,,,,,,,,,,,,,,,,https://www.sallybeauty.com/dw/image/v2/BCSM_PRD/on/demandware.static/-/Sites-SBS-SallyBeautySupply/default/dw85ae82b6/images/large/SBS-007882.jpg?sw=1500&sh=1500&sfrm=png,2,Platinum Bleach Kit product image 2,
haircolor-set10-047-platinum-bleach-kit,,,,,,,,,,,,,,,,,,https://www.sallybeauty.com/dw/image/v2/BCSM_PRD/on/demandware.static/-/Sites-SBS-SallyBeautySupply/default/dw85ae82b6/images/large/SBS-007882.png?sw=650&sh=650,3,Platinum Bleach Kit product image 3,
haircolor-set10-047-platinum-bleach-kit,,,,,,,,,,,,,,,,,,https://www.sallybeauty.com/dw/image/v2/BCSM_PRD/on/demandware.static/-/Sites-SBS-SallyBeautySupply/default/dw85ae82b6/images/large/SBS-007882.png?sw=70&sh=70,4,Platinum Bleach Kit product image 4,
haircolor-set10-047-platinum-bleach-kit,,,,,,,,,,,,,,,,,,https://www.sallybeauty.com/dw/image/v2/BCSM_PRD/on/demandware.static/-/Sites-SBS-SallyBeautySupply/default/dw85ae82b6/images/large/SBS-007882.jpg?sw=650&sh=650,5,Platinum Bleach Kit product image 5,
haircolor-set10-048-powder-lightener-1oz,Powder Lightener 1oz.,"<p><strong>Powder Lightener 1oz.</strong> is a salon-ready bleach lightener product from ion Color Brilliance.</p><p>Suitable for all application techniques both on and off the scalp Gluten and Cruelty-Free (Product Not Tested on Animals) On or off the scalp application Available in 1oz or 1lb Up to 7 levels of lift Ion Powder Lightener is infused with Coconut, Chia Seed and Sunflower Oils. The conditioning, dust-free formula is suitable for all application techniques both on and off the scalp.</p><p>Ideal for professional color services including lightening, depositing, toning, maintenance, and finishing workflows.</p><p><strong>Supplier links:</strong> <a href=""https://www.sallybeauty.com/hair-color/other-products-and-applications/bleach-and-lightener/powder-lightener-1oz./SBS-405198.html"">Sally Beauty</a> | <a href=""https://www.amazon.com/s?k=Powder+Lightener+1oz."">Amazon</a> | <a href=""https://www.ebay.com/sch/i.html?_nkw=Powder+Lightener+1oz."">eBay</a></p>",ion Color Brilliance,Hair Coloring,"sallybeauty,hair-color,set10,bleach-lightener",TRUE,Title,Default Title,HCOLOR-SET10-048-405198,350,21,deny,manual,6.29,8.05,TRUE,TRUE,https://www.sallybeauty.com/dw/image/v2/BCSM_PRD/on/demandware.static/-/Sites-SBS-SallyBeautySupply/default/dw3a7c141c/images/large/SBS-405198-1.jpg?sw=750&sh=750&sfrm=png,1,Powder Lightener 1oz. product image 1,active
haircolor-set10-048-powder-lightener-1oz,,,,,,,,,,,,,,,,,,https://www.sallybeauty.com/dw/image/v2/BCSM_PRD/on/demandware.static/-/Sites-SBS-SallyBeautySupply/default/dw9cd83864/images/large/SBS-405198.jpg?sw=750&sh=750&sfrm=png,2,Powder Lightener 1oz. product image 2,
haircolor-set10-048-powder-lightener-1oz,,,,,,,,,,,,,,,,,,https://www.sallybeauty.com/dw/image/v2/BCSM_PRD/on/demandware.static/-/Sites-SBS-SallyBeautySupply/default/dw3a7c141c/images/large/SBS-405198-1.jpg?sw=1500&sh=1500&sfrm=png,3,Powder Lightener 1oz. product image 3,
haircolor-set10-048-powder-lightener-1oz,,,,,,,,,,,,,,,,,,https://www.sallybeauty.com/dw/image/v2/BCSM_PRD/on/demandware.static/-/Sites-SBS-SallyBeautySupply/default/dw3a7c141c/images/large/SBS-405198-1.png?sw=650&sh=650,4,Powder Lightener 1oz. product image 4,
haircolor-set10-048-powder-lightener-1oz,,,,,,,,,,,,,,,,,,https://www.sallybeauty.com/dw/image/v2/BCSM_PRD/on/demandware.static/-/Sites-SBS-SallyBeautySupply/default/dw9cd83864/images/large/SBS-405198.jpg?sw=1500&sh=1500&sfrm=png,5,Powder Lightener 1oz. product image 5,
haircolor-set10-049-powder-lightener-packette,Powder Lightener Packette,"<p><strong>Powder Lightener Packette</strong> is a salon-ready bleach lightener product from Wella colorcharm.</p><p>Protecting oil system that helps lock-in moisture Safe for on- and off-the scalp lightening Application with bowl & brush Dust-free formula Wella Color Charm Powder Lightener offers controlled, reliable lightening action. Protecting oil system helps to lock in moisture. Great for all on- and off-the-scalp application techniques and provides up to 7 Levels of lift. Excellent for highlights with foils or balayage techniques, full head lightening, regrowth applications, and color correction. Wella Help Line: 1-866-722-4146 Our hotlines are open from 8:30am to 8:30pm Monday – Friday and 9:00am – 6:00pm Saturday & Sunday EASTERN TIME.</p><p>Ideal for professional color services including lightening, depositing, toning, maintenance, and finishing workflows.</p><p><strong>Supplier links:</strong> <a href=""https://www.sallybeauty.com/hair-color/other-products-and-applications/bleach-and-lightener/powder-lightener-packette/SBS-800426.html"">Sally Beauty</a> | <a href=""https://www.amazon.com/s?k=Powder+Lightener+Packette"">Amazon</a> | <a href=""https://www.ebay.com/sch/i.html?_nkw=Powder+Lightener+Packette"">eBay</a></p>",Wella colorcharm,Hair Coloring,"sallybeauty,hair-color,set10,bleach-lightener",TRUE,Title,Default Title,HCOLOR-SET10-049-800426,350,22,deny,manual,6.29,8.05,TRUE,TRUE,https://www.sallybeauty.com/dw/image/v2/BCSM_PRD/on/demandware.static/-/Sites-SBS-SallyBeautySupply/default/dwf28fac55/images/large/SBS-800426-1.jpg?sw=750&sh=750&sfrm=png,1,Powder Lightener Packette product image 1,active
haircolor-set10-049-powder-lightener-packette,,,,,,,,,,,,,,,,,,https://www.sallybeauty.com/dw/image/v2/BCSM_PRD/on/demandware.static/-/Sites-SBS-SallyBeautySupply/default/dw014da2a8/images/large/SBS-800426.jpg?sw=750&sh=750&sfrm=png,2,Powder Lightener Packette product image 2,
haircolor-set10-049-powder-lightener-packette,,,,,,,,,,,,,,,,,,https://www.sallybeauty.com/dw/image/v2/BCSM_PRD/on/demandware.static/-/Sites-SBS-SallyBeautySupply/default/dwf28fac55/images/large/SBS-800426-1.jpg?sw=1500&sh=1500&sfrm=png,3,Powder Lightener Packette product image 3,
haircolor-set10-049-powder-lightener-packette,,,,,,,,,,,,,,,,,,https://www.sallybeauty.com/dw/image/v2/BCSM_PRD/on/demandware.static/-/Sites-SBS-SallyBeautySupply/default/dwf28fac55/images/large/SBS-800426-1.png?sw=650&sh=650,4,Powder Lightener Packette product image 4,
haircolor-set10-049-powder-lightener-packette,,,,,,,,,,,,,,,,,,https://www.sallybeauty.com/dw/image/v2/BCSM_PRD/on/demandware.static/-/Sites-SBS-SallyBeautySupply/default/dw014da2a8/images/large/SBS-800426.jpg?sw=1500&sh=1500&sfrm=png,5,Powder Lightener Packette product image 5,
haircolor-set10-050-powder-lightener-tub,Powder Lightener Tub,"<p><strong>Powder Lightener Tub</strong> is a salon-ready bleach lightener product from Wella colorcharm.</p><p>Protecting oil system that helps lock-in moisture Safe for on- and off-the scalp lightening Application with bowl & brush Dust-free formula Wella Color Charm Powder Lightener offers controlled, reliable lightening action. Protecting oil system helps to lock in moisture. Great for all on- and off-the-scalp application techniques and provides up to 7 Levels of Lift. Excellent for highlights with foils or balayage techniques, full head lightening, regrowth applications, and color correction. Wella Help Line: 1-866-722-4146 Our hotlines are open from 8:30am to 8:30pm Monday – Friday and 9:00am – 6:00pm Saturday & Sunday EASTERN TIME.</p><p>Ideal for professional color services including lightening, depositing, toning, maintenance, and finishing workflows.</p><p><strong>Supplier links:</strong> <a href=""https://www.sallybeauty.com/hair-color/other-products-and-applications/bleach-and-lightener/powder-lightener-tub/SBS-800425.html"">Sally Beauty</a> | <a href=""https://www.amazon.com/s?k=Powder+Lightener+Tub"">Amazon</a> | <a href=""https://www.ebay.com/sch/i.html?_nkw=Powder+Lightener+Tub"">eBay</a></p>",Wella colorcharm,Hair Coloring,"sallybeauty,hair-color,set10,bleach-lightener",TRUE,Title,Default Title,HCOLOR-SET10-050-800425,350,23,deny,manual,26.49,33.91,TRUE,TRUE,https://www.sallybeauty.com/dw/image/v2/BCSM_PRD/on/demandware.static/-/Sites-SBS-SallyBeautySupply/default/dwd4d26993/images/large/SBS-800425-1.jpg?sw=750&sh=750&sfrm=png,1,Powder Lightener Tub product image 1,active
haircolor-set10-050-powder-lightener-tub,,,,,,,,,,,,,,,,,,https://www.sallybeauty.com/dw/image/v2/BCSM_PRD/on/demandware.static/-/Sites-SBS-SallyBeautySupply/default/dwef3213f3/images/large/SBS-800425-2.jpg?sw=750&sh=750&sfrm=png,2,Powder Lightener Tub product image 2,
haircolor-set10-050-powder-lightener-tub,,,,,,,,,,,,,,,,,,https://www.sallybeauty.com/dw/image/v2/BCSM_PRD/on/demandware.static/-/Sites-SBS-SallyBeautySupply/default/dwf29a150e/images/large/SBS-800425-3.jpg?sw=750&sh=750&sfrm=png,3,Powder Lightener Tub product image 3,
haircolor-set10-050-powder-lightener-tub,,,,,,,,,,,,,,,,,,https://www.sallybeauty.com/dw/image/v2/BCSM_PRD/on/demandware.static/-/Sites-SBS-SallyBeautySupply/default/dw8cd47874/images/large/SBS-800425-4.jpg?sw=750&sh=750&sfrm=png,4,Powder Lightener Tub product image 4,
haircolor-set10-050-powder-lightener-tub,,,,,,,,,,,,,,,,,,https://www.sallybeauty.com/dw/image/v2/BCSM_PRD/on/demandware.static/-/Sites-SBS-SallyBeautySupply/default/dwf6549876/images/large/SBS-800425-5.jpg?sw=750&sh=750&sfrm=png,5,Powder Lightener Tub product image 5,
