SKU,Title,Description,Price,Compare-at price,Inventory quantity,Product image URL,Additional image URLs,Status,Tags,Vendor,Product type,Requires shipping,Weight (lb),Shipping details,Source URL
ADDONLY-SB-DROP7-001-785225,Cordless Magic Clip,"Equipped with taper lever for fading and blending Stagger-tooth crunch blade 120V Wahl Magic Cord/cordless clipper is equipped with a taper lever for easy fading, blending and tapering. Stagger-tooth crunch blade allows for better feeding of curly, coarse hair. The lightweight and sleek ergonomic design allows the Lithium-Ion cord/cordless clipper to run with a 90+ minute run time. Clipper and Trimmer Sales are Final* Brand: Wahl. Shipping: Requires shipping: Yes; Ship-to-home eligible: Yes; Hazmat restriction: No; carrier-calculated shipping at checkout. Source: https://www.sallybeauty.com/hair-care/hair-care-accessories-and-styling-products/barber-supplies/clippers-and-beard-trimmers/cordless-magic-clip/SBS-785225.html",159.99,199.99,500,https://www.sallybeauty.com/dw/image/v2/BCSM_PRD/on/demandware.static/-/Sites-SBS-SallyBeautySupply/default/dw0f0bfd8a/images/large/SBS-785225-1.jpg?sw=750&sh=750&sfrm=png,https://www.sallybeauty.com/dw/image/v2/BCSM_PRD/on/demandware.static/-/Sites-SBS-SallyBeautySupply/default/dw0f0bfd8a/images/large/SBS-785225-1.png?sw=650&sh=650 | https://www.sallybeauty.com/dw/image/v2/BCSM_PRD/on/demandware.static/-/Sites-SBS-SallyBeautySupply/default/dw36292ee5/images/large/SBS-785225-7.jpg?sw=750&sh=750&sfrm=png | https://www.sallybeauty.com/dw/image/v2/BCSM_PRD/on/demandware.static/-/Sites-SBS-SallyBeautySupply/default/dw36292ee5/images/large/SBS-785225-7.png?sw=650&sh=650 | https://www.sallybeauty.com/dw/image/v2/BCSM_PRD/on/demandware.static/-/Sites-SBS-SallyBeautySupply/default/dw5906a22c/images/large/SBS-785225-4.jpg?sw=750&sh=750&sfrm=png,active,"sallybeauty,drop7,barber-supplies-clippers-beard-trimmers",Wahl,Barber Supplies / Clippers & Beard Trimmers,TRUE,,Requires shipping: Yes; Ship-to-home eligible: Yes; Hazmat restriction: No; carrier-calculated shipping at checkout.,https://www.sallybeauty.com/hair-care/hair-care-accessories-and-styling-products/barber-supplies/clippers-and-beard-trimmers/cordless-magic-clip/SBS-785225.html
ADDONLY-SB-DROP7-002-008820,GOLDFX Clipper,"Includes 8 Comb Attachments #.5 -1/16"""" (1.5mm), #1-1/8"""" (3mm), #1.5 -3/16"""" (4.8mm), #2-1/4"""" (6mm), #3-3/8"""" (10mm), #4-1/2"""" (13mm), #5 -5/8"""" (16mm), #6-3/4"""" (19mm) Lithium Ion Battery 2-Hour Cordless Runtime All- Metal Housing/ Knurled Barbell Grip High Torque, Brushless Motor Cord/Cordless – Dual Voltage Carbon Stainless Steel Blade 5-Detent Taper Control Detent Hanging Hook GOLDFX is a cord/cordless lithium clipper, equipped with a high torque brushless motor. A perfect tool for cutting all hair textures with power, speed and precision. Clipper and Trimmer Sales are Final* Brand: BaBylissPRO GOLDFX. Shipping: Requires shipping: Yes; Ship-to-home eligible: Yes; Hazmat restriction: No; carrier-calculated shipping at checkout. Source: https://www.sallybeauty.com/hair-care/hair-care-accessories-and-styling-products/barber-supplies/clippers-and-beard-trimmers/hair-clippers/goldfx-clipper/SBS-008820.html",259.99,324.99,270,https://www.sallybeauty.com/dw/image/v2/BCSM_PRD/on/demandware.static/-/Sites-SBS-SallyBeautySupply/default/dwae1da903/images/large/SBS-008820-1.jpg?sw=750&sh=750&sfrm=png,https://www.sallybeauty.com/dw/image/v2/BCSM_PRD/on/demandware.static/-/Sites-SBS-SallyBeautySupply/default/dwae1da903/images/large/SBS-008820-1.png?sw=650&sh=650 | https://www.sallybeauty.com/dw/image/v2/BCSM_PRD/on/demandware.static/-/Sites-SBS-SallyBeautySupply/default/dwc1213bc8/images/large/SBS-008820.jpg?sw=750&sh=750&sfrm=png | https://www.sallybeauty.com/dw/image/v2/BCSM_PRD/on/demandware.static/-/Sites-SBS-SallyBeautySupply/default/dwc1213bc8/images/large/SBS-008820.png?sw=650&sh=650,active,"sallybeauty,drop7,clippers-beard-trimmers-hair-clippers",BaBylissPRO GOLDFX,Clippers & Beard Trimmers / Hair Clippers,TRUE,,Requires shipping: Yes; Ship-to-home eligible: Yes; Hazmat restriction: No; carrier-calculated shipping at checkout.,https://www.sallybeauty.com/hair-care/hair-care-accessories-and-styling-products/barber-supplies/clippers-and-beard-trimmers/hair-clippers/goldfx-clipper/SBS-008820.html
ADDONLY-SB-DROP7-003-345333,Silver Metals Cordless Metal Double Foil Shaver,"Cordless/Up to 5-Hour Runtime (AA Batteries included) Includes Storage Pouch Powerful Rotary Motor Auto Cover Shut-Off Metal Housing Professional, full-size metal foil shaver equipped with a powerful rotary motor. A great tool for an extra-close shave on the neck, face, and all around the hairline. Replacement Blade for FXFS1 Clipper and Trimmer Sales are Final* Brand: BaBylissPRO. Shipping: Requires shipping: Yes; Ship-to-home eligible: Yes; Hazmat restriction: No; carrier-calculated shipping at checkout. Source: https://www.sallybeauty.com/hair-care/hair-care-accessories-and-styling-products/barber-supplies/clippers-and-beard-trimmers/silver-metals-cordless-metal-double-foil-shaver/SBS-345333.html",169.99,212.49,500,https://www.sallybeauty.com/dw/image/v2/BCSM_PRD/on/demandware.static/-/Sites-SBS-SallyBeautySupply/default/dw0063b798/images/large/SBS-345333-4.jpg?sw=750&sh=750&sfrm=png,https://www.sallybeauty.com/dw/image/v2/BCSM_PRD/on/demandware.static/-/Sites-SBS-SallyBeautySupply/default/dw0063b798/images/large/SBS-345333-4.png?sw=650&sh=650 | https://www.sallybeauty.com/dw/image/v2/BCSM_PRD/on/demandware.static/-/Sites-SBS-SallyBeautySupply/default/dw2d3a12fb/images/large/SBS-345333-2.jpg?sw=750&sh=750&sfrm=png | https://www.sallybeauty.com/dw/image/v2/BCSM_PRD/on/demandware.static/-/Sites-SBS-SallyBeautySupply/default/dw2d3a12fb/images/large/SBS-345333-2.png?sw=650&sh=650 | https://www.sallybeauty.com/dw/image/v2/BCSM_PRD/on/demandware.static/-/Sites-SBS-SallyBeautySupply/default/dw319e00fb/images/large/SBS-345333-1.jpg?sw=750&sh=750&sfrm=png,active,"sallybeauty,drop7,barber-supplies-clippers-beard-trimmers",BaBylissPRO,Barber Supplies / Clippers & Beard Trimmers,TRUE,,Requires shipping: Yes; Ship-to-home eligible: Yes; Hazmat restriction: No; carrier-calculated shipping at checkout.,https://www.sallybeauty.com/hair-care/hair-care-accessories-and-styling-products/barber-supplies/clippers-and-beard-trimmers/silver-metals-cordless-metal-double-foil-shaver/SBS-345333.html
ADDONLY-SB-DROP7-004-395010,T-Outliner T-Blade Trimmer,"Ribbed, contoured housing fits comfortably in your hand Perfect for all-around outlining, dry shaving and fading High-speed magnetic motor runs cool and quiet Selecting the Andis T-Outliner trimmer, part of the original Outliner series, means you’re part of an elite group of professionals that have selected a classic. Nothing else compares. This iconic trimmer is perfect for all-around outlining, dry shaving and fading. The powerful, high-speed magnetic motor runs cool and quiet. Ribbed, contoured housing fits comfortably in your hand, and the ergonomic switch button is easy to use. Includes: • Close-cutting, carbon-steel t-blade, specially hardened for long cutting life • Heavy-duty, 8-foot cord with hanger loop • Blade oil Clipper and Trimmer Sales are Final* Brand: Andis. Shipping: Requires shipping: Yes; Ship-to-home eligible: Yes; Hazmat restriction: No; carrier-calculated shipping at checkout. Source: https://www.sallybeauty.com/hair-care/hair-care-accessories-and-styling-products/barber-supplies/clippers-and-beard-trimmers/t-outliner-t-blade-trimmer/SBS-395010.html",89.99,112.49,500,https://www.sallybeauty.com/dw/image/v2/BCSM_PRD/on/demandware.static/-/Sites-SBS-SallyBeautySupply/default/dw024cd2f0/images/large/SBS-395010-3.jpg?sw=750&sh=750&sfrm=png,https://www.sallybeauty.com/dw/image/v2/BCSM_PRD/on/demandware.static/-/Sites-SBS-SallyBeautySupply/default/dw024cd2f0/images/large/SBS-395010-3.png?sw=650&sh=650 | https://www.sallybeauty.com/dw/image/v2/BCSM_PRD/on/demandware.static/-/Sites-SBS-SallyBeautySupply/default/dw344c9168/images/large/SBS-395010-6.jpg?sw=750&sh=750&sfrm=png | https://www.sallybeauty.com/dw/image/v2/BCSM_PRD/on/demandware.static/-/Sites-SBS-SallyBeautySupply/default/dw344c9168/images/large/SBS-395010-6.png?sw=650&sh=650 | https://www.sallybeauty.com/dw/image/v2/BCSM_PRD/on/demandware.static/-/Sites-SBS-SallyBeautySupply/default/dw35797a79/images/large/SBS-395010.jpg?sw=750&sh=750&sfrm=png,active,"sallybeauty,drop7,barber-supplies-clippers-beard-trimmers",Andis,Barber Supplies / Clippers & Beard Trimmers,TRUE,,Requires shipping: Yes; Ship-to-home eligible: Yes; Hazmat restriction: No; carrier-calculated shipping at checkout.,https://www.sallybeauty.com/hair-care/hair-care-accessories-and-styling-products/barber-supplies/clippers-and-beard-trimmers/t-outliner-t-blade-trimmer/SBS-395010.html
ADDONLY-SB-DROP7-005-345331,Silver Metals Cordless Clipper,"Includes 8 Comb Attachments #.5 -1/16"""" (1.5mm), #1-1/8"""" (3mm), #1.5 -3/16"""" (4.8mm), #2-1/4"""" (6mm), #3-3/8"""" (10mm), #4-1/2"""" (13mm), #5 -5/8"""" (16mm), #6-3/4"""" (19mm) High Torque, Brushless Motor Engine Lithium Ion Battery 2-Hour Cordless Run time All- Metal Housing/ Knurled Barbell Grip Cord/Cordless – Dual Voltage Carbon Stainless Steel Blade 5-Detent Taper Control Detent Hanging Hook Silver Metals Cordless Clipper is a cord/cordless lithium clipper, equipped with a high torque brushless engine. A perfect tool for cutting all hair textures with power, speed and precision. Clipper and Trimmer Sales are Final* Brand: BaBylissPRO. Shipping: Requires shipping: Yes; Ship-to-home eligible: Yes; Hazmat restriction: No; carrier-calculated shipping at checkout. Source: https://www.sallybeauty.com/hair-care/hair-styling-tools/hair-clippers-and-trimmers/silver-metals-cordless-clipper/SBS-345331.html",259.99,324.99,83,https://www.sallybeauty.com/dw/image/v2/BCSM_PRD/on/demandware.static/-/Sites-SBS-SallyBeautySupply/default/dw2de699a9/images/large/SBS-345331-1.jpg?sw=750&sh=750&sfrm=png,https://www.sallybeauty.com/dw/image/v2/BCSM_PRD/on/demandware.static/-/Sites-SBS-SallyBeautySupply/default/dw2de699a9/images/large/SBS-345331-1.png?sw=650&sh=650 | https://www.sallybeauty.com/dw/image/v2/BCSM_PRD/on/demandware.static/-/Sites-SBS-SallyBeautySupply/default/dwfaca9840/images/large/SBS-345331.jpg?sw=750&sh=750&sfrm=png | https://www.sallybeauty.com/dw/image/v2/BCSM_PRD/on/demandware.static/-/Sites-SBS-SallyBeautySupply/default/dwfaca9840/images/large/SBS-345331.png?sw=650&sh=650,active,"sallybeauty,drop7,hair-styling-tools-hair-clippers-trimmers",BaBylissPRO,Hair Styling Tools / Hair Clippers & Trimmers,TRUE,,Requires shipping: Yes; Ship-to-home eligible: Yes; Hazmat restriction: No; carrier-calculated shipping at checkout.,https://www.sallybeauty.com/hair-care/hair-styling-tools/hair-clippers-and-trimmers/silver-metals-cordless-clipper/SBS-345331.html
ADDONLY-SB-DROP7-006-500264,Soft Auburn Permanent Creme Hair Color,"Developed to lift dark hair in one single step, without brassiness Rich, smooth creme formula conditions and penetrates hair Breakthrough technology lifts hair 3-4 levels Intense, long-lasting color L'Oreal Excellence HiColor Permanent Hair Color is the first permanent hair color specifically created for dark hair (black to medium brown). Specifically developed to lift dark hair in one single step, without brassiness. This breakthrough technology lifts hair 3-4 levels. A strong lifting and toning action neutralizes unwanted orange tones, then deposits the shade of your choice. L'Oreal Excellence HiColor Permanent Hair Color's rich, smooth creme formula conditions and penetrates hair for intense, long-lasting color. True-to-shade color resists fading and has a quick processing time of only thirty minutes. No pre-lightening required. The end result is intense, long-lasting color. L’Oreal Help Line: (800) 345-5014. 9AM - 5PM EST, Monday-Friday Brand: L'Oreal Technique Excellence. Shipping: Requires shipping: Yes; Ship-to-home eligible: Yes; Hazmat restriction: No; carrier-calculated shipping at checkout. Source: https://www.sallybeauty.com/hair-color/shop-by-color/red-hair-color/auburn-hair-color/soft-auburn-permanent-creme-hair-color/SBS-500264.html",13.19,16.49,500,https://www.sallybeauty.com/dw/image/v2/BCSM_PRD/on/demandware.static/-/Sites-SBS-SallyBeautySupply/default/dw18d50d27/images/large/SBS-500264-4.jpg?sw=750&sh=750&sfrm=png,https://www.sallybeauty.com/dw/image/v2/BCSM_PRD/on/demandware.static/-/Sites-SBS-SallyBeautySupply/default/dw18d50d27/images/large/SBS-500264-4.png?sw=650&sh=650 | https://www.sallybeauty.com/dw/image/v2/BCSM_PRD/on/demandware.static/-/Sites-SBS-SallyBeautySupply/default/dwb2ac0724/images/large/SBS-500264-2.jpg?sw=750&sh=750&sfrm=png | https://www.sallybeauty.com/dw/image/v2/BCSM_PRD/on/demandware.static/-/Sites-SBS-SallyBeautySupply/default/dwb2ac0724/images/large/SBS-500264-2.png?sw=650&sh=650 | https://www.sallybeauty.com/dw/image/v2/BCSM_PRD/on/demandware.static/-/Sites-SBS-SallyBeautySupply/default/dwc7b6ecc7/images/large/SBS-500264-3.jpg?sw=750&sh=750&sfrm=png,active,"sallybeauty,drop7,red-hair-color-auburn-hair-color",L'Oreal Technique Excellence,Red Hair Color / Auburn Hair Color,TRUE,,Requires shipping: Yes; Ship-to-home eligible: Yes; Hazmat restriction: No; carrier-calculated shipping at checkout.,https://www.sallybeauty.com/hair-color/shop-by-color/red-hair-color/auburn-hair-color/soft-auburn-permanent-creme-hair-color/SBS-500264.html
ADDONLY-SB-DROP7-007-500243,HiColor Red HiLights Copper Permanent Creme Hair Color,"For highly-visible, intense red highlights even on dark hair, without brassiness Breakthrough technology lifts hair 3-4 levels, no pre-lightening required Rich, no-drip creme makes it easy for control of creative techniques Quick processing time of only thirty minutes True-to-shade color that resists fading Available in three Hi-lift Red shades NEW HiColor RED HiLights by L'Oreal Excellence is the first highlighting series formulated for dark hair. Rich, no-drip creme makes it easy for control of creative techniques . True-to-shade color that resists fading. L'Oreal Excellence HiColor Red HiLights is available in Magenta, Red, Copper Red and Copper. L’Oreal Help Line: (800) 345-5014. 9AM - 5PM EST, Monday-Friday Brand: L'Oreal Technique Excellence. Shipping: Requires shipping: Yes; Ship-to-home eligible: Yes; Hazmat restriction: No; carrier-calculated shipping at checkout. Source: https://www.sallybeauty.com/hair-color/shop-by-color/red-hair-color/hicolor-red-hilights-copper-permanent-creme-hair-color/SBS-500243.html",13.19,16.49,500,https://www.sallybeauty.com/dw/image/v2/BCSM_PRD/on/demandware.static/-/Sites-SBS-SallyBeautySupply/default/dw10841dca/images/large/SBS-500243-3.jpg?sw=750&sh=750&sfrm=png,https://www.sallybeauty.com/dw/image/v2/BCSM_PRD/on/demandware.static/-/Sites-SBS-SallyBeautySupply/default/dw10841dca/images/large/SBS-500243-3.png?sw=650&sh=650 | https://www.sallybeauty.com/dw/image/v2/BCSM_PRD/on/demandware.static/-/Sites-SBS-SallyBeautySupply/default/dw56598b07/images/large/SBS-500243-1.jpg?sw=750&sh=750&sfrm=png | https://www.sallybeauty.com/dw/image/v2/BCSM_PRD/on/demandware.static/-/Sites-SBS-SallyBeautySupply/default/dw56598b07/images/large/SBS-500243-1.png?sw=650&sh=650 | https://www.sallybeauty.com/dw/image/v2/BCSM_PRD/on/demandware.static/-/Sites-SBS-SallyBeautySupply/default/dwa06df14d/images/large/SBS-500243.jpg?sw=750&sh=750&sfrm=png,active,"sallybeauty,drop7,shop-by-color-red-hair-color",L'Oreal Technique Excellence,Shop by Color / Red Hair Color,TRUE,,Requires shipping: Yes; Ship-to-home eligible: Yes; Hazmat restriction: No; carrier-calculated shipping at checkout.,https://www.sallybeauty.com/hair-color/shop-by-color/red-hair-color/hicolor-red-hilights-copper-permanent-creme-hair-color/SBS-500243.html
ADDONLY-SB-DROP7-008-500240,HiColor Red HiLights Magenta Permanent Creme Hair Color,"For highly-visible, intense red highlights even on dark hair, without brassiness Breakthrough technology lifts hair 3-4 levels, no pre-lightening required Rich, no-drip creme makes it easy for control of creative techniques Quick processing time of only thirty minutes True-to-shade color that resists fading Available in three Hi-lift Red shades NEW HiColor RED HiLights by L'Oreal Excellence is the first highlighting series formulated for dark hair. Rich, no-drip creme makes it easy for control of creative techniques . True-to-shade color that resists fading. L'Oreal Excellence HiColor Red HiLights is available in Magenta, Red, Copper Red and Copper. L’Oreal Help Line: (800) 345-5014. 9AM - 5PM EST, Monday-Friday Brand: L'Oreal Technique Excellence. Shipping: Requires shipping: Yes; Ship-to-home eligible: Yes; Hazmat restriction: No; carrier-calculated shipping at checkout. Source: https://www.sallybeauty.com/hair-color/shop-by-color/red-hair-color/hicolor-red-hilights-magenta-permanent-creme-hair-color/SBS-500240.html",13.19,16.49,500,https://www.sallybeauty.com/dw/image/v2/BCSM_PRD/on/demandware.static/-/Sites-SBS-SallyBeautySupply/default/dw3923bd4e/images/large/SBS-500240.jpg?sw=750&sh=750&sfrm=png,https://www.sallybeauty.com/dw/image/v2/BCSM_PRD/on/demandware.static/-/Sites-SBS-SallyBeautySupply/default/dw3923bd4e/images/large/SBS-500240.png?sw=650&sh=650 | https://www.sallybeauty.com/dw/image/v2/BCSM_PRD/on/demandware.static/-/Sites-SBS-SallyBeautySupply/default/dw3b83c5eb/images/large/SBS-500240-1.jpg?sw=750&sh=750&sfrm=png | https://www.sallybeauty.com/dw/image/v2/BCSM_PRD/on/demandware.static/-/Sites-SBS-SallyBeautySupply/default/dw3b83c5eb/images/large/SBS-500240-1.png?sw=650&sh=650 | https://www.sallybeauty.com/dw/image/v2/BCSM_PRD/on/demandware.static/-/Sites-SBS-SallyBeautySupply/default/dw4ef66559/images/large/SBS-500240-4.jpg?sw=750&sh=750&sfrm=png,active,"sallybeauty,drop7,shop-by-color-red-hair-color",L'Oreal Technique Excellence,Shop by Color / Red Hair Color,TRUE,,Requires shipping: Yes; Ship-to-home eligible: Yes; Hazmat restriction: No; carrier-calculated shipping at checkout.,https://www.sallybeauty.com/hair-color/shop-by-color/red-hair-color/hicolor-red-hilights-magenta-permanent-creme-hair-color/SBS-500240.html
ADDONLY-SB-DROP7-009-500241,HiColor Red HiLights Red Permanent Creme Hair Color,"For highly-visible, intense red highlights even on dark hair, without brassiness Breakthrough technology lifts hair 3-4 levels, no pre-lightening required Rich, no-drip creme makes it easy for control of creative techniques Quick processing time of only thirty minutes True-to-shade color that resists fading Available in three Hi-lift Red shades NEW HiColor RED HiLights by L'Oreal Excellence is the first highlighting series formulated for dark hair. Rich, no-drip creme makes it easy for control of creative techniques . True-to-shade color that resists fading. L'Oreal Excellence HiColor Red HiLights is available in Magenta, Red, Copper Red and Copper. L’Oreal Help Line: (800) 345-5014. 9AM - 5PM EST, Monday-Friday Brand: L'Oreal Technique Excellence. Shipping: Requires shipping: Yes; Ship-to-home eligible: Yes; Hazmat restriction: No; carrier-calculated shipping at checkout. Source: https://www.sallybeauty.com/hair-color/shop-by-color/red-hair-color/hicolor-red-hilights-red-permanent-creme-hair-color/SBS-500241.html",13.19,16.49,500,https://www.sallybeauty.com/dw/image/v2/BCSM_PRD/on/demandware.static/-/Sites-SBS-SallyBeautySupply/default/dw0ecb1d81/images/large/SBS-500241-3.jpg?sw=750&sh=750&sfrm=png,https://www.sallybeauty.com/dw/image/v2/BCSM_PRD/on/demandware.static/-/Sites-SBS-SallyBeautySupply/default/dw0ecb1d81/images/large/SBS-500241-3.png?sw=650&sh=650 | https://www.sallybeauty.com/dw/image/v2/BCSM_PRD/on/demandware.static/-/Sites-SBS-SallyBeautySupply/default/dw2c22628f/images/large/SBS-500241-4.jpg?sw=750&sh=750&sfrm=png | https://www.sallybeauty.com/dw/image/v2/BCSM_PRD/on/demandware.static/-/Sites-SBS-SallyBeautySupply/default/dw2c22628f/images/large/SBS-500241-4.png?sw=650&sh=650 | https://www.sallybeauty.com/dw/image/v2/BCSM_PRD/on/demandware.static/-/Sites-SBS-SallyBeautySupply/default/dw36994c2b/images/large/SBS-500241-2.jpg?sw=750&sh=750&sfrm=png,active,"sallybeauty,drop7,shop-by-color-red-hair-color",L'Oreal Technique Excellence,Shop by Color / Red Hair Color,TRUE,,Requires shipping: Yes; Ship-to-home eligible: Yes; Hazmat restriction: No; carrier-calculated shipping at checkout.,https://www.sallybeauty.com/hair-color/shop-by-color/red-hair-color/hicolor-red-hilights-red-permanent-creme-hair-color/SBS-500241.html
ADDONLY-SB-DROP7-010-500268,Sizzling Copper Permanent Creme Hair Color,"Developed to lift dark hair in one single step, without brassiness Rich, smooth creme formula conditions and penetrates hair Breakthrough technology lifts hair 3-4 levels Intense, long-lasting color L'Oreal Excellence HiColor Permanent Hair Color is the first permanent hair color specifically created for dark hair (black to medium brown). Specifically developed to lift dark hair in one single step, without brassiness. This breakthrough technology lifts hair 3-4 levels. A strong lifting and toning action neutralizes unwanted orange tones, then deposits the shade of your choice. L'Oreal Excellence HiColor Permanent Hair Color's rich, smooth creme formula conditions and penetrates hair for intense, long-lasting color. True-to-shade color resists fading and has a quick processing time of only thirty minutes. No pre-lightening required. The end result is intense, long-lasting color. L’Oreal Help Line: (800) 345-5014. 9AM - 5PM EST, Monday-Friday Brand: L'Oreal Technique Excellence. Shipping: Requires shipping: Yes; Ship-to-home eligible: Yes; Hazmat restriction: No; carrier-calculated shipping at checkout. Source: https://www.sallybeauty.com/hair-color/shop-by-color/red-hair-color/sizzling-copper-permanent-creme-hair-color/SBS-500268.html",13.19,16.49,500,https://www.sallybeauty.com/dw/image/v2/BCSM_PRD/on/demandware.static/-/Sites-SBS-SallyBeautySupply/default/dw223906c5/images/large/SBS-500268-1.jpg?sw=750&sh=750&sfrm=png,https://www.sallybeauty.com/dw/image/v2/BCSM_PRD/on/demandware.static/-/Sites-SBS-SallyBeautySupply/default/dw223906c5/images/large/SBS-500268-1.png?sw=650&sh=650 | https://www.sallybeauty.com/dw/image/v2/BCSM_PRD/on/demandware.static/-/Sites-SBS-SallyBeautySupply/default/dw24d51627/images/large/SBS-500268-2.jpg?sw=750&sh=750&sfrm=png | https://www.sallybeauty.com/dw/image/v2/BCSM_PRD/on/demandware.static/-/Sites-SBS-SallyBeautySupply/default/dw24d51627/images/large/SBS-500268-2.png?sw=650&sh=650 | https://www.sallybeauty.com/dw/image/v2/BCSM_PRD/on/demandware.static/-/Sites-SBS-SallyBeautySupply/default/dw3044ef9e/images/large/SBS-500268-3.jpg?sw=750&sh=750&sfrm=png,active,"sallybeauty,drop7,shop-by-color-red-hair-color",L'Oreal Technique Excellence,Shop by Color / Red Hair Color,TRUE,,Requires shipping: Yes; Ship-to-home eligible: Yes; Hazmat restriction: No; carrier-calculated shipping at checkout.,https://www.sallybeauty.com/hair-color/shop-by-color/red-hair-color/sizzling-copper-permanent-creme-hair-color/SBS-500268.html
ADDONLY-SB-DROP7-011-222317,Wrath Semi Permanent Hair Color 8 oz.,"No harsh chemicals such as peroxide, ammonia, ethyl alcohol, or PPD 15% of all profits donated to charities focused on ending animal abuse Bright Vivid and Highly Pigmented Colors 100% vegan and 100% cruelty-free Long Lasting (4 - 8 weeks) Arctic Fox color is long-lasting semi-permanent hair color that bleeds less than other semi-permanent brands, and contains added conditioners. The dye contains none of the harsh chemicals often found in other dyes, such as peroxide, ammonia, ethyl alcohol, or PPD. All Arctic Fox colors are 100% vegan and 100% cruelty-free, and 15% of all profits are donated to animal-centered charities. Arctic Fox color Purple AF was formerly known as Purple Rain. Brand: Arctic Fox. Shipping: Requires shipping: Yes; Ship-to-home eligible: Yes; Hazmat restriction: No; carrier-calculated shipping at checkout. Source: https://www.sallybeauty.com/hair-color/shop-by-type/semi-permanent-hair-color/wrath-semi-permanent-hair-color-8-oz./SBS-222317.html",19.99,24.99,500,https://www.sallybeauty.com/dw/image/v2/BCSM_PRD/on/demandware.static/-/Sites-SBS-SallyBeautySupply/default/dw01cf8695/images/large/SBS-222317-2.jpg?sw=750&sh=750&sfrm=png,https://www.sallybeauty.com/dw/image/v2/BCSM_PRD/on/demandware.static/-/Sites-SBS-SallyBeautySupply/default/dw01cf8695/images/large/SBS-222317-2.png?sw=650&sh=650 | https://www.sallybeauty.com/dw/image/v2/BCSM_PRD/on/demandware.static/-/Sites-SBS-SallyBeautySupply/default/dw89dfb89c/images/large/SBS-222317-5.jpg?sw=750&sh=750&sfrm=png | https://www.sallybeauty.com/dw/image/v2/BCSM_PRD/on/demandware.static/-/Sites-SBS-SallyBeautySupply/default/dw89dfb89c/images/large/SBS-222317-5.png?sw=650&sh=650 | https://www.sallybeauty.com/dw/image/v2/BCSM_PRD/on/demandware.static/-/Sites-SBS-SallyBeautySupply/default/dw9125f50a/images/large/SBS-222317-1.jpg?sw=750&sh=750&sfrm=png,active,"sallybeauty,drop7,shop-by-type-semi-permanent-hair-color",Arctic Fox,Shop by Type / Semi-Permanent Hair Color,TRUE,0.5,Requires shipping: Yes; Ship-to-home eligible: Yes; Hazmat restriction: No; carrier-calculated shipping at checkout.,https://www.sallybeauty.com/hair-color/shop-by-type/semi-permanent-hair-color/wrath-semi-permanent-hair-color-8-oz./SBS-222317.html
ADDONLY-SB-DROP7-012-164351,Drip & Clog Proof Nail Glue,"Instantly bonds to nails Ingenious applicator stops drips and spills Great for mending broken nails 100% Vegan Free of sulfates, gluten, parabens, alcohol, phthalates, soy, petroleum and silicone Make sure your next mani sticks with Beauty Secrets Drip and Clog Proof Nail Glue! This powerful formula bonds instantly to your nails, creating a secure grip for any press-on manicures or an air-tight seal to keep broken nails in place. Our unique no-mess applicator works to prevent drips and spills during application - just press down on the yellow button to puncture the nozzle, then unscrew while leaving the button on, and gently squeeze to apply what you need. Twist it back to close off the flow and voila! A mess-free, long-lasting manicure that's locked in place instantly. Our formula is 100% vegan while also free of gluten, parabens, sulfates, phthalates, alcohol, soy, petroleum and silicone. Beauty Secrets prides itself on having the best stock of essentials to show off your creativity. From dip powders and polishes to brushes and kits and everything in between, Beauty Secrets opens up a world of beauty that you can create from the comfort of your own home. Limit 6 per customer in a 30 day period.* Brand: Beauty Secrets. Shipping: Requires shipping: Yes; Ship-to-home eligible: Yes; Hazmat restriction: Yes; carrier-calculated shipping at checkout. Source: https://www.sallybeauty.com/nails/acrylic-nails-and-polygel/nail-glue/drip-and-clog-proof-nail-glue/SBS-164351.html",7.49,9.36,500,https://www.sallybeauty.com/dw/image/v2/BCSM_PRD/on/demandware.static/-/Sites-SBS-SallyBeautySupply/default/dw085f6849/images/large/SBS-164351-4.jpg?sw=750&sh=750&sfrm=png,https://www.sallybeauty.com/dw/image/v2/BCSM_PRD/on/demandware.static/-/Sites-SBS-SallyBeautySupply/default/dw085f6849/images/large/SBS-164351-4.png?sw=650&sh=650 | https://www.sallybeauty.com/dw/image/v2/BCSM_PRD/on/demandware.static/-/Sites-SBS-SallyBeautySupply/default/dw109f0796/images/large/SBS-164351-5.jpg?sw=750&sh=750&sfrm=png | https://www.sallybeauty.com/dw/image/v2/BCSM_PRD/on/demandware.static/-/Sites-SBS-SallyBeautySupply/default/dw109f0796/images/large/SBS-164351-5.png?sw=650&sh=650 | https://www.sallybeauty.com/dw/image/v2/BCSM_PRD/on/demandware.static/-/Sites-SBS-SallyBeautySupply/default/dw1ca986ee/images/large/SBS-164351-2.jpg?sw=750&sh=750&sfrm=png,active,"sallybeauty,drop7,acrylic-nails-nail-glue",Beauty Secrets,Acrylic Nails / Nail Glue,TRUE,,Requires shipping: Yes; Ship-to-home eligible: Yes; Hazmat restriction: Yes; carrier-calculated shipping at checkout.,https://www.sallybeauty.com/nails/acrylic-nails-and-polygel/nail-glue/drip-and-clog-proof-nail-glue/SBS-164351.html
ADDONLY-SB-DROP7-013-018765,Luxe Carousel Auto Rotating Curling Iron,Bi-directional rotating control for customized comfort and ease Millions of negative ions for added shine and reduce frizz Automated rotating technology Auto shut off after 60 min 5 temperature settings 1.25IN Ceramic barrel Smart timing function Create effortless waves or curls with just the touch of a button. This auto rotating curling iron makes curling your hair so much easier! Perfect for all hair lengths and textures. Brand: ion Luxe Solutions. Shipping: Requires shipping: Yes; Ship-to-home eligible: Yes; Hazmat restriction: No; carrier-calculated shipping at checkout. Source: https://www.sallybeauty.com/tools-and-brushes/curling-irons-and-wands/curling-irons/luxe-carousel-auto-rotating-curling-iron/SBS-018765.html,44.99,56.24,500,https://www.sallybeauty.com/dw/image/v2/BCSM_PRD/on/demandware.static/-/Sites-SBS-SallyBeautySupply/default/dw08b5df1b/images/large/SBS-018765.jpg?sw=750&sh=750&sfrm=png,https://www.sallybeauty.com/dw/image/v2/BCSM_PRD/on/demandware.static/-/Sites-SBS-SallyBeautySupply/default/dw08b5df1b/images/large/SBS-018765.png?sw=650&sh=650 | https://www.sallybeauty.com/dw/image/v2/BCSM_PRD/on/demandware.static/-/Sites-SBS-SallyBeautySupply/default/dw1fc202d4/images/large/SBS-018765-3.jpg?sw=750&sh=750&sfrm=png | https://www.sallybeauty.com/dw/image/v2/BCSM_PRD/on/demandware.static/-/Sites-SBS-SallyBeautySupply/default/dw1fc202d4/images/large/SBS-018765-3.png?sw=650&sh=650 | https://www.sallybeauty.com/dw/image/v2/BCSM_PRD/on/demandware.static/-/Sites-SBS-SallyBeautySupply/default/dw43abdc15/images/large/SBS-018765-5.jpg?sw=750&sh=750&sfrm=png,active,"sallybeauty,drop7,shop-all-curling-irons-wands-curling-irons",ion Luxe Solutions,Shop All Curling Irons & Wands / Curling Irons,TRUE,,Requires shipping: Yes; Ship-to-home eligible: Yes; Hazmat restriction: No; carrier-calculated shipping at checkout.,https://www.sallybeauty.com/tools-and-brushes/curling-irons-and-wands/curling-irons/luxe-carousel-auto-rotating-curling-iron/SBS-018765.html
ADDONLY-SB-DROP7-014-646702,Digital Nano Silver Flat Iron 1 1/4 inch,"The high performance Professional Digital Nano-Silver Flat Iron (1 1/4 Inch) uses nano-silver to enhance healthier hair, leaving it smoother shinier and more manageable Uses an advanced microprocessor and ceramic heaters for flash-quick heat up and simultaneous heat recovery to prevent plates cycling from hot to cold Tourmaline ceramic plates emit ultra-high, even heat with no hot spots to protect hair from heat damage; LED display provides real-time heat information The Nano-Silver wide 1 1/4 inch floating plates design is ideal for ease of styling on thick, long hair Heat range from 300°F to 450°F, auto-shut off after 60 minutes, and dual voltage for world-wide use The Tool Science Professional Digital Nano-Silver Flat Iron (1 1/4 Inch) uses nano silver's unique properties to enhance healthier hair, leaving it smoother shinier and more manageable. The Nano-Silver Digital Flat Iron uses an advanced microprocessor and ceramic heaters for flash-quick heat up and simultaneous heat recovery to prevent plates cycling from hot to cold. The high performance nano-silver tourmaline ceramic plates emit ultra high, even heat with no hot spots to protect from heat damage and enhanced healthier hair. A LED temperature read out provides accurate, real-time heat information. The wide 1 1/4 inch floating plates design is ideal for ease of styling on thick, long hair. Includes an auto-shut off program that turns off the iron automatically after 60 minutes and automatic dual voltage for global use with no converter required. Heat range from 300°F to 450°F. Why Nano-Silver? Today's science focuses on Nanotechnology. It is the technology of creating billions of particles from one particle to magnify the performance, improve functionality and uniformity of a material - in this case silver. Nano Silvers unique properties enhance healthier hair, leaving it smoother, shinier and more manageable. Brand: Tool Science. Shipping: Requires shipping: Yes; Ship-to-home eligible: Yes; Hazmat restriction: No; carrier-calculated shipping at checkout. Source: https://www.sallybeauty.com/tools-and-brushes/flat-irons-and-hair-straighteners/digital-nano-silver-flat-iron-1-1-4-inch/SBS-646702.html",34.99,43.74,500,https://www.sallybeauty.com/dw/image/v2/BCSM_PRD/on/demandware.static/-/Sites-SBS-SallyBeautySupply/default/dw9797141e/images/large/SBS-646702.jpg?sw=750&sh=750&sfrm=png,https://www.sallybeauty.com/dw/image/v2/BCSM_PRD/on/demandware.static/-/Sites-SBS-SallyBeautySupply/default/dw9797141e/images/large/SBS-646702.png?sw=650&sh=650 | https://www.sallybeauty.com/dw/image/v2/BCSM_PRD/on/demandware.static/-/Sites-SBS-SallyBeautySupply/default/dwb95fc26c/images/large/SBS-646702-1.jpg?sw=750&sh=750&sfrm=png | https://www.sallybeauty.com/dw/image/v2/BCSM_PRD/on/demandware.static/-/Sites-SBS-SallyBeautySupply/default/dwb95fc26c/images/large/SBS-646702-1.png?sw=650&sh=650,active,"sallybeauty,drop7,tools-brushes-flat-irons-hair-straighteners",Tool Science,Tools & Brushes / Flat Irons & Hair Straighteners,TRUE,,Requires shipping: Yes; Ship-to-home eligible: Yes; Hazmat restriction: No; carrier-calculated shipping at checkout.,https://www.sallybeauty.com/tools-and-brushes/flat-irons-and-hair-straighteners/digital-nano-silver-flat-iron-1-1-4-inch/SBS-646702.html
ADDONLY-SB-DROP7-015-000014,Lava Volcanic Ceramic Flat Iron 1 Inch,"Produces Ions infusing hair with hydration and shine Volcanic lava powders offer extreme durability Maximum temperature of up to 450°F/232°C Digital and adjustable Temperature Display 1 Inch Volcanic Lava Ceramic Plate Minerals help strengthen the hair 110-240V, 50/60HZ, 42W 30 Sec. heat up time 1-Hour auto shut off 11 ft swivel cord Quick heat up Dual Voltage Volcanic Lava Ceramic Plates - The power of CHI Ceramic infused with volcanic lava derived from lava rocks provides gentle consistent heat during styling. This combination allows styling at lower than normal temperatures producing less damage to the hair while offering smooth, shiny results. Sourced from some of the most effective heat conducting materials found on earth; volcanic lava combined with the power of CHI ceramic creates smooth, sleek results without the damaging effects of high-heat styling. This innovative combination of elements offers an incredibly smooth styling surface for effortless glide-ability on unruly and coarse hair textures. Heat damage is reduced by the ability to use lower temperature settings than traditional heat styling. With increased durability, lightweight design and extended plate length creating salon quality styles is easier than ever before. The CHI Lava Volcanic Ceramic Flat Iron won a Good Housekeeping 2021 Beauty Award. The CHI Lava is named the ""Sleekest Flat Iron,"" making it the best flat iron you can buy, tested by Good Housekeeping scientists. Brand: CHI Lava. Shipping: Requires shipping: Yes; Ship-to-home eligible: Yes; Hazmat restriction: No; carrier-calculated shipping at checkout. Source: https://www.sallybeauty.com/tools-and-brushes/flat-irons-and-hair-straighteners/lava-volcanic-ceramic-flat-iron-1-inch/SBS-000014.html",149.99,187.49,1,https://www.sallybeauty.com/dw/image/v2/BCSM_PRD/on/demandware.static/-/Sites-SBS-SallyBeautySupply/default/dw1eb93364/images/large/SBS-000014.jpg?sw=750&sh=750&sfrm=png,https://www.sallybeauty.com/dw/image/v2/BCSM_PRD/on/demandware.static/-/Sites-SBS-SallyBeautySupply/default/dw1eb93364/images/large/SBS-000014.png?sw=650&sh=650 | https://www.sallybeauty.com/dw/image/v2/BCSM_PRD/on/demandware.static/-/Sites-SBS-SallyBeautySupply/default/dw4438f911/images/large/SBS-000014-4.jpg?sw=750&sh=750&sfrm=png | https://www.sallybeauty.com/dw/image/v2/BCSM_PRD/on/demandware.static/-/Sites-SBS-SallyBeautySupply/default/dw4438f911/images/large/SBS-000014-4.png?sw=650&sh=650 | https://www.sallybeauty.com/dw/image/v2/BCSM_PRD/on/demandware.static/-/Sites-SBS-SallyBeautySupply/default/dw461e6a5f/images/large/SBS-000014-1.jpg?sw=750&sh=750&sfrm=png,active,"sallybeauty,drop7,tools-brushes-flat-irons-hair-straighteners",CHI Lava,Tools & Brushes / Flat Irons & Hair Straighteners,TRUE,,Requires shipping: Yes; Ship-to-home eligible: Yes; Hazmat restriction: No; carrier-calculated shipping at checkout.,https://www.sallybeauty.com/tools-and-brushes/flat-irons-and-hair-straighteners/lava-volcanic-ceramic-flat-iron-1-inch/SBS-000014.html
ADDONLY-SB-DROP7-016-301608,One Stroke Flat Iron 1 inch,"Fast heat-up in just 45 seconds Straightens hair in one stroke Digital temperature readout Minimizes heat damage Dual voltage Experience the pinnacle of hairstyling precision with the ion One Stroke Flat Iron. This revolutionary tool straightens hair effortlessly in just one stroke, all while minimizing excessive and damaging heat. Powered by cutting-edge Temperature Sensor Circuit (TSC) technology, this flat iron achieves operating temperature in a mere 45 seconds, offering unparalleled heat stability and an impressive recovery time of 6-8 seconds. Enjoy a constant operating temperature from roots to ends, thanks to tri-layer heaters with embedded TSC technology that reads real-time temperatures across the entire plate surface. Infused with tourmaline and Japanese Ionic-Ceramic minerals, this flat iron ensures fast heat-up, digital temperature readout and minimizes heat damage. The unique design facilitates a swift one-stroke straightening process. With a 120-minute auto shut-off feature and dual voltage compatibility, it's the epitome of convenience and safety in hairstyling technology. Redefine your straightening routine with the ion One Stroke Flat Iron, where innovation meets efficiency for superior results at your fingertips. Brand: ion. Shipping: Requires shipping: Yes; Ship-to-home eligible: Yes; Hazmat restriction: No; carrier-calculated shipping at checkout. Source: https://www.sallybeauty.com/tools-and-brushes/flat-irons-and-hair-straighteners/one-stroke-flat-iron-1-inch/SBS-301608.html",39.99,49.99,500,https://www.sallybeauty.com/dw/image/v2/BCSM_PRD/on/demandware.static/-/Sites-SBS-SallyBeautySupply/default/dw03e87533/images/large/SBS-301608-5.jpg?sw=750&sh=750&sfrm=png,https://www.sallybeauty.com/dw/image/v2/BCSM_PRD/on/demandware.static/-/Sites-SBS-SallyBeautySupply/default/dw03e87533/images/large/SBS-301608-5.png?sw=650&sh=650 | https://www.sallybeauty.com/dw/image/v2/BCSM_PRD/on/demandware.static/-/Sites-SBS-SallyBeautySupply/default/dw41789284/images/large/SBS-301608.jpg?sw=750&sh=750&sfrm=png | https://www.sallybeauty.com/dw/image/v2/BCSM_PRD/on/demandware.static/-/Sites-SBS-SallyBeautySupply/default/dw41789284/images/large/SBS-301608.png?sw=650&sh=650 | https://www.sallybeauty.com/dw/image/v2/BCSM_PRD/on/demandware.static/-/Sites-SBS-SallyBeautySupply/default/dwa7762035/images/large/SBS-301608-1.jpg?sw=750&sh=750&sfrm=png,active,"sallybeauty,drop7,tools-brushes-flat-irons-hair-straighteners",ion,Tools & Brushes / Flat Irons & Hair Straighteners,TRUE,,Requires shipping: Yes; Ship-to-home eligible: Yes; Hazmat restriction: No; carrier-calculated shipping at checkout.,https://www.sallybeauty.com/tools-and-brushes/flat-irons-and-hair-straighteners/one-stroke-flat-iron-1-inch/SBS-301608.html
ADDONLY-SB-DROP7-017-345342,Prima Titanium Flat Iron 1 Inch,"Titanium creates a smooth, shiny finish by helping to close hair’s cuticle Titanium produces far-infrared heat, to protect hair’s luster while styling Multi-Function – straightens, waves and curls with maximum ease Titanium transfers ultra-high temperatures for faster styling Ultra Smooth and durable titanium plates for shiny hair Slim design and ultra-lightweight for maximum comfort Housing Material: Stainless Steel Heating Material: Titanium Heat/Speed Settings: 5 Heating Time: 30 sec. Cord Length: 9 ft Heat Max.: 450 The BaBylissPRO Prima Titanium Flat Iron has a built-in ceramic heater so it gets hot instantly...and stays hot. Maintaining precise temperatures for uninterrupted, consistent heat creating long-lasting style. This flat iron heats quickly up to 450° F. The stainless steel housing around the plates also heats up, making this iron perfect for adding soft waves or perfect curls. Brand: BaBylissPRO. Shipping: Requires shipping: Yes; Ship-to-home eligible: Yes; Hazmat restriction: No; carrier-calculated shipping at checkout. Source: https://www.sallybeauty.com/tools-and-brushes/flat-irons-and-hair-straighteners/prima-titanium-flat-iron-1-inch/SBS-345342.html",57.49,71.86,139,https://www.sallybeauty.com/dw/image/v2/BCSM_PRD/on/demandware.static/-/Sites-SBS-SallyBeautySupply/default/dw7da68468/images/large/SBS-345342-1.jpg?sw=750&sh=750&sfrm=png,https://www.sallybeauty.com/dw/image/v2/BCSM_PRD/on/demandware.static/-/Sites-SBS-SallyBeautySupply/default/dw7da68468/images/large/SBS-345342-1.png?sw=650&sh=650 | https://www.sallybeauty.com/dw/image/v2/BCSM_PRD/on/demandware.static/-/Sites-SBS-SallyBeautySupply/default/dwa2b605a7/images/large/SBS-345342-2.jpg?sw=750&sh=750&sfrm=png | https://www.sallybeauty.com/dw/image/v2/BCSM_PRD/on/demandware.static/-/Sites-SBS-SallyBeautySupply/default/dwa2b605a7/images/large/SBS-345342-2.png?sw=650&sh=650 | https://www.sallybeauty.com/dw/image/v2/BCSM_PRD/on/demandware.static/-/Sites-SBS-SallyBeautySupply/default/dwc83a0f48/images/large/SBS-345342.jpg?sw=750&sh=750&sfrm=png,active,"sallybeauty,drop7,tools-brushes-flat-irons-hair-straighteners",BaBylissPRO,Tools & Brushes / Flat Irons & Hair Straighteners,TRUE,,Requires shipping: Yes; Ship-to-home eligible: Yes; Hazmat restriction: No; carrier-calculated shipping at checkout.,https://www.sallybeauty.com/tools-and-brushes/flat-irons-and-hair-straighteners/prima-titanium-flat-iron-1-inch/SBS-345342.html
ADDONLY-SB-DROP7-018-017426,Compact Thermal Paddle Brush,"Nano Titanium-coated bristles smooth and add shine for all hair types Straighten and touchup second-day hair, without losing volume 3 temperature settings (320⁰F, 355⁰F, 395⁰F), for all hair types Compact, 8 1/4"" length for on-the-go styling 1 Year Warranty 6' Power Cord Dual Voltage Compact Size - Full Power! The NEW Compact Thermal Paddle Brush is great for straightening and smoothing unruly hair, on-the-go. Brand: BaBylissPRO Nano Titanium. Shipping: Requires shipping: Yes; Ship-to-home eligible: Yes; Hazmat restriction: No; carrier-calculated shipping at checkout. Source: https://www.sallybeauty.com/tools-and-brushes/flat-irons-and-hair-straighteners/straightening-brush/compact-thermal-paddle-brush/SBS-017426.html",54.99,68.74,203,https://www.sallybeauty.com/dw/image/v2/BCSM_PRD/on/demandware.static/-/Sites-SBS-SallyBeautySupply/default/dw160738c0/images/large/SBS-017426.jpg?sw=750&sh=750&sfrm=png,https://www.sallybeauty.com/dw/image/v2/BCSM_PRD/on/demandware.static/-/Sites-SBS-SallyBeautySupply/default/dw160738c0/images/large/SBS-017426.png?sw=650&sh=650 | https://www.sallybeauty.com/dw/image/v2/BCSM_PRD/on/demandware.static/-/Sites-SBS-SallyBeautySupply/default/dw8f81b5a8/images/large/SBS-017426-2.jpg?sw=750&sh=750&sfrm=png | https://www.sallybeauty.com/dw/image/v2/BCSM_PRD/on/demandware.static/-/Sites-SBS-SallyBeautySupply/default/dw8f81b5a8/images/large/SBS-017426-2.png?sw=650&sh=650 | https://www.sallybeauty.com/dw/image/v2/BCSM_PRD/on/demandware.static/-/Sites-SBS-SallyBeautySupply/default/dwa415d5dc/images/large/SBS-017426-1.jpg?sw=750&sh=750&sfrm=png,active,"sallybeauty,drop7,flat-irons-hair-straighteners-straightening-brush",BaBylissPRO Nano Titanium,Flat Irons & Hair Straighteners / Straightening Brush,TRUE,,Requires shipping: Yes; Ship-to-home eligible: Yes; Hazmat restriction: No; carrier-calculated shipping at checkout.,https://www.sallybeauty.com/tools-and-brushes/flat-irons-and-hair-straighteners/straightening-brush/compact-thermal-paddle-brush/SBS-017426.html
ADDONLY-SB-DROP7-019-008819,GOLDFX Outlining Trimmer,"DLC Titanium Ultra Thin Blade (Replacement blade FX707Z) High-torque, Brushless, 7200 RPM Engine All-metal housing/knurled barbell grip Lithium ion battery 2-hour runtime Exposed T- blade with 360 ̊ view Cord/cordless–dual voltage Limited 2-year warranty Zero Gap Tool Included Detent hanging hook GoldFX is a professional, all-metal, cord/cordless lithium outlining trimmer. Featuring an exposed T-blade with 360 degree views, making this the first of a kind! The perfect tool for crispy edge-ups, hard lines, and all other detail work. Welcome to the new gold standard of outlining trimmers. Clipper and Trimmer Sales are Final* Brand: BaBylissPRO GOLDFX. Shipping: Requires shipping: Yes; Ship-to-home eligible: Yes; Hazmat restriction: No; carrier-calculated shipping at checkout. Source: https://www.sallybeauty.com/tools-and-brushes/hair-cutting-tools/clippers-and-trimmers/goldfx-outlining-trimmer/SBS-008819.html",229.99,287.49,482,https://www.sallybeauty.com/dw/image/v2/BCSM_PRD/on/demandware.static/-/Sites-SBS-SallyBeautySupply/default/dw594b01df/images/large/SBS-008819.jpg?sw=750&sh=750&sfrm=png,https://www.sallybeauty.com/dw/image/v2/BCSM_PRD/on/demandware.static/-/Sites-SBS-SallyBeautySupply/default/dw594b01df/images/large/SBS-008819.png?sw=650&sh=650 | https://www.sallybeauty.com/dw/image/v2/BCSM_PRD/on/demandware.static/-/Sites-SBS-SallyBeautySupply/default/dw85986ebc/images/large/SBS-008819-1.jpg?sw=750&sh=750&sfrm=png | https://www.sallybeauty.com/dw/image/v2/BCSM_PRD/on/demandware.static/-/Sites-SBS-SallyBeautySupply/default/dw85986ebc/images/large/SBS-008819-1.png?sw=650&sh=650,active,"sallybeauty,drop7,hair-cutting-tools-clippers-trimmers",BaBylissPRO GOLDFX,Hair Cutting Tools / Clippers & Trimmers,TRUE,,Requires shipping: Yes; Ship-to-home eligible: Yes; Hazmat restriction: No; carrier-calculated shipping at checkout.,https://www.sallybeauty.com/tools-and-brushes/hair-cutting-tools/clippers-and-trimmers/goldfx-outlining-trimmer/SBS-008819.html
ADDONLY-SB-DROP7-020-003962,Deep/Dark Powder Contour Palette,"3 shades for highlight & 3 shades for contour Natural matte finish Buildable formula Creamy Achieve a beautifully sculpted and defined face with these three highlight and three contour shades conveniently bundled in one palette. Housed in a sturdy magnetic-closure palette, these colors will quickly become some of your favorites in your makeup kit. You’ll get a smooth application every time thanks to our pigmented soft powder formula. Brand: Kokie. Shipping: Requires shipping: Yes; Ship-to-home eligible: Yes; Hazmat restriction: No; carrier-calculated shipping at checkout. Source: https://www.sallybeauty.com/beauty/makeup/face/deep-dark-powder-contour-palette/SBS-003962.html",14.99,18.74,32,https://www.sallybeauty.com/dw/image/v2/BCSM_PRD/on/demandware.static/-/Sites-SBS-SallyBeautySupply/default/dw7edc701c/images/large/SBS-003962-1.jpg?sw=750&sh=750&sfrm=png,https://www.sallybeauty.com/dw/image/v2/BCSM_PRD/on/demandware.static/-/Sites-SBS-SallyBeautySupply/default/dw7edc701c/images/large/SBS-003962-1.png?sw=650&sh=650 | https://www.sallybeauty.com/dw/image/v2/BCSM_PRD/on/demandware.static/-/Sites-SBS-SallyBeautySupply/default/dwd24e495c/images/large/SBS-003962.jpg?sw=750&sh=750&sfrm=png | https://www.sallybeauty.com/dw/image/v2/BCSM_PRD/on/demandware.static/-/Sites-SBS-SallyBeautySupply/default/dwd24e495c/images/large/SBS-003962.png?sw=650&sh=650,active,"sallybeauty,drop7,makeup-face",Kokie,Makeup / Face,TRUE,,Requires shipping: Yes; Ship-to-home eligible: Yes; Hazmat restriction: No; carrier-calculated shipping at checkout.,https://www.sallybeauty.com/beauty/makeup/face/deep-dark-powder-contour-palette/SBS-003962.html
ADDONLY-SB-DROP7-021-009403,Setting Spray,"Glowbloom products are always cruelty-free. Locks in makeup for a finished look. Don't mess up that make-up! Apply setting spray after make-up application, and throughout the day as needed. Brand: Glowbloom. Shipping: Requires shipping: Yes; Ship-to-home eligible: Yes; Hazmat restriction: No; carrier-calculated shipping at checkout. Source: https://www.sallybeauty.com/beauty/makeup/face/setting-spray/SBS-009403.html",7.29,9.11,65,https://www.sallybeauty.com/dw/image/v2/BCSM_PRD/on/demandware.static/-/Sites-SBS-SallyBeautySupply/default/dwd0c5b6c1/images/large/SBS-009403.jpg?sw=750&sh=750&sfrm=png,https://www.sallybeauty.com/dw/image/v2/BCSM_PRD/on/demandware.static/-/Sites-SBS-SallyBeautySupply/default/dwd0c5b6c1/images/large/SBS-009403.png?sw=650&sh=650,active,"sallybeauty,drop7,makeup-face",Glowbloom,Makeup / Face,TRUE,,Requires shipping: Yes; Ship-to-home eligible: Yes; Hazmat restriction: No; carrier-calculated shipping at checkout.,https://www.sallybeauty.com/beauty/makeup/face/setting-spray/SBS-009403.html
ADDONLY-SB-DROP7-022-528401,Instant Arched Brows,"Includes 6 eye brow stencils Perfect brows every time Simple to apply Safe and easy to use, Fran Wilson Instant Brows are peel off shaping stencils that help you create the perfect brows instantly. Simply apply the stencil to the eyebrow area and fill in with shadow or a liner pencil. Each pack contains six eye brow stencils. Brand: Fran Wilson. Shipping: Requires shipping: Yes; Ship-to-home eligible: Yes; Hazmat restriction: No; carrier-calculated shipping at checkout. Source: https://www.sallybeauty.com/beauty/makeup/eyebrows/instant-arched-brows/SBS-528401.html",5.19,6.49,500,https://www.sallybeauty.com/dw/image/v2/BCSM_PRD/on/demandware.static/-/Sites-SBS-SallyBeautySupply/default/dw64da27c3/images/large/SBS-528401-1.jpg?sw=750&sh=750&sfrm=png,https://www.sallybeauty.com/dw/image/v2/BCSM_PRD/on/demandware.static/-/Sites-SBS-SallyBeautySupply/default/dw64da27c3/images/large/SBS-528401-1.png?sw=650&sh=650 | https://www.sallybeauty.com/dw/image/v2/BCSM_PRD/on/demandware.static/-/Sites-SBS-SallyBeautySupply/default/dw7cfdaad5/images/large/SBS-528401.jpg?sw=750&sh=750&sfrm=png | https://www.sallybeauty.com/dw/image/v2/BCSM_PRD/on/demandware.static/-/Sites-SBS-SallyBeautySupply/default/dw7cfdaad5/images/large/SBS-528401.png?sw=650&sh=650,active,"sallybeauty,drop7,makeup-eye-makeup",Fran Wilson,Makeup / Eye Makeup,TRUE,,Requires shipping: Yes; Ship-to-home eligible: Yes; Hazmat restriction: No; carrier-calculated shipping at checkout.,https://www.sallybeauty.com/beauty/makeup/eyebrows/instant-arched-brows/SBS-528401.html
ADDONLY-SB-DROP7-023-525350,Facial Hair Razors,Ideal for sensitive areas like eyebrows or lips Built-in safety guard for safe and painless trimming on delicate skin Protective cover to extend blade life The Diane facial hair razors with a quality blade and built-in safety guard provide smooth dermaplaning and shaping. Brand: Diane. Shipping: Requires shipping: Yes; Ship-to-home eligible: Yes; Hazmat restriction: No; carrier-calculated shipping at checkout. Source: https://www.sallybeauty.com/beauty/makeup/tools-and-brushes/eyebrow-shaper/SBS-525350.html,5.99,7.49,500,https://www.sallybeauty.com/dw/image/v2/BCSM_PRD/on/demandware.static/-/Sites-SBS-SallyBeautySupply/default/dwbf831efb/images/large/SBS-525350-1.jpg?sw=750&sh=750&sfrm=png,https://www.sallybeauty.com/dw/image/v2/BCSM_PRD/on/demandware.static/-/Sites-SBS-SallyBeautySupply/default/dwbf831efb/images/large/SBS-525350-1.png?sw=650&sh=650 | https://www.sallybeauty.com/dw/image/v2/BCSM_PRD/on/demandware.static/-/Sites-SBS-SallyBeautySupply/default/dwbfc9c855/images/large/SBS-525350.jpg?sw=750&sh=750&sfrm=png | https://www.sallybeauty.com/dw/image/v2/BCSM_PRD/on/demandware.static/-/Sites-SBS-SallyBeautySupply/default/dwbfc9c855/images/large/SBS-525350.png?sw=650&sh=650,active,"sallybeauty,drop7,makeup-tools-brushes",Diane,Makeup / Tools & Brushes,TRUE,,Requires shipping: Yes; Ship-to-home eligible: Yes; Hazmat restriction: No; carrier-calculated shipping at checkout.,https://www.sallybeauty.com/beauty/makeup/tools-and-brushes/eyebrow-shaper/SBS-525350.html
ADDONLY-SB-DROP7-024-655614,Charcoal Powder Cleanser,Fortified and concentrated with charcoal Packaged in travel-friendly pods Water-activated Gently draw out and cleanse away impurities with Charcoal without striping the skin of moisture. Take these pods with you anywhere and everywhere for clean skin wherever you go! Brand: Beyond Belief. Shipping: Requires shipping: Yes; Ship-to-home eligible: Yes; Hazmat restriction: No; carrier-calculated shipping at checkout. Source: https://www.sallybeauty.com/beauty/skincare/cleansers-and-toners/charcoal-powder-cleanser/SBS-655614.html,2.00,2.50,1,https://www.sallybeauty.com/dw/image/v2/BCSM_PRD/on/demandware.static/-/Sites-SBS-SallyBeautySupply/default/dwdfd3efcc/images/large/SBS-655614-1.jpg?sw=750&sh=750&sfrm=png,https://www.sallybeauty.com/dw/image/v2/BCSM_PRD/on/demandware.static/-/Sites-SBS-SallyBeautySupply/default/dwdfd3efcc/images/large/SBS-655614-1.png?sw=650&sh=650 | https://www.sallybeauty.com/dw/image/v2/BCSM_PRD/on/demandware.static/-/Sites-SBS-SallyBeautySupply/default/dwfc424304/images/large/SBS-655614.jpg?sw=750&sh=750&sfrm=png | https://www.sallybeauty.com/dw/image/v2/BCSM_PRD/on/demandware.static/-/Sites-SBS-SallyBeautySupply/default/dwfc424304/images/large/SBS-655614.png?sw=650&sh=650,active,"sallybeauty,drop7,skin-care-cleansers-toners",Beyond Belief,Skin Care / Cleansers & Toners,TRUE,,Requires shipping: Yes; Ship-to-home eligible: Yes; Hazmat restriction: No; carrier-calculated shipping at checkout.,https://www.sallybeauty.com/beauty/skincare/cleansers-and-toners/charcoal-powder-cleanser/SBS-655614.html
ADDONLY-SB-DROP7-025-169609,Body Buffing Pad,"Excellent for rough areas such as elbows, hands and knees Preps skin for lotion or self tanning products Exfoliates dead skin cells 5.5” L x 3.5”W x ¾” D Gentle on skin Beauty Secrets Body Buffing Pad will gently exfoliate the skin to help leave skin soft and silky smooth. Use it with your favorite body scrub or gentle exfoliating cleanser for maximum effect. Brand: Beauty Secrets. Shipping: Requires shipping: Yes; Ship-to-home eligible: Yes; Hazmat restriction: No; carrier-calculated shipping at checkout. Source: https://www.sallybeauty.com/beauty/skincare/body-care/body-buffing-pad/SBS-169609.html",2.99,3.74,500,https://www.sallybeauty.com/dw/image/v2/BCSM_PRD/on/demandware.static/-/Sites-SBS-SallyBeautySupply/default/dw1375ef62/images/large/SBS-169609-2.jpg?sw=750&sh=750&sfrm=png,https://www.sallybeauty.com/dw/image/v2/BCSM_PRD/on/demandware.static/-/Sites-SBS-SallyBeautySupply/default/dw1375ef62/images/large/SBS-169609-2.png?sw=650&sh=650 | https://www.sallybeauty.com/dw/image/v2/BCSM_PRD/on/demandware.static/-/Sites-SBS-SallyBeautySupply/default/dw7daf3f7f/images/large/SBS-169609-1.jpg?sw=750&sh=750&sfrm=png | https://www.sallybeauty.com/dw/image/v2/BCSM_PRD/on/demandware.static/-/Sites-SBS-SallyBeautySupply/default/dw7daf3f7f/images/large/SBS-169609-1.png?sw=650&sh=650 | https://www.sallybeauty.com/dw/image/v2/BCSM_PRD/on/demandware.static/-/Sites-SBS-SallyBeautySupply/default/dw906216a7/images/large/SBS-169609.jpg?sw=750&sh=750&sfrm=png,active,"sallybeauty,drop7,skin-care-body-care",Beauty Secrets,Skin Care / Body Care,TRUE,,Requires shipping: Yes; Ship-to-home eligible: Yes; Hazmat restriction: No; carrier-calculated shipping at checkout.,https://www.sallybeauty.com/beauty/skincare/body-care/body-buffing-pad/SBS-169609.html
ADDONLY-SB-DROP7-026-008834,Glow Serum with Plant-derived Squalane,Helps to brighten and even skin tone Boosts skin's natural radiance Replenishes moisture levels Renew your skin with this rejuvenating glow serum that uses Plant-Derived Squalane to give the skin a natural boost of radiance while lightly hydrating. Brand: Here Beautiful!. Shipping: Requires shipping: Yes; Ship-to-home eligible: Yes; Hazmat restriction: No; carrier-calculated shipping at checkout. Source: https://www.sallybeauty.com/beauty/skincare/glow-serum-with-plant-derived-squalane/SBS-008834.html,19.79,24.74,3,https://www.sallybeauty.com/dw/image/v2/BCSM_PRD/on/demandware.static/-/Sites-SBS-SallyBeautySupply/default/dw55616dc6/images/large/SBS-008834-2.jpg?sw=750&sh=750&sfrm=png,https://www.sallybeauty.com/dw/image/v2/BCSM_PRD/on/demandware.static/-/Sites-SBS-SallyBeautySupply/default/dw55616dc6/images/large/SBS-008834-2.png?sw=650&sh=650 | https://www.sallybeauty.com/dw/image/v2/BCSM_PRD/on/demandware.static/-/Sites-SBS-SallyBeautySupply/default/dw5c313afc/images/large/SBS-008834.jpg?sw=750&sh=750&sfrm=png | https://www.sallybeauty.com/dw/image/v2/BCSM_PRD/on/demandware.static/-/Sites-SBS-SallyBeautySupply/default/dw5c313afc/images/large/SBS-008834.png?sw=650&sh=650 | https://www.sallybeauty.com/dw/image/v2/BCSM_PRD/on/demandware.static/-/Sites-SBS-SallyBeautySupply/default/dw7d71cd7c/images/large/SBS-008834-1.jpg?sw=750&sh=750&sfrm=png,active,"sallybeauty,drop7,cosmetics-skin-care-skin-care",Here Beautiful!,Cosmetics & Skin Care / Skin Care,TRUE,,Requires shipping: Yes; Ship-to-home eligible: Yes; Hazmat restriction: No; carrier-calculated shipping at checkout.,https://www.sallybeauty.com/beauty/skincare/glow-serum-with-plant-derived-squalane/SBS-008834.html
ADDONLY-SB-DROP7-027-009851,Mini Cleansing Brush,"EcoTools Mini Deep Cleansing Brush is designed for exfoliating, removing dead skin, and clearing pores to visibly revive dull skin for a smooth, glowing base EcoTools cleansing brush is just the right sized sensitive skin care accessory that fits in the palm of your hand making it perfect for travel The face brush is infused with citrus to be antioxidant-rich, reduce redness, brighten, and protect skin for an even, radiant complexion Travel-sized facial cleansing brush comes with a storage cap to make it easy to take with you anywhere The EcoTools travel-sized Mini Cleansing Brush helps to remove dead skin and exfoliate your face to clear pores gently, even on sensitive skin for a radiant complexion. The cleansing facial brush is infused with antioxidant-rich natural citrus. Create a sudsy cleanse by dampening the face brush and applying your favorite face scrub to the bristles. A perfect at-home spa-quality skin care product. Cleanse and exfoliate the face with our fan-favorite Deep Cleansing Brush. This brush is designed to fit in your palm for easy control while cleansing. Use the storage cap to rest the brush into air dry and to pop on to take with you on the go to avoid dirt getting on the bristles. After cleansing, exfoliate your clean, dry face with the Facial Dry Brush 1-3 times per week to help remove any residual dead skin cells. Rinse your skin thoroughly with water and apply a hydrating moisturizer or serum, leaving the skin feeling fresh, clean, and soft. Rinse the brushes and leave them to air dry to maintain the quality of the product. Brand: EcoTools. Shipping: Requires shipping: Yes; Ship-to-home eligible: Yes; Hazmat restriction: No; carrier-calculated shipping at checkout. Source: https://www.sallybeauty.com/beauty/skincare/skincare-accessories-and-tools/mini-cleansing-brush/SBS-009851.html",2.75,3.44,1,https://www.sallybeauty.com/dw/image/v2/BCSM_PRD/on/demandware.static/-/Sites-SBS-SallyBeautySupply/default/dw3d558bda/images/large/SBS-009851.jpg?sw=750&sh=750&sfrm=png,https://www.sallybeauty.com/dw/image/v2/BCSM_PRD/on/demandware.static/-/Sites-SBS-SallyBeautySupply/default/dw3d558bda/images/large/SBS-009851.png?sw=650&sh=650 | https://www.sallybeauty.com/dw/image/v2/BCSM_PRD/on/demandware.static/-/Sites-SBS-SallyBeautySupply/default/dw84d5b2fa/images/large/SBS-009851-2.jpg?sw=750&sh=750&sfrm=png | https://www.sallybeauty.com/dw/image/v2/BCSM_PRD/on/demandware.static/-/Sites-SBS-SallyBeautySupply/default/dw84d5b2fa/images/large/SBS-009851-2.png?sw=650&sh=650 | https://www.sallybeauty.com/dw/image/v2/BCSM_PRD/on/demandware.static/-/Sites-SBS-SallyBeautySupply/default/dw8db2c33d/images/large/SBS-009851-1.jpg?sw=750&sh=750&sfrm=png,active,"sallybeauty,drop7,skin-care-skincare-accessories-tools",EcoTools,Skin Care / Skincare Accessories & Tools,TRUE,,Requires shipping: Yes; Ship-to-home eligible: Yes; Hazmat restriction: No; carrier-calculated shipping at checkout.,https://www.sallybeauty.com/beauty/skincare/skincare-accessories-and-tools/mini-cleansing-brush/SBS-009851.html
ADDONLY-SB-DROP7-028-009492,Premium Cotton Cleansing Pads,"Perfect for all of your cosmetic needs including cleansing, applying toner, removing makeup and removing nail polish Premium cosmetic beauty pads are made with 100% lint-free cotton Luxuriously soft and absorbent and gentle on all skin types Soft premium cotton pads measures 2.2"""" x 2.2"""" Simply Soft Premium Cotton Pads are made with 100% lint-free cotton. Luxuriously soft and absorbent and gentle on all skin types. Premium cosmetic and beauty pads are perfect for all of your cosmetic needs including cleansing, applying toner, removing makeup and removing nail polish. Brand: Simply Soft. Shipping: Requires shipping: Yes; Ship-to-home eligible: Yes; Hazmat restriction: No; carrier-calculated shipping at checkout. Source: https://www.sallybeauty.com/beauty/skincare/skincare-accessories-and-tools/premium-cotton-cleansing-pads/SBS-009492.html",9.99,12.49,1,https://www.sallybeauty.com/dw/image/v2/BCSM_PRD/on/demandware.static/-/Sites-SBS-SallyBeautySupply/default/dw05871d85/images/large/SBS-009492.jpg?sw=750&sh=750&sfrm=png,https://www.sallybeauty.com/dw/image/v2/BCSM_PRD/on/demandware.static/-/Sites-SBS-SallyBeautySupply/default/dw05871d85/images/large/SBS-009492.png?sw=650&sh=650 | https://www.sallybeauty.com/dw/image/v2/BCSM_PRD/on/demandware.static/-/Sites-SBS-SallyBeautySupply/default/dw74152d69/images/large/SBS-009492-1.jpg?sw=750&sh=750&sfrm=png | https://www.sallybeauty.com/dw/image/v2/BCSM_PRD/on/demandware.static/-/Sites-SBS-SallyBeautySupply/default/dw74152d69/images/large/SBS-009492-1.png?sw=650&sh=650,active,"sallybeauty,drop7,skin-care-skincare-accessories-tools",Simply Soft,Skin Care / Skincare Accessories & Tools,TRUE,,Requires shipping: Yes; Ship-to-home eligible: Yes; Hazmat restriction: No; carrier-calculated shipping at checkout.,https://www.sallybeauty.com/beauty/skincare/skincare-accessories-and-tools/premium-cotton-cleansing-pads/SBS-009492.html
ADDONLY-SB-DROP7-029-705333,Instant Self Tanner Bronzing Mousse,"Red Algae Extract to hydrates and moisturize skin while reduces the appearance of fine lines and wrinkles Mineral Oil Free Phthalate Free Cruelty Free Sulfate Free Vegan Say goodbye to sunburn risks and hello to a year-round glow with sunless tanning magic in a bottle! Achieve that ""just off the beach"" look without the UV damage – salon-quality tanning, here you come! Fast Absorption, Pro-Level Perfection! Time to level up your tanning game with our fast absorbing self-tanner bronzing mousse. No more waiting around – it absorbs quickly into the skin. Packed with color-correcting pigment, this mousse is all about that pro-level perfection. Every Skin Type and Tone, Rejoice! Our Sunless Tanning Mousse is everyone's BFF. Hydration meets tanning power, giving you a luscious tan without the compromise. Whatever your skin tone, Instant Self-Tanner Bronzing Mousse has your back. Designed with a true neutral-golden undertone, it's a match for all skin types and tones! This spray will never turn orange, but instead will mimic the tone of naturally suntanned skin. Get ready to glow like never before! Brand: Body Drench. Shipping: Requires shipping: Yes; Ship-to-home eligible: Yes; Hazmat restriction: No; carrier-calculated shipping at checkout. Source: https://www.sallybeauty.com/cosmetics-and-skin-care/waxing-and-tanning/self-tanning/instant-self-tanner-bronzing-mousse/SBS-705333.html",14.29,17.86,2,https://www.sallybeauty.com/dw/image/v2/BCSM_PRD/on/demandware.static/-/Sites-SBS-SallyBeautySupply/default/dw039287ab/images/large/SBS-705333.jpg?sw=750&sh=750&sfrm=png,https://www.sallybeauty.com/dw/image/v2/BCSM_PRD/on/demandware.static/-/Sites-SBS-SallyBeautySupply/default/dw039287ab/images/large/SBS-705333.png?sw=650&sh=650 | https://www.sallybeauty.com/dw/image/v2/BCSM_PRD/on/demandware.static/-/Sites-SBS-SallyBeautySupply/default/dw5932e7bb/images/large/SBS-705333-1.jpg?sw=750&sh=750&sfrm=png | https://www.sallybeauty.com/dw/image/v2/BCSM_PRD/on/demandware.static/-/Sites-SBS-SallyBeautySupply/default/dw5932e7bb/images/large/SBS-705333-1.png?sw=650&sh=650,active,"sallybeauty,drop7,waxing-tanning-self-tanning",Body Drench,Waxing & Tanning / Self Tanning,TRUE,,Requires shipping: Yes; Ship-to-home eligible: Yes; Hazmat restriction: No; carrier-calculated shipping at checkout.,https://www.sallybeauty.com/cosmetics-and-skin-care/waxing-and-tanning/self-tanning/instant-self-tanner-bronzing-mousse/SBS-705333.html
ADDONLY-SB-DROP7-030-448035,14 oz All Purpose Honee Wax,"Leaves skin smooth and free of all unwanted hair Contains beneficial properties of beeswax Gentle for most delicate areas Long-lasting results All natural formula 14 ounces GiGi All Purpose Honee Wax contains the extremely beneficial properties of beeswax. It's gentle enough for your most delicate areas, while also working to thoroughly remove unwanted hair. When you apply this All Purpose Honee wax from GiGi to your skin, you'll find that it not only removes unwanted hair but instantly leaves your skin sleek, soft and silky. This is a perfect body waxing product for the skin. Brand: GiGi. Shipping: Requires shipping: Yes; Ship-to-home eligible: Yes; Hazmat restriction: No; carrier-calculated shipping at checkout. Source: https://www.sallybeauty.com/beauty/hair-removal/eyebrow-and-body-waxes/14-oz-all-purpose-honee-wax/SBS-448035.html",14.99,18.74,500,https://www.sallybeauty.com/dw/image/v2/BCSM_PRD/on/demandware.static/-/Sites-SBS-SallyBeautySupply/default/dw346747fe/images/large/SBS-448035.jpg?sw=750&sh=750&sfrm=png,https://www.sallybeauty.com/dw/image/v2/BCSM_PRD/on/demandware.static/-/Sites-SBS-SallyBeautySupply/default/dw346747fe/images/large/SBS-448035.png?sw=650&sh=650,active,"sallybeauty,drop7,waxing-tanning-waxing-hair-removal",GiGi,Waxing & Tanning / Waxing & Hair Removal,TRUE,0.875,Requires shipping: Yes; Ship-to-home eligible: Yes; Hazmat restriction: No; carrier-calculated shipping at checkout.,https://www.sallybeauty.com/beauty/hair-removal/eyebrow-and-body-waxes/14-oz-all-purpose-honee-wax/SBS-448035.html
ADDONLY-SB-DROP7-031-448508,Mini Pro Waxing Kit,"The GiGi's Mini Pro Kit is the perfect waxing starter kit containing all the necessary wax and lotions for a professional service in the comfort of home. Kit includes: Mini Heater with Adjustable Temperature, Honee Creme Wax 14oz., 8 each of Petite, Small and Large Spatulas, 25 each of Small and Large Natural Muslin Strips, 2 each of Face Strips and Body Strips, Pre-Hon, Antiseptic and Benzokal Lotion, 2oz. each, After Wax Cooling Gel 2oz., Slow Grow Skin Maintenance Lotion 4oz., 2 Collars for 14oz. cans, Rest Bar, and technician's manual. Brand: GiGi. Shipping: Requires shipping: Yes; Ship-to-home eligible: Yes; Hazmat restriction: Yes; carrier-calculated shipping at checkout. Source: https://www.sallybeauty.com/beauty/hair-removal/eyebrow-and-body-waxes/mini-pro-waxing-kit/SBS-448508.html",64.99,81.24,500,https://www.sallybeauty.com/dw/image/v2/BCSM_PRD/on/demandware.static/-/Sites-SBS-SallyBeautySupply/default/dw02806d27/images/large/SBS-448508-3.jpg?sw=750&sh=750&sfrm=png,https://www.sallybeauty.com/dw/image/v2/BCSM_PRD/on/demandware.static/-/Sites-SBS-SallyBeautySupply/default/dw02806d27/images/large/SBS-448508-3.png?sw=650&sh=650 | https://www.sallybeauty.com/dw/image/v2/BCSM_PRD/on/demandware.static/-/Sites-SBS-SallyBeautySupply/default/dw22875bcc/images/large/SBS-448508-5.jpg?sw=750&sh=750&sfrm=png | https://www.sallybeauty.com/dw/image/v2/BCSM_PRD/on/demandware.static/-/Sites-SBS-SallyBeautySupply/default/dw22875bcc/images/large/SBS-448508-5.png?sw=650&sh=650 | https://www.sallybeauty.com/dw/image/v2/BCSM_PRD/on/demandware.static/-/Sites-SBS-SallyBeautySupply/default/dw630efaf7/images/large/SBS-448508-2.jpg?sw=750&sh=750&sfrm=png,active,"sallybeauty,drop7,waxing-tanning-waxing-hair-removal",GiGi,Waxing & Tanning / Waxing & Hair Removal,TRUE,,Requires shipping: Yes; Ship-to-home eligible: Yes; Hazmat restriction: Yes; carrier-calculated shipping at checkout.,https://www.sallybeauty.com/beauty/hair-removal/eyebrow-and-body-waxes/mini-pro-waxing-kit/SBS-448508.html
ADDONLY-SB-DROP7-032-448027,Azulene Wax,"Use it on your more sensitive areas Perfect for all skin types Aromatic blend Gentle formula Soft wax for use with Muslin strips GiGi Azulene Wax is a gentle, yet effective wax for all skin types. Azulene wax contains Chamomile which gives this blue wax a relaxing aroma. Use GiGi Azulene Wax on your more sensitive areas such as the upper lip, chin, underarm, bikini-line, and eyebrow. Brand: GiGi. Shipping: Requires shipping: Yes; Ship-to-home eligible: Yes; Hazmat restriction: No; carrier-calculated shipping at checkout. Source: https://www.sallybeauty.com/beauty/hair-removal/azulene-wax/SBS-448027.html",17.99,22.49,500,https://www.sallybeauty.com/dw/image/v2/BCSM_PRD/on/demandware.static/-/Sites-SBS-SallyBeautySupply/default/dw2c25f298/images/large/SBS-448027.jpg?sw=750&sh=750&sfrm=png,https://www.sallybeauty.com/dw/image/v2/BCSM_PRD/on/demandware.static/-/Sites-SBS-SallyBeautySupply/default/dw2c25f298/images/large/SBS-448027.png?sw=650&sh=650,active,"sallybeauty,drop7,cosmetics-skin-care-waxing-tanning",GiGi,Cosmetics & Skin Care / Waxing & Tanning,TRUE,,Requires shipping: Yes; Ship-to-home eligible: Yes; Hazmat restriction: No; carrier-calculated shipping at checkout.,https://www.sallybeauty.com/beauty/hair-removal/azulene-wax/SBS-448027.html
ADDONLY-SB-DROP7-033-008712,I want the darkest tan possible - self tan mousse,"No gimmicks, no fake tan smell just the most awesome, natural dark tan on the planet 1 hour development time, leave on for 4+ hours for darker results 100% vegan, free of nasties like parabens and i love animals Perfect for when dark just isn’t dark enough 100% cruelty free A dark, dark 1 hour self tan mousse. Let’s cut to the chase, we know you want to b.tanned. we know you want to look hot... ready for those insta selfies. so we won’t waffle about the amazing dark results; the name pretty much says it all. Just use this product and have an awesome ‘DARK’ tan instantly. simple."" Brand: b.tan. Shipping: Requires shipping: Yes; Ship-to-home eligible: Yes; Hazmat restriction: No; carrier-calculated shipping at checkout. Source: https://www.sallybeauty.com/cosmetics-and-skin-care/waxing-and-tanning/self-tanning/i-want-the-darkest-tan-possible---self-tan-mousse/SBS-008712.html",13.99,17.49,500,https://www.sallybeauty.com/dw/image/v2/BCSM_PRD/on/demandware.static/-/Sites-SBS-SallyBeautySupply/default/dw1bd672d2/images/large/SBS-008712-4.jpg?sw=750&sh=750&sfrm=png,https://www.sallybeauty.com/dw/image/v2/BCSM_PRD/on/demandware.static/-/Sites-SBS-SallyBeautySupply/default/dw1bd672d2/images/large/SBS-008712-4.png?sw=650&sh=650 | https://www.sallybeauty.com/dw/image/v2/BCSM_PRD/on/demandware.static/-/Sites-SBS-SallyBeautySupply/default/dw2226e063/images/large/SBS-008712-1.jpg?sw=750&sh=750&sfrm=png | https://www.sallybeauty.com/dw/image/v2/BCSM_PRD/on/demandware.static/-/Sites-SBS-SallyBeautySupply/default/dw2226e063/images/large/SBS-008712-1.png?sw=650&sh=650 | https://www.sallybeauty.com/dw/image/v2/BCSM_PRD/on/demandware.static/-/Sites-SBS-SallyBeautySupply/default/dw3f72be25/images/large/SBS-008712-2.jpg?sw=750&sh=750&sfrm=png,active,"sallybeauty,drop7,waxing-tanning-self-tanning",b.tan,Waxing & Tanning / Self Tanning,TRUE,,Requires shipping: Yes; Ship-to-home eligible: Yes; Hazmat restriction: No; carrier-calculated shipping at checkout.,https://www.sallybeauty.com/cosmetics-and-skin-care/waxing-and-tanning/self-tanning/i-want-the-darkest-tan-possible---self-tan-mousse/SBS-008712.html
ADDONLY-SB-DROP7-034-019716,Glow Your Own Way Next Level Tan Gel,"i'm a transfer-resistant self-tan gel that you can apply & glow your own way...no rinse required i'm 100% vegan, free of nasties like parabens and i love animals so am 100% cruelty free i'll leave you with insanely dark tan results + moisturized, smooth skin enriched with hyaluronic acid + vitamin c for that ultra juicy glow crank up your tan to the next level and give yourself the insanely dark glow up you deserve with this clear and transfer-resistant self tan gel. chock full of hyaluronic acid + vitamin c that boosts your skin as you deepen that glow with no rinse required, easy peasy. Brand: b.tan. Shipping: Requires shipping: Yes; Ship-to-home eligible: Yes; Hazmat restriction: No; carrier-calculated shipping at checkout. Source: https://www.sallybeauty.com/cosmetics-and-skin-care/waxing-and-tanning/self-tanning/glow-your-own-way-next-level-tan-gel/SBS-019716.html",16.99,21.24,355,https://www.sallybeauty.com/dw/image/v2/BCSM_PRD/on/demandware.static/-/Sites-SBS-SallyBeautySupply/default/dw08bf7509/images/large/SBS-019716-2.jpg?sw=750&sh=750&sfrm=png,https://www.sallybeauty.com/dw/image/v2/BCSM_PRD/on/demandware.static/-/Sites-SBS-SallyBeautySupply/default/dw08bf7509/images/large/SBS-019716-2.png?sw=650&sh=650 | https://www.sallybeauty.com/dw/image/v2/BCSM_PRD/on/demandware.static/-/Sites-SBS-SallyBeautySupply/default/dw4f1bccb3/images/large/SBS-019716-1.jpg?sw=750&sh=750&sfrm=png | https://www.sallybeauty.com/dw/image/v2/BCSM_PRD/on/demandware.static/-/Sites-SBS-SallyBeautySupply/default/dw4f1bccb3/images/large/SBS-019716-1.png?sw=650&sh=650 | https://www.sallybeauty.com/dw/image/v2/BCSM_PRD/on/demandware.static/-/Sites-SBS-SallyBeautySupply/default/dwe6b678df/images/large/SBS-019716-3.jpg?sw=750&sh=750&sfrm=png,active,"sallybeauty,drop7,waxing-tanning-self-tanning",b.tan,Waxing & Tanning / Self Tanning,TRUE,,Requires shipping: Yes; Ship-to-home eligible: Yes; Hazmat restriction: No; carrier-calculated shipping at checkout.,https://www.sallybeauty.com/cosmetics-and-skin-care/waxing-and-tanning/self-tanning/glow-your-own-way-next-level-tan-gel/SBS-019716.html
ADDONLY-SB-DROP7-035-019718,Glow Your Own Way Tan Gel,"i'm a transfer-resistant self-tan gel that you can apply & glow your own way...no rinse required i'm 100% vegan, free of nasties like parabens and i love animals so am 100% cruelty free enriched with hyaluronic acid + vitamin c for that ultra juicy glow i'll leave you with darker tan results + moisturized smooth skin this clear, dark self tan gel is for the babes who wanna glow their own way. enriched with skincare faves hyaluronic acid + vitamin c, this self tan gel is a skincare + tan combo made in heaven for hydrated, juicy, bronzed skin. the silky smooth gel formula glides on like a dream, blends seamlessly + absorbs fast AF so you can get glowin' without the tacky tan development time. better yet, the clear, transfer-resistant, rinse-free gel means your glow will get glowin' and you can get on your way. Brand: b.tan. Shipping: Requires shipping: Yes; Ship-to-home eligible: Yes; Hazmat restriction: No; carrier-calculated shipping at checkout. Source: https://www.sallybeauty.com/cosmetics-and-skincare/waxing-and-tanning/self-tanning/glow-your-own-way-tan-gel/SBS-019718.html",16.99,21.24,500,https://www.sallybeauty.com/dw/image/v2/BCSM_PRD/on/demandware.static/-/Sites-SBS-SallyBeautySupply/default/dw763e1495/images/large/SBS-019718-1.jpg?sw=750&sh=750&sfrm=png,https://www.sallybeauty.com/dw/image/v2/BCSM_PRD/on/demandware.static/-/Sites-SBS-SallyBeautySupply/default/dw763e1495/images/large/SBS-019718-1.png?sw=650&sh=650 | https://www.sallybeauty.com/dw/image/v2/BCSM_PRD/on/demandware.static/-/Sites-SBS-SallyBeautySupply/default/dw79c05f16/images/large/SBS-019718-2.jpg?sw=750&sh=750&sfrm=png | https://www.sallybeauty.com/dw/image/v2/BCSM_PRD/on/demandware.static/-/Sites-SBS-SallyBeautySupply/default/dw79c05f16/images/large/SBS-019718-2.png?sw=650&sh=650 | https://www.sallybeauty.com/dw/image/v2/BCSM_PRD/on/demandware.static/-/Sites-SBS-SallyBeautySupply/default/dw9794afd1/images/large/SBS-019718.jpg?sw=750&sh=750&sfrm=png,active,"sallybeauty,drop7,waxing-tanning-self-tanning",b.tan,Waxing & Tanning / Self Tanning,TRUE,,Requires shipping: Yes; Ship-to-home eligible: Yes; Hazmat restriction: No; carrier-calculated shipping at checkout.,https://www.sallybeauty.com/cosmetics-and-skincare/waxing-and-tanning/self-tanning/glow-your-own-way-tan-gel/SBS-019718.html
ADDONLY-SB-DROP7-036-018740,Bonding Technology Lightener Tub 16 oz,"Reduces damage and breakage compared to standard lightener Cruelty free*, Vegan, Phthalate free, and Paraben free Protects & hydrates hair bonds Maintains integrity of the hair For all hair types & textures Available in 1oz or 16oz *Finished product not tested on animals. bondbar Bonding Technology Lightener is an innovative formula designed to protect and hydrate hair bonds during the lightening process. Compared to traditional lighteners, this on- and off-scalp powder formula reduces the potential for damage and maintains the integrity of all hair types and textures. This product is formulated to be Vegan, Cruelty-Free*, Phthalate-Free and Paraben-Free. To reduce breakage, add bondbar Bonding Booster to the bondbar Bonding Technology Lightener mixture, and follow processing with bondbar Bonding Recovery. To improve combability on wet hair, add bondbar Bonding Booster to the bondbar Bonding Technology Lightener mixture, and follow processing with bondbar Bonding Recovery. For best results, use with bondbar Creme Developer at a 1:2 ratio. *Finished product not tested on animals Brand: bondbar. Shipping: Requires shipping: Yes; Ship-to-home eligible: Yes; Hazmat restriction: Yes; carrier-calculated shipping at checkout. Source: https://www.sallybeauty.com/hair-color/other-products-and-applications/bleach-and-lightener/bonding-technology-lightener-tub-16-oz/SBS-018740.html",25.49,31.86,500,https://www.sallybeauty.com/dw/image/v2/BCSM_PRD/on/demandware.static/-/Sites-SBS-SallyBeautySupply/default/dw364c34f8/images/large/SBS-018740.jpg?sw=750&sh=750&sfrm=png,https://www.sallybeauty.com/dw/image/v2/BCSM_PRD/on/demandware.static/-/Sites-SBS-SallyBeautySupply/default/dw364c34f8/images/large/SBS-018740.png?sw=650&sh=650 | https://www.sallybeauty.com/dw/image/v2/BCSM_PRD/on/demandware.static/-/Sites-SBS-SallyBeautySupply/default/dwa0f3998d/images/large/SBS-018740-1.jpg?sw=750&sh=750&sfrm=png | https://www.sallybeauty.com/dw/image/v2/BCSM_PRD/on/demandware.static/-/Sites-SBS-SallyBeautySupply/default/dwa0f3998d/images/large/SBS-018740-1.png?sw=650&sh=650,active,"sallybeauty,drop7,other-products-and-applications-bleach-lightener",bondbar,Other Products and Applications / Bleach & Lightener,TRUE,1.0,Requires shipping: Yes; Ship-to-home eligible: Yes; Hazmat restriction: Yes; carrier-calculated shipping at checkout.,https://www.sallybeauty.com/hair-color/other-products-and-applications/bleach-and-lightener/bonding-technology-lightener-tub-16-oz/SBS-018740.html
ADDONLY-SB-DROP7-037-124187,Value Size Creme Lightener,"For dimensional highlights or an all-over blonde look Superior conditioning while lightening Lifts up to 8 levels in one step Lightens for gray blending NEW AGEbeautiful Creme Lightener evenly lifts up to 8 levels. It’s the first anti-aging creme lightener with a Keratin and Silk Protein formula to provide extra conditioning. The result is beautiful, dimensional highlights or an all-over bright blonde look, for hair that’s also visibly shinier and better-conditioned. A healthy scalp is the foundation for healthy hair. Scalp sebum decreases by 50% as we age, causing the scalp and hair to become dry and dull. Hair experiences five other signs of aging. It loses volume, manageability, color, moisture, and shine. AGEbeautiful Creme Lightener is the first lightener developed to fight all five signs of aging hair with nourishing Keratin and Silk Protein. It's lightening technology helps replenish hair with the essential components lost with aging. The AGEbeautiful Creme Lightener formula evenly lifts and lightens for gray blending while also conditioning. ZOTOS PROFESSIONAL CONTACT INFORMATION Our Zotos Professional Stylists are currently available to answer product and technical questions and provide personal hair recommendations for our hair color, hair care, styling and perm collections. CALL US For consumer questions, comments and additional information, please contact our hotline at: 1-800-242-9283 x7859. HOURS OF OPERATION: October through the end of May: 9:00am – 8:00pm EST Monday through Friday June through end of September: 8:30am – 8:00pm EST Monday through Thursday 8:30am – 5:00pm EST Friday Brand: AGEbeautiful. Shipping: Requires shipping: Yes; Ship-to-home eligible: Yes; Hazmat restriction: Yes; carrier-calculated shipping at checkout. Source: https://www.sallybeauty.com/hair-color/other-products-and-applications/bleach-and-lightener/value-size-creme-lightener/SBS-124187.html",19.79,24.74,1,https://www.sallybeauty.com/dw/image/v2/BCSM_PRD/on/demandware.static/-/Sites-SBS-SallyBeautySupply/default/dw6829b030/images/large/SBS-124187-1.jpg?sw=750&sh=750&sfrm=png,https://www.sallybeauty.com/dw/image/v2/BCSM_PRD/on/demandware.static/-/Sites-SBS-SallyBeautySupply/default/dw6829b030/images/large/SBS-124187-1.png?sw=650&sh=650 | https://www.sallybeauty.com/dw/image/v2/BCSM_PRD/on/demandware.static/-/Sites-SBS-SallyBeautySupply/default/dwe4bf8911/images/large/SBS-124187.jpg?sw=750&sh=750&sfrm=png | https://www.sallybeauty.com/dw/image/v2/BCSM_PRD/on/demandware.static/-/Sites-SBS-SallyBeautySupply/default/dwe4bf8911/images/large/SBS-124187.png?sw=650&sh=650,active,"sallybeauty,drop7,other-products-and-applications-bleach-lightener",AGEbeautiful,Other Products and Applications / Bleach & Lightener,TRUE,,Requires shipping: Yes; Ship-to-home eligible: Yes; Hazmat restriction: Yes; carrier-calculated shipping at checkout.,https://www.sallybeauty.com/hair-color/other-products-and-applications/bleach-and-lightener/value-size-creme-lightener/SBS-124187.html
ADDONLY-SB-DROP7-038-018926,Cooling Ash Bonding Toner Demi-Permanent Hair Color,"Cruelty-Free*, Vegan, Mineral Oil-free, Petrolatum-free, Gluten-free, Phthalate-Free, & Paraben-Free Strengthening & Conditioning For all hair types & textures Built-In Bonding *Finished product not tested on animals bondbar is a bond building repair system that helps to protect, strengthen, and hydrate hair. bondbar Bonding Toner and bondbar Bonding High Gloss Clear are demi-permanent creme formulas that provide a range of shades with built-in bonding for a new level of strengthening and conditioning from the toning process. The four Bonding Toner shades are great for neutralizing unwanted tones, while the Bonding High Gloss Clear can be used for diluting and customizing your shade, as well as adding a gloss finish. This unique formula protects and hydrates broken bonds in hair during the toning process, and is formulated to be Vegan, Cruelty-Free*, Phthalate-Free, Paraben-Free, Mineral Oil-Free, Petrolatum-Free and Gluten-Free. Paper packaging can be recycled, color tube is made with 100% recycled aluminum. Using a regimen of bondbar Toner, bondbar Bonding Booster, and bondbar Bonding Recovery provides up to 47% better combability on wet hair compared to untreated bleached hair, as well as up to 22% less breakage compared to standard toner. For best results, use Bonding Toner shades with bondbar Creme Activator at a 1:2 ratio. For diluting your shade, pair Bonding High Gloss Clear with bondbar Creme Activator at a 1:2 ratio. For shine only, pair Bonding High Gloss Clear with bondbar Creme Activator at a 1:1 ratio. *Finished product not tested on animals Brand: bondbar. Shipping: Requires shipping: Yes; Ship-to-home eligible: Yes; Hazmat restriction: No; carrier-calculated shipping at checkout. Source: https://www.sallybeauty.com/hair-color/other-products-and-applications/toner/cooling-ash-bonding-toner/SBS-018926.html",12.99,16.24,500,https://www.sallybeauty.com/dw/image/v2/BCSM_PRD/on/demandware.static/-/Sites-SBS-SallyBeautySupply/default/dw04f1fbc6/images/large/SBS-018926.jpg?sw=750&sh=750&sfrm=png,https://www.sallybeauty.com/dw/image/v2/BCSM_PRD/on/demandware.static/-/Sites-SBS-SallyBeautySupply/default/dw04f1fbc6/images/large/SBS-018926.png?sw=650&sh=650 | https://www.sallybeauty.com/dw/image/v2/BCSM_PRD/on/demandware.static/-/Sites-SBS-SallyBeautySupply/default/dw2ccd55a4/images/large/SBS-018926-4.jpg?sw=750&sh=750&sfrm=png | https://www.sallybeauty.com/dw/image/v2/BCSM_PRD/on/demandware.static/-/Sites-SBS-SallyBeautySupply/default/dw2ccd55a4/images/large/SBS-018926-4.png?sw=650&sh=650 | https://www.sallybeauty.com/dw/image/v2/BCSM_PRD/on/demandware.static/-/Sites-SBS-SallyBeautySupply/default/dw86ea20c8/images/large/SBS-018926-2.jpg?sw=750&sh=750&sfrm=png,active,"sallybeauty,drop7,other-products-and-applications-toner",bondbar,Other Products and Applications / Toner,TRUE,,Requires shipping: Yes; Ship-to-home eligible: Yes; Hazmat restriction: No; carrier-calculated shipping at checkout.,https://www.sallybeauty.com/hair-color/other-products-and-applications/toner/cooling-ash-bonding-toner/SBS-018926.html
ADDONLY-SB-DROP7-039-405017,Absolute Perfection Booster Step 1,"Absolute Perfection + Absolute Color Sealer = Enhanced results Repairs and helps to generate new bonds for stronger hair Reduces dryness during chemical services Restores moisture and reduces breakage ion Color Brilliance Absolute Perfection repairs and helps to generate new bonds for stronger hair. ion Absolute Perfection Booster can be added to any hair color or lightener to revitalize hair strength while instantly helping to repair and smooth the surface of the hair. “This product gives me the confidence that I am able to safely do my hair color at home, without damage, without breakage. It’s my hair color insurance policy” - Stacey Jones, Serving Red Salon Brand: ion Color Brilliance. Shipping: Requires shipping: Yes; Ship-to-home eligible: Yes; Hazmat restriction: No; carrier-calculated shipping at checkout. Source: https://www.sallybeauty.com/hair-color/other-products-and-applications/fillers-and-additives/absolute-perfection-booster-step-1/SBS-405017.html",2.69,3.36,500,https://www.sallybeauty.com/dw/image/v2/BCSM_PRD/on/demandware.static/-/Sites-SBS-SallyBeautySupply/default/dw4928f5e7/images/large/SBS-405017-1.jpg?sw=750&sh=750&sfrm=png,https://www.sallybeauty.com/dw/image/v2/BCSM_PRD/on/demandware.static/-/Sites-SBS-SallyBeautySupply/default/dw4928f5e7/images/large/SBS-405017-1.png?sw=650&sh=650 | https://www.sallybeauty.com/dw/image/v2/BCSM_PRD/on/demandware.static/-/Sites-SBS-SallyBeautySupply/default/dw9d2467b1/images/large/SBS-405017-3.jpg?sw=750&sh=750&sfrm=png | https://www.sallybeauty.com/dw/image/v2/BCSM_PRD/on/demandware.static/-/Sites-SBS-SallyBeautySupply/default/dw9d2467b1/images/large/SBS-405017-3.png?sw=650&sh=650 | https://www.sallybeauty.com/dw/image/v2/BCSM_PRD/on/demandware.static/-/Sites-SBS-SallyBeautySupply/default/dwd1442fd4/images/large/SBS-405017.jpg?sw=750&sh=750&sfrm=png,active,"sallybeauty,drop7,other-products-and-applications-fillers-additives",ion Color Brilliance,Other Products and Applications / Fillers & Additives,TRUE,,Requires shipping: Yes; Ship-to-home eligible: Yes; Hazmat restriction: No; carrier-calculated shipping at checkout.,https://www.sallybeauty.com/hair-color/other-products-and-applications/fillers-and-additives/absolute-perfection-booster-step-1/SBS-405017.html
ADDONLY-SB-DROP7-040-004783,"Bleach, Please Complete Lightening Kit","Infused with Castor Oil, Mango Seed Butter, Cocoa, Sunflower Oil, Acaí & Papaya Contains POLYCARE SPLIT THERAPY, repairs damaged cuticles & split ends Bleach, Please is 100% cruelty-free and vegan Lifts up to 8 levels Vegetable based Complete Hair Lightening Kit Cream Bleach + Developer + Gloves Brand: Arctic Fox. Shipping: Requires shipping: Yes; Ship-to-home eligible: Yes; Hazmat restriction: Yes; carrier-calculated shipping at checkout. Source: https://www.sallybeauty.com/hair-color/other-products-and-applications/bleach-and-lightener/bleach-please-complete-lightening-kit/SBS-004783.html",19.99,24.99,500,https://www.sallybeauty.com/dw/image/v2/BCSM_PRD/on/demandware.static/-/Sites-SBS-SallyBeautySupply/default/dw17233ad6/images/large/SBS-004783-4.jpg?sw=750&sh=750&sfrm=png,https://www.sallybeauty.com/dw/image/v2/BCSM_PRD/on/demandware.static/-/Sites-SBS-SallyBeautySupply/default/dw17233ad6/images/large/SBS-004783-4.png?sw=650&sh=650 | https://www.sallybeauty.com/dw/image/v2/BCSM_PRD/on/demandware.static/-/Sites-SBS-SallyBeautySupply/default/dw57e6fd32/images/large/SBS-004783-2.jpg?sw=750&sh=750&sfrm=png | https://www.sallybeauty.com/dw/image/v2/BCSM_PRD/on/demandware.static/-/Sites-SBS-SallyBeautySupply/default/dw57e6fd32/images/large/SBS-004783-2.png?sw=650&sh=650 | https://www.sallybeauty.com/dw/image/v2/BCSM_PRD/on/demandware.static/-/Sites-SBS-SallyBeautySupply/default/dw641fbdee/images/large/SBS-004783-5.jpg?sw=750&sh=750&sfrm=png,active,"sallybeauty,drop7,other-products-and-applications-bleach-lightener",Arctic Fox,Other Products and Applications / Bleach & Lightener,TRUE,,Requires shipping: Yes; Ship-to-home eligible: Yes; Hazmat restriction: Yes; carrier-calculated shipping at checkout.,https://www.sallybeauty.com/hair-color/other-products-and-applications/bleach-and-lightener/bleach-please-complete-lightening-kit/SBS-004783.html
ADDONLY-SB-DROP7-041-019367,1B Blue Black Permanent Liqui-Crème Hair Color,"Formulated with Coconut Oil and our signature Triple Plant-Milk blend, leaving hair soft and silky smooth 87%-92% naturally-derived formulas, depending on the shade Rich and vibrant color that lasts 8 weeks 100% gray coverage Salon-quality results at home No drip liqui-creme formula is gentle on hair and scalp Tropical fruity fragrance Experience a new world of hair color with Better Natured, the professional, vegan solution for gorgeous, radiant hair that’s fueled by Good. Clean. Fun. Whether you’re new to coloring your hair or a seasoned pro, our permanent hair color provides salon quality results at home that last up to 8 weeks. Covers roots and grays in under an hour…94% of women who tried it agree that the gray coverage is impeccable! The Better Natured liqui-crème formula is infused with our signature Triple Plant-Milk blend of nourishing Coconut Milk, Tahitian Palm Milk and Orchid Milk for high-performance conditioning and brilliant shine. It’s gentle on the hair and scalp and adds rich, vibrant dimension to hair color. Better Natured Permanent Hair Color shades range between 87%-92% naturally-derived, depending on the shade. We use the Global ISO Standard 16128 which defines naturally-derived as a plant or mineral derived material and water which is found in nature and has undergone limited processing. Need Support? We’re here for you! Better Natured Customer Service is available: Monday - Friday 9:00am – 5:00pm EST Saturday 9:00am – 12:00pm EST Call or Text: 1-800-242-9283 Email: hello@betternatured.com Will respond to emails within 24 hours or by the next business day. Brand: Better Natured. Shipping: Requires shipping: Yes; Ship-to-home eligible: Yes; Hazmat restriction: No; carrier-calculated shipping at checkout. Source: https://www.sallybeauty.com/hair-color/shop-by-type/permanent-hair-color/1b-blue-black-permanent-liqui-cr%C3%A8me-hair-color/SBS-019367.html",13.19,16.49,4,https://www.sallybeauty.com/dw/image/v2/BCSM_PRD/on/demandware.static/-/Sites-SBS-SallyBeautySupply/default/dw28c3fdf7/images/large/SBS-019367.jpg?sw=750&sh=750&sfrm=png,https://www.sallybeauty.com/dw/image/v2/BCSM_PRD/on/demandware.static/-/Sites-SBS-SallyBeautySupply/default/dw28c3fdf7/images/large/SBS-019367.png?sw=650&sh=650 | https://www.sallybeauty.com/dw/image/v2/BCSM_PRD/on/demandware.static/-/Sites-SBS-SallyBeautySupply/default/dw4015a9fe/images/large/SBS-019367-3.jpg?sw=750&sh=750&sfrm=png | https://www.sallybeauty.com/dw/image/v2/BCSM_PRD/on/demandware.static/-/Sites-SBS-SallyBeautySupply/default/dw4015a9fe/images/large/SBS-019367-3.png?sw=650&sh=650 | https://www.sallybeauty.com/dw/image/v2/BCSM_PRD/on/demandware.static/-/Sites-SBS-SallyBeautySupply/default/dwb46d8b7d/images/large/SBS-019367-1.jpg?sw=750&sh=750&sfrm=png,active,"sallybeauty,drop7,shop-by-type-permanent-hair-color",Better Natured,Shop by Type / Permanent Hair Color,TRUE,,Requires shipping: Yes; Ship-to-home eligible: Yes; Hazmat restriction: No; carrier-calculated shipping at checkout.,https://www.sallybeauty.com/hair-color/shop-by-type/permanent-hair-color/1b-blue-black-permanent-liqui-cr%C3%A8me-hair-color/SBS-019367.html
ADDONLY-SB-DROP7-042-019361,5RR Intense Red Permanent Liqui-Crème Hair Color,"Formulated with Coconut Oil and our signature Triple Plant-Milk blend, leaving hair soft and silky smooth 87%-92% naturally-derived formulas, depending on the shade Rich and vibrant color that lasts 8 weeks 100% gray coverage Salon-quality results at home No drip liqui-creme formula is gentle on hair and scalp Tropical fruity fragrance Experience a new world of hair color with Better Natured, the professional, vegan solution for gorgeous, radiant hair that’s fueled by Good. Clean. Fun. Whether you’re new to coloring your hair or a seasoned pro, our permanent hair color provides salon quality results at home that last up to 8 weeks. Covers roots and grays in under an hour…94% of women who tried it agree that the gray coverage is impeccable! The Better Natured liqui-crème formula is infused with our signature Triple Plant-Milk blend of nourishing Coconut Milk, Tahitian Palm Milk and Orchid Milk for high-performance conditioning and brilliant shine. It’s gentle on the hair and scalp and adds rich, vibrant dimension to hair color. Better Natured Permanent Hair Color shades range between 87%-92% naturally-derived, depending on the shade. We use the Global ISO Standard 16128 which defines naturally-derived as a plant or mineral derived material and water which is found in nature and has undergone limited processing. Need Support? We’re here for you! Better Natured Customer Service is available: Monday - Friday 9:00am – 5:00pm EST Saturday 9:00am – 12:00pm EST Call or Text: 1-800-242-9283 Email: hello@betternatured.com Will respond to emails within 24 hours or by the next business day. Brand: Better Natured. Shipping: Requires shipping: Yes; Ship-to-home eligible: Yes; Hazmat restriction: No; carrier-calculated shipping at checkout. Source: https://www.sallybeauty.com/hair-color/shop-by-type/permanent-hair-color/5rr-intense-red-permanent-liqui-cr%C3%A8me-hair-color/SBS-019361.html",13.19,16.49,2,https://www.sallybeauty.com/dw/image/v2/BCSM_PRD/on/demandware.static/-/Sites-SBS-SallyBeautySupply/default/dw5025be6a/images/large/SBS-019361-1.jpg?sw=750&sh=750&sfrm=png,https://www.sallybeauty.com/dw/image/v2/BCSM_PRD/on/demandware.static/-/Sites-SBS-SallyBeautySupply/default/dw5025be6a/images/large/SBS-019361-1.png?sw=650&sh=650 | https://www.sallybeauty.com/dw/image/v2/BCSM_PRD/on/demandware.static/-/Sites-SBS-SallyBeautySupply/default/dw78a0de48/images/large/SBS-019361-3.jpg?sw=750&sh=750&sfrm=png | https://www.sallybeauty.com/dw/image/v2/BCSM_PRD/on/demandware.static/-/Sites-SBS-SallyBeautySupply/default/dw78a0de48/images/large/SBS-019361-3.png?sw=650&sh=650 | https://www.sallybeauty.com/dw/image/v2/BCSM_PRD/on/demandware.static/-/Sites-SBS-SallyBeautySupply/default/dw8da28127/images/large/SBS-019361.jpg?sw=750&sh=750&sfrm=png,active,"sallybeauty,drop7,shop-by-type-permanent-hair-color",Better Natured,Shop by Type / Permanent Hair Color,TRUE,,Requires shipping: Yes; Ship-to-home eligible: Yes; Hazmat restriction: No; carrier-calculated shipping at checkout.,https://www.sallybeauty.com/hair-color/shop-by-type/permanent-hair-color/5rr-intense-red-permanent-liqui-cr%C3%A8me-hair-color/SBS-019361.html
ADDONLY-SB-DROP7-043-500269,Intense Red Permanent Creme Hair Color,"Developed to lift dark hair in one single step, without brassiness Rich, smooth creme formula conditions and penetrates hair Breakthrough technology lifts hair 3-4 levels Intense, long-lasting color L'Oreal Excellence HiColor Permanent Hair Color is the first permanent hair color specifically created for dark hair (black to medium brown). Specifically developed to lift dark hair in one single step, without brassiness. This breakthrough technology lifts hair 3-4 levels. A strong lifting and toning action neutralizes unwanted orange tones, then deposits the shade of your choice. L'Oreal Excellence HiColor Permanent Hair Color's rich, smooth creme formula conditions and penetrates hair for intense, long-lasting color. True-to-shade color resists fading and has a quick processing time of only thirty minutes. No pre-lightening required. The end result is intense, long-lasting color. L’Oreal Help Line: (800) 345-5014. 9AM - 5PM EST, Monday-Friday Brand: L'Oreal Technique Excellence. Shipping: Requires shipping: Yes; Ship-to-home eligible: Yes; Hazmat restriction: No; carrier-calculated shipping at checkout. Source: https://www.sallybeauty.com/hair-color/shop-by-color/red-hair-color/intense-red-permanent-creme-hair-color/SBS-500269.html",13.19,16.49,500,https://www.sallybeauty.com/dw/image/v2/BCSM_PRD/on/demandware.static/-/Sites-SBS-SallyBeautySupply/default/dw385ba41a/images/large/SBS-500269-3.jpg?sw=750&sh=750&sfrm=png,https://www.sallybeauty.com/dw/image/v2/BCSM_PRD/on/demandware.static/-/Sites-SBS-SallyBeautySupply/default/dw385ba41a/images/large/SBS-500269-3.png?sw=650&sh=650 | https://www.sallybeauty.com/dw/image/v2/BCSM_PRD/on/demandware.static/-/Sites-SBS-SallyBeautySupply/default/dw4af36515/images/large/SBS-500269-4.jpg?sw=750&sh=750&sfrm=png | https://www.sallybeauty.com/dw/image/v2/BCSM_PRD/on/demandware.static/-/Sites-SBS-SallyBeautySupply/default/dw4af36515/images/large/SBS-500269-4.png?sw=650&sh=650 | https://www.sallybeauty.com/dw/image/v2/BCSM_PRD/on/demandware.static/-/Sites-SBS-SallyBeautySupply/default/dw6fd515fb/images/large/SBS-500269-2.jpg?sw=750&sh=750&sfrm=png,active,"sallybeauty,drop7,shop-by-color-red-hair-color",L'Oreal Technique Excellence,Shop by Color / Red Hair Color,TRUE,,Requires shipping: Yes; Ship-to-home eligible: Yes; Hazmat restriction: No; carrier-calculated shipping at checkout.,https://www.sallybeauty.com/hair-color/shop-by-color/red-hair-color/intense-red-permanent-creme-hair-color/SBS-500269.html
ADDONLY-SB-DROP7-044-405602,Permanent Brights Creme Hair Color Garnet,"Permanent, vibrant, and contemporary colors Crème consistency provides easy application Use on pre-lightened or highlighted hair Vegan & Cruelty-Free Product not tested on animals Permanent brights provide bold, contemporary color that lasts. Unlock your hair’s true potential with ion’s cutting-edge, salon-quality color science and bring home vibrancy like never before. ion Hair Color’s superior quality, proprietary blends are formulated in Italy by our expert team of chemists to deliver unparalleled results. ion's unique system combines the finest quality natural and exotic ingredients with powerful high-tech compounds to achieve exquisite, brilliant color with superior gray coverage. ion Hair Color science relies on the power of micro-pigmentation— ion's microscopic pigment molecules oxidize slower, allowing them to penetrate deep into the cortex of each hair strand for long-lasting, fade-resistant color. Brand: ion Color Brilliance. Shipping: Requires shipping: Yes; Ship-to-home eligible: Yes; Hazmat restriction: No; carrier-calculated shipping at checkout. Source: https://www.sallybeauty.com/hair-color/shop-by-color/red-hair-color/permanent-brights-creme-hair-color-garnet/SBS-405602.html",9.99,12.49,500,https://www.sallybeauty.com/dw/image/v2/BCSM_PRD/on/demandware.static/-/Sites-SBS-SallyBeautySupply/default/dw4a26acd8/images/large/SBS-405602-1.jpg?sw=750&sh=750&sfrm=png,https://www.sallybeauty.com/dw/image/v2/BCSM_PRD/on/demandware.static/-/Sites-SBS-SallyBeautySupply/default/dw4a26acd8/images/large/SBS-405602-1.png?sw=650&sh=650 | https://www.sallybeauty.com/dw/image/v2/BCSM_PRD/on/demandware.static/-/Sites-SBS-SallyBeautySupply/default/dwabb0e26a/images/large/SBS-405602.jpg?sw=750&sh=750&sfrm=png | https://www.sallybeauty.com/dw/image/v2/BCSM_PRD/on/demandware.static/-/Sites-SBS-SallyBeautySupply/default/dwabb0e26a/images/large/SBS-405602.png?sw=650&sh=650 | https://www.sallybeauty.com/dw/image/v2/BCSM_PRD/on/demandware.static/-/Sites-SBS-SallyBeautySupply/default/dwac925357/images/large/SBS-405602-2.jpg?sw=750&sh=750&sfrm=png,active,"sallybeauty,drop7,shop-by-color-red-hair-color",ion Color Brilliance,Shop by Color / Red Hair Color,TRUE,,Requires shipping: Yes; Ship-to-home eligible: Yes; Hazmat restriction: No; carrier-calculated shipping at checkout.,https://www.sallybeauty.com/hair-color/shop-by-color/red-hair-color/permanent-brights-creme-hair-color-garnet/SBS-405602.html
ADDONLY-SB-DROP7-045-005973,Semi-Permanent Hair Color Paradox,"No PPD No Peroxide No Ammonia No Developer required Vegan & Cruelty-Free Proudly Made in the United States Suavecita Semi-Permanent Hair Color is a direct dye cream formula that does not require a developer. Feel good about adding a pop of color to your pre-lightened hair with this conditioner based, vegan and cruelty-free, long-lasting, semi-permanent color line. Continue to be the artist you are and create your masterpiece using these shades. Brand: Suavecito Suavecita. Shipping: Requires shipping: Yes; Ship-to-home eligible: Yes; Hazmat restriction: No; carrier-calculated shipping at checkout. Source: https://www.sallybeauty.com/hair-color/shop-by-type/semi-permanent-hair-color/semi-permanent-hair-color-paradox/SBS-005973.html",8.79,10.99,1,https://www.sallybeauty.com/dw/image/v2/BCSM_PRD/on/demandware.static/-/Sites-SBS-SallyBeautySupply/default/dw3c3892b9/images/large/SBS-005973-4.jpg?sw=750&sh=750&sfrm=png,https://www.sallybeauty.com/dw/image/v2/BCSM_PRD/on/demandware.static/-/Sites-SBS-SallyBeautySupply/default/dw3c3892b9/images/large/SBS-005973-4.png?sw=650&sh=650 | https://www.sallybeauty.com/dw/image/v2/BCSM_PRD/on/demandware.static/-/Sites-SBS-SallyBeautySupply/default/dw79dcedb2/images/large/SBS-005973-3.jpg?sw=750&sh=750&sfrm=png | https://www.sallybeauty.com/dw/image/v2/BCSM_PRD/on/demandware.static/-/Sites-SBS-SallyBeautySupply/default/dw79dcedb2/images/large/SBS-005973-3.png?sw=650&sh=650 | https://www.sallybeauty.com/dw/image/v2/BCSM_PRD/on/demandware.static/-/Sites-SBS-SallyBeautySupply/default/dwcaed0380/images/large/SBS-005973-2.jpg?sw=750&sh=750&sfrm=png,active,"sallybeauty,drop7,shop-by-type-semi-permanent-hair-color",Suavecito Suavecita,Shop by Type / Semi-Permanent Hair Color,TRUE,,Requires shipping: Yes; Ship-to-home eligible: Yes; Hazmat restriction: No; carrier-calculated shipping at checkout.,https://www.sallybeauty.com/hair-color/shop-by-type/semi-permanent-hair-color/semi-permanent-hair-color-paradox/SBS-005973.html
ADDONLY-SB-DROP7-046-009577,B44W Intense Red Semi Permanent Moisturizing Hair Color,"Zero damage, moisturizing hair color for any hair type Revitalizes hair with a rich, indulgent color boost Gentle enough to use immediately after relaxing Enriched with Aloe Vera and Jojoba Oil Leaves hair feeling moisturized Blends gray Semi-Permanent Moisturizing Hair Color is fortified with aloe vera, jojoba and vitamin E for long-lasting, deep conditioning results and fade-resistance. Get rich, natural-looking color with luminous shine. Clairol Professional Help Line: 1-800-221-4900 Hotlines are open from 8:30am to 8:30pm Monday – Friday and 9:00am – 6:00pm Saturday & Sunday EASTERN TIME. Brand: Clairol Professional Beautiful Collection. Shipping: Requires shipping: Yes; Ship-to-home eligible: Yes; Hazmat restriction: No; carrier-calculated shipping at checkout. Source: https://www.sallybeauty.com/hair-color/shop-by-type/semi-permanent-hair-color/b44w-intense-red-semi-permanent-moisturizing-hair-color/SBS-009577.html",11.49,14.36,286,https://www.sallybeauty.com/dw/image/v2/BCSM_PRD/on/demandware.static/-/Sites-SBS-SallyBeautySupply/default/dw26d14176/images/large/SBS-009577-5.jpg?sw=750&sh=750&sfrm=png,https://www.sallybeauty.com/dw/image/v2/BCSM_PRD/on/demandware.static/-/Sites-SBS-SallyBeautySupply/default/dw26d14176/images/large/SBS-009577-5.png?sw=650&sh=650 | https://www.sallybeauty.com/dw/image/v2/BCSM_PRD/on/demandware.static/-/Sites-SBS-SallyBeautySupply/default/dw3df6dd40/images/large/SBS-009577.jpg?sw=750&sh=750&sfrm=png | https://www.sallybeauty.com/dw/image/v2/BCSM_PRD/on/demandware.static/-/Sites-SBS-SallyBeautySupply/default/dw3df6dd40/images/large/SBS-009577.png?sw=650&sh=650 | https://www.sallybeauty.com/dw/image/v2/BCSM_PRD/on/demandware.static/-/Sites-SBS-SallyBeautySupply/default/dw5101b377/images/large/SBS-009577-2.jpg?sw=750&sh=750&sfrm=png,active,"sallybeauty,drop7,shop-by-type-semi-permanent-hair-color",Clairol Professional Beautiful Collection,Shop by Type / Semi-Permanent Hair Color,TRUE,,Requires shipping: Yes; Ship-to-home eligible: Yes; Hazmat restriction: No; carrier-calculated shipping at checkout.,https://www.sallybeauty.com/hair-color/shop-by-type/semi-permanent-hair-color/b44w-intense-red-semi-permanent-moisturizing-hair-color/SBS-009577.html
ADDONLY-SB-DROP7-047-007835,Red Direct Vibes Semi Permanent Hair Color,"Gluten free, cruelty free, paraben free, sulfate free, and vegan Never tested on animals Built in Bond Builder Long lasting color Semi Permanent Direct Vibes is a semi-permanent direct dye hair color. Direct Vibes is packed with pigment to give you a vibrant, long lasting color. Our bond building, conditioning formula will leave your hair healthy and soft with a radiant shine. Brand: Color Lux Direct Vibes. Shipping: Requires shipping: Yes; Ship-to-home eligible: Yes; Hazmat restriction: No; carrier-calculated shipping at checkout. Source: https://www.sallybeauty.com/hair-color/shop-by-type/semi-permanent-hair-color/red-direct-vibes-semi-permanent-hair-color/SBS-007835.html",16.49,20.61,414,https://www.sallybeauty.com/dw/image/v2/BCSM_PRD/on/demandware.static/-/Sites-SBS-SallyBeautySupply/default/dw83565623/images/large/SBS-007835-1.jpg?sw=750&sh=750&sfrm=png,https://www.sallybeauty.com/dw/image/v2/BCSM_PRD/on/demandware.static/-/Sites-SBS-SallyBeautySupply/default/dw83565623/images/large/SBS-007835-1.png?sw=650&sh=650 | https://www.sallybeauty.com/dw/image/v2/BCSM_PRD/on/demandware.static/-/Sites-SBS-SallyBeautySupply/default/dwbf8fcf36/images/large/SBS-007835.jpg?sw=750&sh=750&sfrm=png | https://www.sallybeauty.com/dw/image/v2/BCSM_PRD/on/demandware.static/-/Sites-SBS-SallyBeautySupply/default/dwbf8fcf36/images/large/SBS-007835.png?sw=650&sh=650,active,"sallybeauty,drop7,shop-by-type-semi-permanent-hair-color",Color Lux Direct Vibes,Shop by Type / Semi-Permanent Hair Color,TRUE,,Requires shipping: Yes; Ship-to-home eligible: Yes; Hazmat restriction: No; carrier-calculated shipping at checkout.,https://www.sallybeauty.com/hair-color/shop-by-type/semi-permanent-hair-color/red-direct-vibes-semi-permanent-hair-color/SBS-007835.html
ADDONLY-SB-DROP7-048-005972,Semi-Permanent Hair Color Muse,"No PPD No Peroxide No Ammonia No Developer required Vegan & Cruelty-Free Proudly Made in the United States Suavecita Semi-Permanent Hair Color is a direct dye cream formula that does not require a developer. Feel good about adding a pop of color to your pre-lightened hair with this conditioner based, vegan and cruelty-free, long-lasting, semi-permanent color line. Continue to be the artist you are and create your masterpiece using these shades. Brand: Suavecito Suavecita. Shipping: Requires shipping: Yes; Ship-to-home eligible: Yes; Hazmat restriction: No; carrier-calculated shipping at checkout. Source: https://www.sallybeauty.com/hair-color/shop-by-type/semi-permanent-hair-color/semi-permanent-hair-color-muse/SBS-005972.html",8.79,10.99,2,https://www.sallybeauty.com/dw/image/v2/BCSM_PRD/on/demandware.static/-/Sites-SBS-SallyBeautySupply/default/dw4d7d68b0/images/large/SBS-005972.jpg?sw=750&sh=750&sfrm=png,https://www.sallybeauty.com/dw/image/v2/BCSM_PRD/on/demandware.static/-/Sites-SBS-SallyBeautySupply/default/dw4d7d68b0/images/large/SBS-005972.png?sw=650&sh=650 | https://www.sallybeauty.com/dw/image/v2/BCSM_PRD/on/demandware.static/-/Sites-SBS-SallyBeautySupply/default/dwd119985f/images/large/SBS-005972-4.jpg?sw=750&sh=750&sfrm=png | https://www.sallybeauty.com/dw/image/v2/BCSM_PRD/on/demandware.static/-/Sites-SBS-SallyBeautySupply/default/dwd119985f/images/large/SBS-005972-4.png?sw=650&sh=650 | https://www.sallybeauty.com/dw/image/v2/BCSM_PRD/on/demandware.static/-/Sites-SBS-SallyBeautySupply/default/dwe89475b6/images/large/SBS-005972-3.jpg?sw=750&sh=750&sfrm=png,active,"sallybeauty,drop7,shop-by-type-semi-permanent-hair-color",Suavecito Suavecita,Shop by Type / Semi-Permanent Hair Color,TRUE,,Requires shipping: Yes; Ship-to-home eligible: Yes; Hazmat restriction: No; carrier-calculated shipping at checkout.,https://www.sallybeauty.com/hair-color/shop-by-type/semi-permanent-hair-color/semi-permanent-hair-color-muse/SBS-005972.html
ADDONLY-SB-DROP7-049-025051,Semi-Permanent Brights Hair Color Titanium,"Easier, more controlled application supported by a smoother, more workable texture A gentler option for creative color, making it suitable for hair with previous damage Maintains up to 87% of color after 20 washes for longer-lasting vivid hair color** Delivers up to 181% more shine for noticeably brighter, more reflective color* Features a conditioning formula that improves shine and wet combability Less color fade for color that stays vibrant longer Enjoy longer-lasting vibrancy: ion® Brights Semi-Permanent Hair Color maintains up to 87% of color after 20 washes*, when most colors fade in just 6–10. Semi-permanent hair color coats the outside of hair to add vivid color, without penetrating the hair cuticle like permanent or demi-permanent dyes do.The conditioning formula is designed to spread smoothly through hair, improving wet combability and making application easier, more controlled and more even. With improved color retention and reduced fade, these bright hair colors stay vibrant and luminous wash after wash, all without the need for a developer. *Study conducted on ion-semi permanent shade Purple new formula vs untreated hair **Study conducted on ion Semi-Permanent shade Shamrock with a base shampoo Brand: ion. Shipping: Requires shipping: Yes; Ship-to-home eligible: Yes; Hazmat restriction: No; carrier-calculated shipping at checkout. Source: https://www.sallybeauty.com/hair-color/shop-by-type/semi-permanent-hair-color/semi-permanent-brights-hair-color-titanium/SBS-025051.html",11.49,14.36,500,https://www.sallybeauty.com/dw/image/v2/BCSM_PRD/on/demandware.static/-/Sites-SBS-SallyBeautySupply/default/dw2d46134f/images/large/SBS-025051-5.jpg?sw=750&sh=750&sfrm=png,https://www.sallybeauty.com/dw/image/v2/BCSM_PRD/on/demandware.static/-/Sites-SBS-SallyBeautySupply/default/dw2d46134f/images/large/SBS-025051-5.png?sw=650&sh=650 | https://www.sallybeauty.com/dw/image/v2/BCSM_PRD/on/demandware.static/-/Sites-SBS-SallyBeautySupply/default/dw3f658c5c/images/large/SBS-025051-3.jpg?sw=750&sh=750&sfrm=png | https://www.sallybeauty.com/dw/image/v2/BCSM_PRD/on/demandware.static/-/Sites-SBS-SallyBeautySupply/default/dw3f658c5c/images/large/SBS-025051-3.png?sw=650&sh=650 | https://www.sallybeauty.com/dw/image/v2/BCSM_PRD/on/demandware.static/-/Sites-SBS-SallyBeautySupply/default/dw556209fc/images/large/SBS-025051-1.jpg?sw=750&sh=750&sfrm=png,active,"sallybeauty,drop7,shop-by-type-semi-permanent-hair-color",ion,Shop by Type / Semi-Permanent Hair Color,TRUE,,Requires shipping: Yes; Ship-to-home eligible: Yes; Hazmat restriction: No; carrier-calculated shipping at checkout.,https://www.sallybeauty.com/hair-color/shop-by-type/semi-permanent-hair-color/semi-permanent-brights-hair-color-titanium/SBS-025051.html
ADDONLY-SB-DROP7-050-124600,20 Volume Gentle Creme Developer 4 Oz,"Use with bowl or brush Soft floral fragrance Gentle creme AGEbeautiful dedicated gentle creme developer was developed for use with AGEbeautiful permanent liqui-creme haircolor. Together they provide the perfect viscosity for use with bowl and brush or applicator bottle. AGEbeautiful dedicated gentle crème developer has a soft floral fragrance. 20 Volume: Lifts hair 1 to 2 levels depending on the color chosen (this means if your natural hair color is a 6N this developer will lift your color up to an 8N) *Limit 6 per order for non-professional customers. Limit 24 per order for professional customers. ZOTOS PROFESSIONAL CONTACT INFORMATION Our Zotos Professional Stylists are currently available to answer product and technical questions and provide personal hair recommendations for our hair color, hair care, styling and perm collections. CALL US For consumer questions, comments and additional information, please contact our hotline at: 1-800-242-9283 x7859. HOURS OF OPERATION: October through the end of May: 9:00am – 8:00pm EST Monday through Friday June through the end of September: 8:30am – 8:00pm EST Monday through Thursday 8:30am – 5:00pm EST Friday Brand: AGEbeautiful. Shipping: Requires shipping: Yes; Ship-to-home eligible: Yes; Hazmat restriction: No; carrier-calculated shipping at checkout. Source: https://www.sallybeauty.com/hair-color/other-products-and-applications/developer/20-volume-gentle-creme-developer-4-oz/SBS-124600.html",5.79,7.24,500,https://www.sallybeauty.com/dw/image/v2/BCSM_PRD/on/demandware.static/-/Sites-SBS-SallyBeautySupply/default/dwec20ef0f/images/large/SBS-124600-1.jpg?sw=750&sh=750&sfrm=png,https://www.sallybeauty.com/dw/image/v2/BCSM_PRD/on/demandware.static/-/Sites-SBS-SallyBeautySupply/default/dwec20ef0f/images/large/SBS-124600-1.png?sw=650&sh=650 | https://www.sallybeauty.com/dw/image/v2/BCSM_PRD/on/demandware.static/-/Sites-SBS-SallyBeautySupply/default/dwfe69815b/images/large/SBS-124600.jpg?sw=750&sh=750&sfrm=png | https://www.sallybeauty.com/dw/image/v2/BCSM_PRD/on/demandware.static/-/Sites-SBS-SallyBeautySupply/default/dwfe69815b/images/large/SBS-124600.png?sw=650&sh=650,active,"sallybeauty,drop7,other-products-and-applications-developer",AGEbeautiful,Other Products and Applications / Developer,TRUE,0.25,Requires shipping: Yes; Ship-to-home eligible: Yes; Hazmat restriction: No; carrier-calculated shipping at checkout.,https://www.sallybeauty.com/hair-color/other-products-and-applications/developer/20-volume-gentle-creme-developer-4-oz/SBS-124600.html
