SKU,Title,Description,Price,Compare-at price,Inventory quantity,Product image URL,Additional image URLs,Status,Tags
SET9-VRS-001-232011,Versace Eros Eau de Toilette - Travel Spray 10ml,"<p><strong>Versace Eros Eau de Toilette - Travel Spray 10ml</strong> by Versace is built for <strong>year-round</strong> wear with a fresh aromatic woody profile.</p><p><strong>Fragrance notes:</strong> green apple, lemon, mint, tonka bean, cedar.</p><p>This listing is optimized for third-party resellers: high-search designer profile, gift-friendly packaging, and repeat-order demand.</p><p><strong>Supplier links:</strong> <a href=""https://www.fragrancenet.com/search/?gsearch=Versace+Eros+Eau+de+Toilette"">FragranceNet</a> | <a href=""https://www.fragrancex.com/search/search_results?search=Versace+Eros+Eau+de+Toilette"">FragranceX</a> | <a href=""https://www.perfume.com/search?keyword=Versace+Eros+Eau+de+Toilette"">Perfume.com</a></p>",31.36,40.14,16,https://cdn.fragrancenet.com/images/photos/900x900/232011.jpg,https://cdn.fragrancenet.com/images/photos/600x600/232011.jpg | https://cdn.fragrancenet.com/images/photos/500x500/232011.jpg | https://cdn.fragrancenet.com/images/photos/300x300/232011.jpg | https://cdn.fragrancenet.com/images/photos/250x250/232011.jpg,active,"cologne,men,versace,set9,year-round,fresh-aromatic-woody,stocksync-add-5img"
SET9-VRS-002-232011,Versace Eros Eau de Toilette - Eau de Toilette / Parfum 50ml,"<p><strong>Versace Eros Eau de Toilette - Eau de Toilette / Parfum 50ml</strong> by Versace is built for <strong>year-round</strong> wear with a fresh aromatic woody profile.</p><p><strong>Fragrance notes:</strong> green apple, lemon, mint, tonka bean, cedar.</p><p>This listing is optimized for third-party resellers: high-search designer profile, gift-friendly packaging, and repeat-order demand.</p><p><strong>Supplier links:</strong> <a href=""https://www.fragrancenet.com/search/?gsearch=Versace+Eros+Eau+de+Toilette"">FragranceNet</a> | <a href=""https://www.fragrancex.com/search/search_results?search=Versace+Eros+Eau+de+Toilette"">FragranceX</a> | <a href=""https://www.perfume.com/search?keyword=Versace+Eros+Eau+de+Toilette"">Perfume.com</a></p>",84.00,107.52,22,https://cdn.fragrancenet.com/images/photos/900x900/232011.jpg,https://cdn.fragrancenet.com/images/photos/600x600/232011.jpg | https://cdn.fragrancenet.com/images/photos/500x500/232011.jpg | https://cdn.fragrancenet.com/images/photos/300x300/232011.jpg | https://cdn.fragrancenet.com/images/photos/250x250/232011.jpg,active,"cologne,men,versace,set9,year-round,fresh-aromatic-woody,stocksync-add-5img"
SET9-VRS-003-232011,Versace Eros Eau de Toilette - Eau de Toilette / Parfum 100ml,"<p><strong>Versace Eros Eau de Toilette - Eau de Toilette / Parfum 100ml</strong> by Versace is built for <strong>year-round</strong> wear with a fresh aromatic woody profile.</p><p><strong>Fragrance notes:</strong> green apple, lemon, mint, tonka bean, cedar.</p><p>This listing is optimized for third-party resellers: high-search designer profile, gift-friendly packaging, and repeat-order demand.</p><p><strong>Supplier links:</strong> <a href=""https://www.fragrancenet.com/search/?gsearch=Versace+Eros+Eau+de+Toilette"">FragranceNet</a> | <a href=""https://www.fragrancex.com/search/search_results?search=Versace+Eros+Eau+de+Toilette"">FragranceX</a> | <a href=""https://www.perfume.com/search?keyword=Versace+Eros+Eau+de+Toilette"">Perfume.com</a></p>",112.00,143.36,30,https://cdn.fragrancenet.com/images/photos/900x900/232011.jpg,https://cdn.fragrancenet.com/images/photos/600x600/232011.jpg | https://cdn.fragrancenet.com/images/photos/500x500/232011.jpg | https://cdn.fragrancenet.com/images/photos/300x300/232011.jpg | https://cdn.fragrancenet.com/images/photos/250x250/232011.jpg,active,"cologne,men,versace,set9,year-round,fresh-aromatic-woody,stocksync-add-5img"
SET9-VRS-004-232011,Versace Eros Eau de Toilette - Large Bottle 150ml,"<p><strong>Versace Eros Eau de Toilette - Large Bottle 150ml</strong> by Versace is built for <strong>year-round</strong> wear with a fresh aromatic woody profile.</p><p><strong>Fragrance notes:</strong> green apple, lemon, mint, tonka bean, cedar.</p><p>This listing is optimized for third-party resellers: high-search designer profile, gift-friendly packaging, and repeat-order demand.</p><p><strong>Supplier links:</strong> <a href=""https://www.fragrancenet.com/search/?gsearch=Versace+Eros+Eau+de+Toilette"">FragranceNet</a> | <a href=""https://www.fragrancex.com/search/search_results?search=Versace+Eros+Eau+de+Toilette"">FragranceX</a> | <a href=""https://www.perfume.com/search?keyword=Versace+Eros+Eau+de+Toilette"">Perfume.com</a></p>",140.00,179.20,18,https://cdn.fragrancenet.com/images/photos/900x900/232011.jpg,https://cdn.fragrancenet.com/images/photos/600x600/232011.jpg | https://cdn.fragrancenet.com/images/photos/500x500/232011.jpg | https://cdn.fragrancenet.com/images/photos/300x300/232011.jpg | https://cdn.fragrancenet.com/images/photos/250x250/232011.jpg,active,"cologne,men,versace,set9,year-round,fresh-aromatic-woody,stocksync-add-5img"
SET9-VRS-005-232011,Versace Eros Eau de Toilette - Gift Set,"<p><strong>Versace Eros Eau de Toilette - Gift Set</strong> by Versace is built for <strong>year-round</strong> wear with a fresh aromatic woody profile.</p><p><strong>Fragrance notes:</strong> green apple, lemon, mint, tonka bean, cedar.</p><p>This listing is optimized for third-party resellers: high-search designer profile, gift-friendly packaging, and repeat-order demand.</p><p><strong>Supplier links:</strong> <a href=""https://www.fragrancenet.com/search/?gsearch=Versace+Eros+Eau+de+Toilette"">FragranceNet</a> | <a href=""https://www.fragrancex.com/search/search_results?search=Versace+Eros+Eau+de+Toilette"">FragranceX</a> | <a href=""https://www.perfume.com/search?keyword=Versace+Eros+Eau+de+Toilette"">Perfume.com</a></p>",132.16,169.16,14,https://cdn.fragrancenet.com/images/photos/900x900/232011.jpg,https://cdn.fragrancenet.com/images/photos/600x600/232011.jpg | https://cdn.fragrancenet.com/images/photos/500x500/232011.jpg | https://cdn.fragrancenet.com/images/photos/300x300/232011.jpg | https://cdn.fragrancenet.com/images/photos/250x250/232011.jpg,active,"cologne,men,versace,set9,year-round,fresh-aromatic-woody,stocksync-add-5img"
SET9-VRS-006-372595,Versace Eros Eau de Parfum - Travel Spray 10ml,"<p><strong>Versace Eros Eau de Parfum - Travel Spray 10ml</strong> by Versace is built for <strong>year-round</strong> wear with a warm aromatic vanilla profile.</p><p><strong>Fragrance notes:</strong> mint, lemon, tonka bean, vetiver, vanilla.</p><p>This listing is optimized for third-party resellers: high-search designer profile, gift-friendly packaging, and repeat-order demand.</p><p><strong>Supplier links:</strong> <a href=""https://www.fragrancenet.com/search/?gsearch=Versace+Eros+Eau+de+Parfum"">FragranceNet</a> | <a href=""https://www.fragrancex.com/search/search_results?search=Versace+Eros+Eau+de+Parfum"">FragranceX</a> | <a href=""https://www.perfume.com/search?keyword=Versace+Eros+Eau+de+Parfum"">Perfume.com</a></p>",33.04,42.29,16,https://cdn.fragrancenet.com/images/photos/900x900/372595.jpg,https://cdn.fragrancenet.com/images/photos/600x600/372595.jpg | https://cdn.fragrancenet.com/images/photos/500x500/372595.jpg | https://cdn.fragrancenet.com/images/photos/300x300/372595.jpg | https://cdn.fragrancenet.com/images/photos/250x250/372595.jpg,active,"cologne,men,versace,set9,year-round,warm-aromatic-vanilla,stocksync-add-5img"
SET9-VRS-007-372595,Versace Eros Eau de Parfum - Eau de Toilette / Parfum 50ml,"<p><strong>Versace Eros Eau de Parfum - Eau de Toilette / Parfum 50ml</strong> by Versace is built for <strong>year-round</strong> wear with a warm aromatic vanilla profile.</p><p><strong>Fragrance notes:</strong> mint, lemon, tonka bean, vetiver, vanilla.</p><p>This listing is optimized for third-party resellers: high-search designer profile, gift-friendly packaging, and repeat-order demand.</p><p><strong>Supplier links:</strong> <a href=""https://www.fragrancenet.com/search/?gsearch=Versace+Eros+Eau+de+Parfum"">FragranceNet</a> | <a href=""https://www.fragrancex.com/search/search_results?search=Versace+Eros+Eau+de+Parfum"">FragranceX</a> | <a href=""https://www.perfume.com/search?keyword=Versace+Eros+Eau+de+Parfum"">Perfume.com</a></p>",88.50,113.28,22,https://cdn.fragrancenet.com/images/photos/900x900/372595.jpg,https://cdn.fragrancenet.com/images/photos/600x600/372595.jpg | https://cdn.fragrancenet.com/images/photos/500x500/372595.jpg | https://cdn.fragrancenet.com/images/photos/300x300/372595.jpg | https://cdn.fragrancenet.com/images/photos/250x250/372595.jpg,active,"cologne,men,versace,set9,year-round,warm-aromatic-vanilla,stocksync-add-5img"
SET9-VRS-008-372595,Versace Eros Eau de Parfum - Eau de Toilette / Parfum 100ml,"<p><strong>Versace Eros Eau de Parfum - Eau de Toilette / Parfum 100ml</strong> by Versace is built for <strong>year-round</strong> wear with a warm aromatic vanilla profile.</p><p><strong>Fragrance notes:</strong> mint, lemon, tonka bean, vetiver, vanilla.</p><p>This listing is optimized for third-party resellers: high-search designer profile, gift-friendly packaging, and repeat-order demand.</p><p><strong>Supplier links:</strong> <a href=""https://www.fragrancenet.com/search/?gsearch=Versace+Eros+Eau+de+Parfum"">FragranceNet</a> | <a href=""https://www.fragrancex.com/search/search_results?search=Versace+Eros+Eau+de+Parfum"">FragranceX</a> | <a href=""https://www.perfume.com/search?keyword=Versace+Eros+Eau+de+Parfum"">Perfume.com</a></p>",118.00,151.04,30,https://cdn.fragrancenet.com/images/photos/900x900/372595.jpg,https://cdn.fragrancenet.com/images/photos/600x600/372595.jpg | https://cdn.fragrancenet.com/images/photos/500x500/372595.jpg | https://cdn.fragrancenet.com/images/photos/300x300/372595.jpg | https://cdn.fragrancenet.com/images/photos/250x250/372595.jpg,active,"cologne,men,versace,set9,year-round,warm-aromatic-vanilla,stocksync-add-5img"
SET9-VRS-009-372595,Versace Eros Eau de Parfum - Large Bottle 150ml,"<p><strong>Versace Eros Eau de Parfum - Large Bottle 150ml</strong> by Versace is built for <strong>year-round</strong> wear with a warm aromatic vanilla profile.</p><p><strong>Fragrance notes:</strong> mint, lemon, tonka bean, vetiver, vanilla.</p><p>This listing is optimized for third-party resellers: high-search designer profile, gift-friendly packaging, and repeat-order demand.</p><p><strong>Supplier links:</strong> <a href=""https://www.fragrancenet.com/search/?gsearch=Versace+Eros+Eau+de+Parfum"">FragranceNet</a> | <a href=""https://www.fragrancex.com/search/search_results?search=Versace+Eros+Eau+de+Parfum"">FragranceX</a> | <a href=""https://www.perfume.com/search?keyword=Versace+Eros+Eau+de+Parfum"">Perfume.com</a></p>",147.50,188.80,18,https://cdn.fragrancenet.com/images/photos/900x900/372595.jpg,https://cdn.fragrancenet.com/images/photos/600x600/372595.jpg | https://cdn.fragrancenet.com/images/photos/500x500/372595.jpg | https://cdn.fragrancenet.com/images/photos/300x300/372595.jpg | https://cdn.fragrancenet.com/images/photos/250x250/372595.jpg,active,"cologne,men,versace,set9,year-round,warm-aromatic-vanilla,stocksync-add-5img"
SET9-VRS-010-372595,Versace Eros Eau de Parfum - Gift Set,"<p><strong>Versace Eros Eau de Parfum - Gift Set</strong> by Versace is built for <strong>year-round</strong> wear with a warm aromatic vanilla profile.</p><p><strong>Fragrance notes:</strong> mint, lemon, tonka bean, vetiver, vanilla.</p><p>This listing is optimized for third-party resellers: high-search designer profile, gift-friendly packaging, and repeat-order demand.</p><p><strong>Supplier links:</strong> <a href=""https://www.fragrancenet.com/search/?gsearch=Versace+Eros+Eau+de+Parfum"">FragranceNet</a> | <a href=""https://www.fragrancex.com/search/search_results?search=Versace+Eros+Eau+de+Parfum"">FragranceX</a> | <a href=""https://www.perfume.com/search?keyword=Versace+Eros+Eau+de+Parfum"">Perfume.com</a></p>",139.24,178.23,14,https://cdn.fragrancenet.com/images/photos/900x900/372595.jpg,https://cdn.fragrancenet.com/images/photos/600x600/372595.jpg | https://cdn.fragrancenet.com/images/photos/500x500/372595.jpg | https://cdn.fragrancenet.com/images/photos/300x300/372595.jpg | https://cdn.fragrancenet.com/images/photos/250x250/372595.jpg,active,"cologne,men,versace,set9,year-round,warm-aromatic-vanilla,stocksync-add-5img"
SET9-VRS-011-332213,Versace Eros Flame Eau de Parfum - Travel Spray 10ml,"<p><strong>Versace Eros Flame Eau de Parfum - Travel Spray 10ml</strong> by Versace is built for <strong>winter</strong> wear with a spicy amber woody profile.</p><p><strong>Fragrance notes:</strong> mandarin, black pepper, rosemary, tonka bean, sandalwood.</p><p>This listing is optimized for third-party resellers: high-search designer profile, gift-friendly packaging, and repeat-order demand.</p><p><strong>Supplier links:</strong> <a href=""https://www.fragrancenet.com/search/?gsearch=Versace+Eros+Flame+Eau+de+Parfum"">FragranceNet</a> | <a href=""https://www.fragrancex.com/search/search_results?search=Versace+Eros+Flame+Eau+de+Parfum"">FragranceX</a> | <a href=""https://www.perfume.com/search?keyword=Versace+Eros+Flame+Eau+de+Parfum"">Perfume.com</a></p>",30.24,38.71,16,https://cdn.fragrancenet.com/images/photos/900x900/332213.jpg,https://cdn.fragrancenet.com/images/photos/600x600/332213.jpg | https://cdn.fragrancenet.com/images/photos/500x500/332213.jpg | https://cdn.fragrancenet.com/images/photos/300x300/332213.jpg | https://cdn.fragrancenet.com/images/photos/250x250/332213.jpg,active,"cologne,men,versace,set9,winter,spicy-amber-woody,stocksync-add-5img"
SET9-VRS-012-332213,Versace Eros Flame Eau de Parfum - Eau de Toilette / Parfum 50ml,"<p><strong>Versace Eros Flame Eau de Parfum - Eau de Toilette / Parfum 50ml</strong> by Versace is built for <strong>winter</strong> wear with a spicy amber woody profile.</p><p><strong>Fragrance notes:</strong> mandarin, black pepper, rosemary, tonka bean, sandalwood.</p><p>This listing is optimized for third-party resellers: high-search designer profile, gift-friendly packaging, and repeat-order demand.</p><p><strong>Supplier links:</strong> <a href=""https://www.fragrancenet.com/search/?gsearch=Versace+Eros+Flame+Eau+de+Parfum"">FragranceNet</a> | <a href=""https://www.fragrancex.com/search/search_results?search=Versace+Eros+Flame+Eau+de+Parfum"">FragranceX</a> | <a href=""https://www.perfume.com/search?keyword=Versace+Eros+Flame+Eau+de+Parfum"">Perfume.com</a></p>",81.00,103.68,22,https://cdn.fragrancenet.com/images/photos/900x900/332213.jpg,https://cdn.fragrancenet.com/images/photos/600x600/332213.jpg | https://cdn.fragrancenet.com/images/photos/500x500/332213.jpg | https://cdn.fragrancenet.com/images/photos/300x300/332213.jpg | https://cdn.fragrancenet.com/images/photos/250x250/332213.jpg,active,"cologne,men,versace,set9,winter,spicy-amber-woody,stocksync-add-5img"
SET9-VRS-013-332213,Versace Eros Flame Eau de Parfum - Eau de Toilette / Parfum 100ml,"<p><strong>Versace Eros Flame Eau de Parfum - Eau de Toilette / Parfum 100ml</strong> by Versace is built for <strong>winter</strong> wear with a spicy amber woody profile.</p><p><strong>Fragrance notes:</strong> mandarin, black pepper, rosemary, tonka bean, sandalwood.</p><p>This listing is optimized for third-party resellers: high-search designer profile, gift-friendly packaging, and repeat-order demand.</p><p><strong>Supplier links:</strong> <a href=""https://www.fragrancenet.com/search/?gsearch=Versace+Eros+Flame+Eau+de+Parfum"">FragranceNet</a> | <a href=""https://www.fragrancex.com/search/search_results?search=Versace+Eros+Flame+Eau+de+Parfum"">FragranceX</a> | <a href=""https://www.perfume.com/search?keyword=Versace+Eros+Flame+Eau+de+Parfum"">Perfume.com</a></p>",108.00,138.24,30,https://cdn.fragrancenet.com/images/photos/900x900/332213.jpg,https://cdn.fragrancenet.com/images/photos/600x600/332213.jpg | https://cdn.fragrancenet.com/images/photos/500x500/332213.jpg | https://cdn.fragrancenet.com/images/photos/300x300/332213.jpg | https://cdn.fragrancenet.com/images/photos/250x250/332213.jpg,active,"cologne,men,versace,set9,winter,spicy-amber-woody,stocksync-add-5img"
SET9-VRS-014-332213,Versace Eros Flame Eau de Parfum - Large Bottle 150ml,"<p><strong>Versace Eros Flame Eau de Parfum - Large Bottle 150ml</strong> by Versace is built for <strong>winter</strong> wear with a spicy amber woody profile.</p><p><strong>Fragrance notes:</strong> mandarin, black pepper, rosemary, tonka bean, sandalwood.</p><p>This listing is optimized for third-party resellers: high-search designer profile, gift-friendly packaging, and repeat-order demand.</p><p><strong>Supplier links:</strong> <a href=""https://www.fragrancenet.com/search/?gsearch=Versace+Eros+Flame+Eau+de+Parfum"">FragranceNet</a> | <a href=""https://www.fragrancex.com/search/search_results?search=Versace+Eros+Flame+Eau+de+Parfum"">FragranceX</a> | <a href=""https://www.perfume.com/search?keyword=Versace+Eros+Flame+Eau+de+Parfum"">Perfume.com</a></p>",135.00,172.80,18,https://cdn.fragrancenet.com/images/photos/900x900/332213.jpg,https://cdn.fragrancenet.com/images/photos/600x600/332213.jpg | https://cdn.fragrancenet.com/images/photos/500x500/332213.jpg | https://cdn.fragrancenet.com/images/photos/300x300/332213.jpg | https://cdn.fragrancenet.com/images/photos/250x250/332213.jpg,active,"cologne,men,versace,set9,winter,spicy-amber-woody,stocksync-add-5img"
SET9-VRS-015-332213,Versace Eros Flame Eau de Parfum - Gift Set,"<p><strong>Versace Eros Flame Eau de Parfum - Gift Set</strong> by Versace is built for <strong>winter</strong> wear with a spicy amber woody profile.</p><p><strong>Fragrance notes:</strong> mandarin, black pepper, rosemary, tonka bean, sandalwood.</p><p>This listing is optimized for third-party resellers: high-search designer profile, gift-friendly packaging, and repeat-order demand.</p><p><strong>Supplier links:</strong> <a href=""https://www.fragrancenet.com/search/?gsearch=Versace+Eros+Flame+Eau+de+Parfum"">FragranceNet</a> | <a href=""https://www.fragrancex.com/search/search_results?search=Versace+Eros+Flame+Eau+de+Parfum"">FragranceX</a> | <a href=""https://www.perfume.com/search?keyword=Versace+Eros+Flame+Eau+de+Parfum"">Perfume.com</a></p>",127.44,163.12,14,https://cdn.fragrancenet.com/images/photos/900x900/332213.jpg,https://cdn.fragrancenet.com/images/photos/600x600/332213.jpg | https://cdn.fragrancenet.com/images/photos/500x500/332213.jpg | https://cdn.fragrancenet.com/images/photos/300x300/332213.jpg | https://cdn.fragrancenet.com/images/photos/250x250/332213.jpg,active,"cologne,men,versace,set9,winter,spicy-amber-woody,stocksync-add-5img"
SET9-VRS-016-421287,Versace Eros Parfum - Travel Spray 10ml,"<p><strong>Versace Eros Parfum - Travel Spray 10ml</strong> by Versace is built for <strong>winter</strong> wear with a rich sweet woody profile.</p><p><strong>Fragrance notes:</strong> apple, mint, geranium, cedar, vanilla.</p><p>This listing is optimized for third-party resellers: high-search designer profile, gift-friendly packaging, and repeat-order demand.</p><p><strong>Supplier links:</strong> <a href=""https://www.fragrancenet.com/search/?gsearch=Versace+Eros+Parfum"">FragranceNet</a> | <a href=""https://www.fragrancex.com/search/search_results?search=Versace+Eros+Parfum"">FragranceX</a> | <a href=""https://www.perfume.com/search?keyword=Versace+Eros+Parfum"">Perfume.com</a></p>",35.00,44.80,16,https://cdn.fragrancenet.com/images/photos/900x900/421287.jpg,https://cdn.fragrancenet.com/images/photos/600x600/421287.jpg | https://cdn.fragrancenet.com/images/photos/500x500/421287.jpg | https://cdn.fragrancenet.com/images/photos/300x300/421287.jpg | https://cdn.fragrancenet.com/images/photos/250x250/421287.jpg,active,"cologne,men,versace,set9,winter,rich-sweet-woody,stocksync-add-5img"
SET9-VRS-017-421287,Versace Eros Parfum - Eau de Toilette / Parfum 50ml,"<p><strong>Versace Eros Parfum - Eau de Toilette / Parfum 50ml</strong> by Versace is built for <strong>winter</strong> wear with a rich sweet woody profile.</p><p><strong>Fragrance notes:</strong> apple, mint, geranium, cedar, vanilla.</p><p>This listing is optimized for third-party resellers: high-search designer profile, gift-friendly packaging, and repeat-order demand.</p><p><strong>Supplier links:</strong> <a href=""https://www.fragrancenet.com/search/?gsearch=Versace+Eros+Parfum"">FragranceNet</a> | <a href=""https://www.fragrancex.com/search/search_results?search=Versace+Eros+Parfum"">FragranceX</a> | <a href=""https://www.perfume.com/search?keyword=Versace+Eros+Parfum"">Perfume.com</a></p>",93.75,120.00,22,https://cdn.fragrancenet.com/images/photos/900x900/421287.jpg,https://cdn.fragrancenet.com/images/photos/600x600/421287.jpg | https://cdn.fragrancenet.com/images/photos/500x500/421287.jpg | https://cdn.fragrancenet.com/images/photos/300x300/421287.jpg | https://cdn.fragrancenet.com/images/photos/250x250/421287.jpg,active,"cologne,men,versace,set9,winter,rich-sweet-woody,stocksync-add-5img"
SET9-VRS-018-421287,Versace Eros Parfum - Eau de Toilette / Parfum 100ml,"<p><strong>Versace Eros Parfum - Eau de Toilette / Parfum 100ml</strong> by Versace is built for <strong>winter</strong> wear with a rich sweet woody profile.</p><p><strong>Fragrance notes:</strong> apple, mint, geranium, cedar, vanilla.</p><p>This listing is optimized for third-party resellers: high-search designer profile, gift-friendly packaging, and repeat-order demand.</p><p><strong>Supplier links:</strong> <a href=""https://www.fragrancenet.com/search/?gsearch=Versace+Eros+Parfum"">FragranceNet</a> | <a href=""https://www.fragrancex.com/search/search_results?search=Versace+Eros+Parfum"">FragranceX</a> | <a href=""https://www.perfume.com/search?keyword=Versace+Eros+Parfum"">Perfume.com</a></p>",125.00,160.00,30,https://cdn.fragrancenet.com/images/photos/900x900/421287.jpg,https://cdn.fragrancenet.com/images/photos/600x600/421287.jpg | https://cdn.fragrancenet.com/images/photos/500x500/421287.jpg | https://cdn.fragrancenet.com/images/photos/300x300/421287.jpg | https://cdn.fragrancenet.com/images/photos/250x250/421287.jpg,active,"cologne,men,versace,set9,winter,rich-sweet-woody,stocksync-add-5img"
SET9-VRS-019-421287,Versace Eros Parfum - Large Bottle 150ml,"<p><strong>Versace Eros Parfum - Large Bottle 150ml</strong> by Versace is built for <strong>winter</strong> wear with a rich sweet woody profile.</p><p><strong>Fragrance notes:</strong> apple, mint, geranium, cedar, vanilla.</p><p>This listing is optimized for third-party resellers: high-search designer profile, gift-friendly packaging, and repeat-order demand.</p><p><strong>Supplier links:</strong> <a href=""https://www.fragrancenet.com/search/?gsearch=Versace+Eros+Parfum"">FragranceNet</a> | <a href=""https://www.fragrancex.com/search/search_results?search=Versace+Eros+Parfum"">FragranceX</a> | <a href=""https://www.perfume.com/search?keyword=Versace+Eros+Parfum"">Perfume.com</a></p>",156.25,200.00,18,https://cdn.fragrancenet.com/images/photos/900x900/421287.jpg,https://cdn.fragrancenet.com/images/photos/600x600/421287.jpg | https://cdn.fragrancenet.com/images/photos/500x500/421287.jpg | https://cdn.fragrancenet.com/images/photos/300x300/421287.jpg | https://cdn.fragrancenet.com/images/photos/250x250/421287.jpg,active,"cologne,men,versace,set9,winter,rich-sweet-woody,stocksync-add-5img"
SET9-VRS-020-421287,Versace Eros Parfum - Gift Set,"<p><strong>Versace Eros Parfum - Gift Set</strong> by Versace is built for <strong>winter</strong> wear with a rich sweet woody profile.</p><p><strong>Fragrance notes:</strong> apple, mint, geranium, cedar, vanilla.</p><p>This listing is optimized for third-party resellers: high-search designer profile, gift-friendly packaging, and repeat-order demand.</p><p><strong>Supplier links:</strong> <a href=""https://www.fragrancenet.com/search/?gsearch=Versace+Eros+Parfum"">FragranceNet</a> | <a href=""https://www.fragrancex.com/search/search_results?search=Versace+Eros+Parfum"">FragranceX</a> | <a href=""https://www.perfume.com/search?keyword=Versace+Eros+Parfum"">Perfume.com</a></p>",147.50,188.80,14,https://cdn.fragrancenet.com/images/photos/900x900/421287.jpg,https://cdn.fragrancenet.com/images/photos/600x600/421287.jpg | https://cdn.fragrancenet.com/images/photos/500x500/421287.jpg | https://cdn.fragrancenet.com/images/photos/300x300/421287.jpg | https://cdn.fragrancenet.com/images/photos/250x250/421287.jpg,active,"cologne,men,versace,set9,winter,rich-sweet-woody,stocksync-add-5img"
SET9-VRS-021-485448,Versace Eros Energy Eau de Parfum - Travel Spray 10ml,"<p><strong>Versace Eros Energy Eau de Parfum - Travel Spray 10ml</strong> by Versace is built for <strong>summer</strong> wear with a citrus aromatic bright profile.</p><p><strong>Fragrance notes:</strong> sicilian bergamot, black currant, pink pepper, oakmoss.</p><p>This listing is optimized for third-party resellers: high-search designer profile, gift-friendly packaging, and repeat-order demand.</p><p><strong>Supplier links:</strong> <a href=""https://www.fragrancenet.com/search/?gsearch=Versace+Eros+Energy+Eau+de+Parfum"">FragranceNet</a> | <a href=""https://www.fragrancex.com/search/search_results?search=Versace+Eros+Energy+Eau+de+Parfum"">FragranceX</a> | <a href=""https://www.perfume.com/search?keyword=Versace+Eros+Energy+Eau+de+Parfum"">Perfume.com</a></p>",37.80,48.38,16,https://cdn.fragrancenet.com/images/photos/900x900/485448.jpg,https://cdn.fragrancenet.com/images/photos/600x600/485448.jpg | https://cdn.fragrancenet.com/images/photos/500x500/485448.jpg | https://cdn.fragrancenet.com/images/photos/300x300/485448.jpg | https://cdn.fragrancenet.com/images/photos/250x250/485448.jpg,active,"cologne,men,versace,set9,summer,citrus-aromatic-bright,stocksync-add-5img"
SET9-VRS-022-485448,Versace Eros Energy Eau de Parfum - Eau de Toilette / Parfum 50ml,"<p><strong>Versace Eros Energy Eau de Parfum - Eau de Toilette / Parfum 50ml</strong> by Versace is built for <strong>summer</strong> wear with a citrus aromatic bright profile.</p><p><strong>Fragrance notes:</strong> sicilian bergamot, black currant, pink pepper, oakmoss.</p><p>This listing is optimized for third-party resellers: high-search designer profile, gift-friendly packaging, and repeat-order demand.</p><p><strong>Supplier links:</strong> <a href=""https://www.fragrancenet.com/search/?gsearch=Versace+Eros+Energy+Eau+de+Parfum"">FragranceNet</a> | <a href=""https://www.fragrancex.com/search/search_results?search=Versace+Eros+Energy+Eau+de+Parfum"">FragranceX</a> | <a href=""https://www.perfume.com/search?keyword=Versace+Eros+Energy+Eau+de+Parfum"">Perfume.com</a></p>",101.25,129.60,22,https://cdn.fragrancenet.com/images/photos/900x900/485448.jpg,https://cdn.fragrancenet.com/images/photos/600x600/485448.jpg | https://cdn.fragrancenet.com/images/photos/500x500/485448.jpg | https://cdn.fragrancenet.com/images/photos/300x300/485448.jpg | https://cdn.fragrancenet.com/images/photos/250x250/485448.jpg,active,"cologne,men,versace,set9,summer,citrus-aromatic-bright,stocksync-add-5img"
SET9-VRS-023-485448,Versace Eros Energy Eau de Parfum - Eau de Toilette / Parfum 100ml,"<p><strong>Versace Eros Energy Eau de Parfum - Eau de Toilette / Parfum 100ml</strong> by Versace is built for <strong>summer</strong> wear with a citrus aromatic bright profile.</p><p><strong>Fragrance notes:</strong> sicilian bergamot, black currant, pink pepper, oakmoss.</p><p>This listing is optimized for third-party resellers: high-search designer profile, gift-friendly packaging, and repeat-order demand.</p><p><strong>Supplier links:</strong> <a href=""https://www.fragrancenet.com/search/?gsearch=Versace+Eros+Energy+Eau+de+Parfum"">FragranceNet</a> | <a href=""https://www.fragrancex.com/search/search_results?search=Versace+Eros+Energy+Eau+de+Parfum"">FragranceX</a> | <a href=""https://www.perfume.com/search?keyword=Versace+Eros+Energy+Eau+de+Parfum"">Perfume.com</a></p>",135.00,172.80,30,https://cdn.fragrancenet.com/images/photos/900x900/485448.jpg,https://cdn.fragrancenet.com/images/photos/600x600/485448.jpg | https://cdn.fragrancenet.com/images/photos/500x500/485448.jpg | https://cdn.fragrancenet.com/images/photos/300x300/485448.jpg | https://cdn.fragrancenet.com/images/photos/250x250/485448.jpg,active,"cologne,men,versace,set9,summer,citrus-aromatic-bright,stocksync-add-5img"
SET9-VRS-024-485448,Versace Eros Energy Eau de Parfum - Large Bottle 150ml,"<p><strong>Versace Eros Energy Eau de Parfum - Large Bottle 150ml</strong> by Versace is built for <strong>summer</strong> wear with a citrus aromatic bright profile.</p><p><strong>Fragrance notes:</strong> sicilian bergamot, black currant, pink pepper, oakmoss.</p><p>This listing is optimized for third-party resellers: high-search designer profile, gift-friendly packaging, and repeat-order demand.</p><p><strong>Supplier links:</strong> <a href=""https://www.fragrancenet.com/search/?gsearch=Versace+Eros+Energy+Eau+de+Parfum"">FragranceNet</a> | <a href=""https://www.fragrancex.com/search/search_results?search=Versace+Eros+Energy+Eau+de+Parfum"">FragranceX</a> | <a href=""https://www.perfume.com/search?keyword=Versace+Eros+Energy+Eau+de+Parfum"">Perfume.com</a></p>",168.75,216.00,18,https://cdn.fragrancenet.com/images/photos/900x900/485448.jpg,https://cdn.fragrancenet.com/images/photos/600x600/485448.jpg | https://cdn.fragrancenet.com/images/photos/500x500/485448.jpg | https://cdn.fragrancenet.com/images/photos/300x300/485448.jpg | https://cdn.fragrancenet.com/images/photos/250x250/485448.jpg,active,"cologne,men,versace,set9,summer,citrus-aromatic-bright,stocksync-add-5img"
SET9-VRS-025-485448,Versace Eros Energy Eau de Parfum - Gift Set,"<p><strong>Versace Eros Energy Eau de Parfum - Gift Set</strong> by Versace is built for <strong>summer</strong> wear with a citrus aromatic bright profile.</p><p><strong>Fragrance notes:</strong> sicilian bergamot, black currant, pink pepper, oakmoss.</p><p>This listing is optimized for third-party resellers: high-search designer profile, gift-friendly packaging, and repeat-order demand.</p><p><strong>Supplier links:</strong> <a href=""https://www.fragrancenet.com/search/?gsearch=Versace+Eros+Energy+Eau+de+Parfum"">FragranceNet</a> | <a href=""https://www.fragrancex.com/search/search_results?search=Versace+Eros+Energy+Eau+de+Parfum"">FragranceX</a> | <a href=""https://www.perfume.com/search?keyword=Versace+Eros+Energy+Eau+de+Parfum"">Perfume.com</a></p>",159.30,203.90,14,https://cdn.fragrancenet.com/images/photos/900x900/485448.jpg,https://cdn.fragrancenet.com/images/photos/600x600/485448.jpg | https://cdn.fragrancenet.com/images/photos/500x500/485448.jpg | https://cdn.fragrancenet.com/images/photos/300x300/485448.jpg | https://cdn.fragrancenet.com/images/photos/250x250/485448.jpg,active,"cologne,men,versace,set9,summer,citrus-aromatic-bright,stocksync-add-5img"
SET9-VRS-026-291563,Versace Dylan Blue Eau de Toilette - Travel Spray 10ml,"<p><strong>Versace Dylan Blue Eau de Toilette - Travel Spray 10ml</strong> by Versace is built for <strong>year-round</strong> wear with a marine aromatic woody profile.</p><p><strong>Fragrance notes:</strong> bergamot, grapefruit, fig leaf, violet leaf, musk.</p><p>This listing is optimized for third-party resellers: high-search designer profile, gift-friendly packaging, and repeat-order demand.</p><p><strong>Supplier links:</strong> <a href=""https://www.fragrancenet.com/search/?gsearch=Versace+Dylan+Blue+Eau+de+Toilette"">FragranceNet</a> | <a href=""https://www.fragrancex.com/search/search_results?search=Versace+Dylan+Blue+Eau+de+Toilette"">FragranceX</a> | <a href=""https://www.perfume.com/search?keyword=Versace+Dylan+Blue+Eau+de+Toilette"">Perfume.com</a></p>",26.60,34.05,16,https://cdn.fragrancenet.com/images/photos/900x900/291563.jpg,https://cdn.fragrancenet.com/images/photos/600x600/291563.jpg | https://cdn.fragrancenet.com/images/photos/500x500/291563.jpg | https://cdn.fragrancenet.com/images/photos/300x300/291563.jpg | https://cdn.fragrancenet.com/images/photos/250x250/291563.jpg,active,"cologne,men,versace,set9,year-round,marine-aromatic-woody,stocksync-add-5img"
SET9-VRS-027-291563,Versace Dylan Blue Eau de Toilette - Eau de Toilette / Parfum 50ml,"<p><strong>Versace Dylan Blue Eau de Toilette - Eau de Toilette / Parfum 50ml</strong> by Versace is built for <strong>year-round</strong> wear with a marine aromatic woody profile.</p><p><strong>Fragrance notes:</strong> bergamot, grapefruit, fig leaf, violet leaf, musk.</p><p>This listing is optimized for third-party resellers: high-search designer profile, gift-friendly packaging, and repeat-order demand.</p><p><strong>Supplier links:</strong> <a href=""https://www.fragrancenet.com/search/?gsearch=Versace+Dylan+Blue+Eau+de+Toilette"">FragranceNet</a> | <a href=""https://www.fragrancex.com/search/search_results?search=Versace+Dylan+Blue+Eau+de+Toilette"">FragranceX</a> | <a href=""https://www.perfume.com/search?keyword=Versace+Dylan+Blue+Eau+de+Toilette"">Perfume.com</a></p>",71.25,91.20,22,https://cdn.fragrancenet.com/images/photos/900x900/291563.jpg,https://cdn.fragrancenet.com/images/photos/600x600/291563.jpg | https://cdn.fragrancenet.com/images/photos/500x500/291563.jpg | https://cdn.fragrancenet.com/images/photos/300x300/291563.jpg | https://cdn.fragrancenet.com/images/photos/250x250/291563.jpg,active,"cologne,men,versace,set9,year-round,marine-aromatic-woody,stocksync-add-5img"
SET9-VRS-028-291563,Versace Dylan Blue Eau de Toilette - Eau de Toilette / Parfum 100ml,"<p><strong>Versace Dylan Blue Eau de Toilette - Eau de Toilette / Parfum 100ml</strong> by Versace is built for <strong>year-round</strong> wear with a marine aromatic woody profile.</p><p><strong>Fragrance notes:</strong> bergamot, grapefruit, fig leaf, violet leaf, musk.</p><p>This listing is optimized for third-party resellers: high-search designer profile, gift-friendly packaging, and repeat-order demand.</p><p><strong>Supplier links:</strong> <a href=""https://www.fragrancenet.com/search/?gsearch=Versace+Dylan+Blue+Eau+de+Toilette"">FragranceNet</a> | <a href=""https://www.fragrancex.com/search/search_results?search=Versace+Dylan+Blue+Eau+de+Toilette"">FragranceX</a> | <a href=""https://www.perfume.com/search?keyword=Versace+Dylan+Blue+Eau+de+Toilette"">Perfume.com</a></p>",95.00,121.60,30,https://cdn.fragrancenet.com/images/photos/900x900/291563.jpg,https://cdn.fragrancenet.com/images/photos/600x600/291563.jpg | https://cdn.fragrancenet.com/images/photos/500x500/291563.jpg | https://cdn.fragrancenet.com/images/photos/300x300/291563.jpg | https://cdn.fragrancenet.com/images/photos/250x250/291563.jpg,active,"cologne,men,versace,set9,year-round,marine-aromatic-woody,stocksync-add-5img"
SET9-VRS-029-291563,Versace Dylan Blue Eau de Toilette - Large Bottle 150ml,"<p><strong>Versace Dylan Blue Eau de Toilette - Large Bottle 150ml</strong> by Versace is built for <strong>year-round</strong> wear with a marine aromatic woody profile.</p><p><strong>Fragrance notes:</strong> bergamot, grapefruit, fig leaf, violet leaf, musk.</p><p>This listing is optimized for third-party resellers: high-search designer profile, gift-friendly packaging, and repeat-order demand.</p><p><strong>Supplier links:</strong> <a href=""https://www.fragrancenet.com/search/?gsearch=Versace+Dylan+Blue+Eau+de+Toilette"">FragranceNet</a> | <a href=""https://www.fragrancex.com/search/search_results?search=Versace+Dylan+Blue+Eau+de+Toilette"">FragranceX</a> | <a href=""https://www.perfume.com/search?keyword=Versace+Dylan+Blue+Eau+de+Toilette"">Perfume.com</a></p>",118.75,152.00,18,https://cdn.fragrancenet.com/images/photos/900x900/291563.jpg,https://cdn.fragrancenet.com/images/photos/600x600/291563.jpg | https://cdn.fragrancenet.com/images/photos/500x500/291563.jpg | https://cdn.fragrancenet.com/images/photos/300x300/291563.jpg | https://cdn.fragrancenet.com/images/photos/250x250/291563.jpg,active,"cologne,men,versace,set9,year-round,marine-aromatic-woody,stocksync-add-5img"
SET9-VRS-030-291563,Versace Dylan Blue Eau de Toilette - Gift Set,"<p><strong>Versace Dylan Blue Eau de Toilette - Gift Set</strong> by Versace is built for <strong>year-round</strong> wear with a marine aromatic woody profile.</p><p><strong>Fragrance notes:</strong> bergamot, grapefruit, fig leaf, violet leaf, musk.</p><p>This listing is optimized for third-party resellers: high-search designer profile, gift-friendly packaging, and repeat-order demand.</p><p><strong>Supplier links:</strong> <a href=""https://www.fragrancenet.com/search/?gsearch=Versace+Dylan+Blue+Eau+de+Toilette"">FragranceNet</a> | <a href=""https://www.fragrancex.com/search/search_results?search=Versace+Dylan+Blue+Eau+de+Toilette"">FragranceX</a> | <a href=""https://www.perfume.com/search?keyword=Versace+Dylan+Blue+Eau+de+Toilette"">Perfume.com</a></p>",112.10,143.49,14,https://cdn.fragrancenet.com/images/photos/900x900/291563.jpg,https://cdn.fragrancenet.com/images/photos/600x600/291563.jpg | https://cdn.fragrancenet.com/images/photos/500x500/291563.jpg | https://cdn.fragrancenet.com/images/photos/300x300/291563.jpg | https://cdn.fragrancenet.com/images/photos/250x250/291563.jpg,active,"cologne,men,versace,set9,year-round,marine-aromatic-woody,stocksync-add-5img"
SET9-VRS-031-159890,Versace Pour Homme Eau de Toilette - Travel Spray 10ml,"<p><strong>Versace Pour Homme Eau de Toilette - Travel Spray 10ml</strong> by Versace is built for <strong>summer</strong> wear with a clean citrus aromatic profile.</p><p><strong>Fragrance notes:</strong> lemon, bergamot, neroli, clary sage, musk.</p><p>This listing is optimized for third-party resellers: high-search designer profile, gift-friendly packaging, and repeat-order demand.</p><p><strong>Supplier links:</strong> <a href=""https://www.fragrancenet.com/search/?gsearch=Versace+Pour+Homme+Eau+de+Toilette"">FragranceNet</a> | <a href=""https://www.fragrancex.com/search/search_results?search=Versace+Pour+Homme+Eau+de+Toilette"">FragranceX</a> | <a href=""https://www.perfume.com/search?keyword=Versace+Pour+Homme+Eau+de+Toilette"">Perfume.com</a></p>",22.68,29.03,16,https://cdn.fragrancenet.com/images/photos/900x900/159890.jpg,https://cdn.fragrancenet.com/images/photos/600x600/159890.jpg | https://cdn.fragrancenet.com/images/photos/500x500/159890.jpg | https://cdn.fragrancenet.com/images/photos/300x300/159890.jpg | https://cdn.fragrancenet.com/images/photos/250x250/159890.jpg,active,"cologne,men,versace,set9,summer,clean-citrus-aromatic,stocksync-add-5img"
SET9-VRS-032-159890,Versace Pour Homme Eau de Toilette - Eau de Toilette / Parfum 50ml,"<p><strong>Versace Pour Homme Eau de Toilette - Eau de Toilette / Parfum 50ml</strong> by Versace is built for <strong>summer</strong> wear with a clean citrus aromatic profile.</p><p><strong>Fragrance notes:</strong> lemon, bergamot, neroli, clary sage, musk.</p><p>This listing is optimized for third-party resellers: high-search designer profile, gift-friendly packaging, and repeat-order demand.</p><p><strong>Supplier links:</strong> <a href=""https://www.fragrancenet.com/search/?gsearch=Versace+Pour+Homme+Eau+de+Toilette"">FragranceNet</a> | <a href=""https://www.fragrancex.com/search/search_results?search=Versace+Pour+Homme+Eau+de+Toilette"">FragranceX</a> | <a href=""https://www.perfume.com/search?keyword=Versace+Pour+Homme+Eau+de+Toilette"">Perfume.com</a></p>",60.75,77.76,22,https://cdn.fragrancenet.com/images/photos/900x900/159890.jpg,https://cdn.fragrancenet.com/images/photos/600x600/159890.jpg | https://cdn.fragrancenet.com/images/photos/500x500/159890.jpg | https://cdn.fragrancenet.com/images/photos/300x300/159890.jpg | https://cdn.fragrancenet.com/images/photos/250x250/159890.jpg,active,"cologne,men,versace,set9,summer,clean-citrus-aromatic,stocksync-add-5img"
SET9-VRS-033-159890,Versace Pour Homme Eau de Toilette - Eau de Toilette / Parfum 100ml,"<p><strong>Versace Pour Homme Eau de Toilette - Eau de Toilette / Parfum 100ml</strong> by Versace is built for <strong>summer</strong> wear with a clean citrus aromatic profile.</p><p><strong>Fragrance notes:</strong> lemon, bergamot, neroli, clary sage, musk.</p><p>This listing is optimized for third-party resellers: high-search designer profile, gift-friendly packaging, and repeat-order demand.</p><p><strong>Supplier links:</strong> <a href=""https://www.fragrancenet.com/search/?gsearch=Versace+Pour+Homme+Eau+de+Toilette"">FragranceNet</a> | <a href=""https://www.fragrancex.com/search/search_results?search=Versace+Pour+Homme+Eau+de+Toilette"">FragranceX</a> | <a href=""https://www.perfume.com/search?keyword=Versace+Pour+Homme+Eau+de+Toilette"">Perfume.com</a></p>",81.00,103.68,30,https://cdn.fragrancenet.com/images/photos/900x900/159890.jpg,https://cdn.fragrancenet.com/images/photos/600x600/159890.jpg | https://cdn.fragrancenet.com/images/photos/500x500/159890.jpg | https://cdn.fragrancenet.com/images/photos/300x300/159890.jpg | https://cdn.fragrancenet.com/images/photos/250x250/159890.jpg,active,"cologne,men,versace,set9,summer,clean-citrus-aromatic,stocksync-add-5img"
SET9-VRS-034-159890,Versace Pour Homme Eau de Toilette - Large Bottle 150ml,"<p><strong>Versace Pour Homme Eau de Toilette - Large Bottle 150ml</strong> by Versace is built for <strong>summer</strong> wear with a clean citrus aromatic profile.</p><p><strong>Fragrance notes:</strong> lemon, bergamot, neroli, clary sage, musk.</p><p>This listing is optimized for third-party resellers: high-search designer profile, gift-friendly packaging, and repeat-order demand.</p><p><strong>Supplier links:</strong> <a href=""https://www.fragrancenet.com/search/?gsearch=Versace+Pour+Homme+Eau+de+Toilette"">FragranceNet</a> | <a href=""https://www.fragrancex.com/search/search_results?search=Versace+Pour+Homme+Eau+de+Toilette"">FragranceX</a> | <a href=""https://www.perfume.com/search?keyword=Versace+Pour+Homme+Eau+de+Toilette"">Perfume.com</a></p>",101.25,129.60,18,https://cdn.fragrancenet.com/images/photos/900x900/159890.jpg,https://cdn.fragrancenet.com/images/photos/600x600/159890.jpg | https://cdn.fragrancenet.com/images/photos/500x500/159890.jpg | https://cdn.fragrancenet.com/images/photos/300x300/159890.jpg | https://cdn.fragrancenet.com/images/photos/250x250/159890.jpg,active,"cologne,men,versace,set9,summer,clean-citrus-aromatic,stocksync-add-5img"
SET9-VRS-035-159890,Versace Pour Homme Eau de Toilette - Gift Set,"<p><strong>Versace Pour Homme Eau de Toilette - Gift Set</strong> by Versace is built for <strong>summer</strong> wear with a clean citrus aromatic profile.</p><p><strong>Fragrance notes:</strong> lemon, bergamot, neroli, clary sage, musk.</p><p>This listing is optimized for third-party resellers: high-search designer profile, gift-friendly packaging, and repeat-order demand.</p><p><strong>Supplier links:</strong> <a href=""https://www.fragrancenet.com/search/?gsearch=Versace+Pour+Homme+Eau+de+Toilette"">FragranceNet</a> | <a href=""https://www.fragrancex.com/search/search_results?search=Versace+Pour+Homme+Eau+de+Toilette"">FragranceX</a> | <a href=""https://www.perfume.com/search?keyword=Versace+Pour+Homme+Eau+de+Toilette"">Perfume.com</a></p>",95.58,122.34,14,https://cdn.fragrancenet.com/images/photos/900x900/159890.jpg,https://cdn.fragrancenet.com/images/photos/600x600/159890.jpg | https://cdn.fragrancenet.com/images/photos/500x500/159890.jpg | https://cdn.fragrancenet.com/images/photos/300x300/159890.jpg | https://cdn.fragrancenet.com/images/photos/250x250/159890.jpg,active,"cologne,men,versace,set9,summer,clean-citrus-aromatic,stocksync-add-5img"
SET9-VRS-036-157245,Versace Man Eau Fraiche Eau de Toilette - Travel Spray 10ml,"<p><strong>Versace Man Eau Fraiche Eau de Toilette - Travel Spray 10ml</strong> by Versace is built for <strong>summer</strong> wear with a aquatic fresh citrus profile.</p><p><strong>Fragrance notes:</strong> bergamot, cardamom, brazilian rosewood, cedar, musk.</p><p>This listing is optimized for third-party resellers: high-search designer profile, gift-friendly packaging, and repeat-order demand.</p><p><strong>Supplier links:</strong> <a href=""https://www.fragrancenet.com/search/?gsearch=Versace+Man+Eau+Fraiche+Eau+de+Toilette"">FragranceNet</a> | <a href=""https://www.fragrancex.com/search/search_results?search=Versace+Man+Eau+Fraiche+Eau+de+Toilette"">FragranceX</a> | <a href=""https://www.perfume.com/search?keyword=Versace+Man+Eau+Fraiche+Eau+de+Toilette"">Perfume.com</a></p>",26.88,34.41,16,https://cdn.fragrancenet.com/images/photos/900x900/157245.jpg,https://cdn.fragrancenet.com/images/photos/600x600/157245.jpg | https://cdn.fragrancenet.com/images/photos/500x500/157245.jpg | https://cdn.fragrancenet.com/images/photos/300x300/157245.jpg | https://cdn.fragrancenet.com/images/photos/250x250/157245.jpg,active,"cologne,men,versace,set9,summer,aquatic-fresh-citrus,stocksync-add-5img"
SET9-VRS-037-157245,Versace Man Eau Fraiche Eau de Toilette - Eau de Toilette / Parfum 50ml,"<p><strong>Versace Man Eau Fraiche Eau de Toilette - Eau de Toilette / Parfum 50ml</strong> by Versace is built for <strong>summer</strong> wear with a aquatic fresh citrus profile.</p><p><strong>Fragrance notes:</strong> bergamot, cardamom, brazilian rosewood, cedar, musk.</p><p>This listing is optimized for third-party resellers: high-search designer profile, gift-friendly packaging, and repeat-order demand.</p><p><strong>Supplier links:</strong> <a href=""https://www.fragrancenet.com/search/?gsearch=Versace+Man+Eau+Fraiche+Eau+de+Toilette"">FragranceNet</a> | <a href=""https://www.fragrancex.com/search/search_results?search=Versace+Man+Eau+Fraiche+Eau+de+Toilette"">FragranceX</a> | <a href=""https://www.perfume.com/search?keyword=Versace+Man+Eau+Fraiche+Eau+de+Toilette"">Perfume.com</a></p>",72.00,92.16,22,https://cdn.fragrancenet.com/images/photos/900x900/157245.jpg,https://cdn.fragrancenet.com/images/photos/600x600/157245.jpg | https://cdn.fragrancenet.com/images/photos/500x500/157245.jpg | https://cdn.fragrancenet.com/images/photos/300x300/157245.jpg | https://cdn.fragrancenet.com/images/photos/250x250/157245.jpg,active,"cologne,men,versace,set9,summer,aquatic-fresh-citrus,stocksync-add-5img"
SET9-VRS-038-157245,Versace Man Eau Fraiche Eau de Toilette - Eau de Toilette / Parfum 100ml,"<p><strong>Versace Man Eau Fraiche Eau de Toilette - Eau de Toilette / Parfum 100ml</strong> by Versace is built for <strong>summer</strong> wear with a aquatic fresh citrus profile.</p><p><strong>Fragrance notes:</strong> bergamot, cardamom, brazilian rosewood, cedar, musk.</p><p>This listing is optimized for third-party resellers: high-search designer profile, gift-friendly packaging, and repeat-order demand.</p><p><strong>Supplier links:</strong> <a href=""https://www.fragrancenet.com/search/?gsearch=Versace+Man+Eau+Fraiche+Eau+de+Toilette"">FragranceNet</a> | <a href=""https://www.fragrancex.com/search/search_results?search=Versace+Man+Eau+Fraiche+Eau+de+Toilette"">FragranceX</a> | <a href=""https://www.perfume.com/search?keyword=Versace+Man+Eau+Fraiche+Eau+de+Toilette"">Perfume.com</a></p>",96.00,122.88,30,https://cdn.fragrancenet.com/images/photos/900x900/157245.jpg,https://cdn.fragrancenet.com/images/photos/600x600/157245.jpg | https://cdn.fragrancenet.com/images/photos/500x500/157245.jpg | https://cdn.fragrancenet.com/images/photos/300x300/157245.jpg | https://cdn.fragrancenet.com/images/photos/250x250/157245.jpg,active,"cologne,men,versace,set9,summer,aquatic-fresh-citrus,stocksync-add-5img"
SET9-VRS-039-157245,Versace Man Eau Fraiche Eau de Toilette - Large Bottle 150ml,"<p><strong>Versace Man Eau Fraiche Eau de Toilette - Large Bottle 150ml</strong> by Versace is built for <strong>summer</strong> wear with a aquatic fresh citrus profile.</p><p><strong>Fragrance notes:</strong> bergamot, cardamom, brazilian rosewood, cedar, musk.</p><p>This listing is optimized for third-party resellers: high-search designer profile, gift-friendly packaging, and repeat-order demand.</p><p><strong>Supplier links:</strong> <a href=""https://www.fragrancenet.com/search/?gsearch=Versace+Man+Eau+Fraiche+Eau+de+Toilette"">FragranceNet</a> | <a href=""https://www.fragrancex.com/search/search_results?search=Versace+Man+Eau+Fraiche+Eau+de+Toilette"">FragranceX</a> | <a href=""https://www.perfume.com/search?keyword=Versace+Man+Eau+Fraiche+Eau+de+Toilette"">Perfume.com</a></p>",120.00,153.60,18,https://cdn.fragrancenet.com/images/photos/900x900/157245.jpg,https://cdn.fragrancenet.com/images/photos/600x600/157245.jpg | https://cdn.fragrancenet.com/images/photos/500x500/157245.jpg | https://cdn.fragrancenet.com/images/photos/300x300/157245.jpg | https://cdn.fragrancenet.com/images/photos/250x250/157245.jpg,active,"cologne,men,versace,set9,summer,aquatic-fresh-citrus,stocksync-add-5img"
SET9-VRS-040-157245,Versace Man Eau Fraiche Eau de Toilette - Gift Set,"<p><strong>Versace Man Eau Fraiche Eau de Toilette - Gift Set</strong> by Versace is built for <strong>summer</strong> wear with a aquatic fresh citrus profile.</p><p><strong>Fragrance notes:</strong> bergamot, cardamom, brazilian rosewood, cedar, musk.</p><p>This listing is optimized for third-party resellers: high-search designer profile, gift-friendly packaging, and repeat-order demand.</p><p><strong>Supplier links:</strong> <a href=""https://www.fragrancenet.com/search/?gsearch=Versace+Man+Eau+Fraiche+Eau+de+Toilette"">FragranceNet</a> | <a href=""https://www.fragrancex.com/search/search_results?search=Versace+Man+Eau+Fraiche+Eau+de+Toilette"">FragranceX</a> | <a href=""https://www.perfume.com/search?keyword=Versace+Man+Eau+Fraiche+Eau+de+Toilette"">Perfume.com</a></p>",113.28,145.00,14,https://cdn.fragrancenet.com/images/photos/900x900/157245.jpg,https://cdn.fragrancenet.com/images/photos/600x600/157245.jpg | https://cdn.fragrancenet.com/images/photos/500x500/157245.jpg | https://cdn.fragrancenet.com/images/photos/300x300/157245.jpg | https://cdn.fragrancenet.com/images/photos/250x250/157245.jpg,active,"cologne,men,versace,set9,summer,aquatic-fresh-citrus,stocksync-add-5img"
SET9-VRS-041-237817,Versace Oud Noir Eau de Parfum - Travel Spray 10ml,"<p><strong>Versace Oud Noir Eau de Parfum - Travel Spray 10ml</strong> by Versace is built for <strong>winter</strong> wear with a dark oud oriental profile.</p><p><strong>Fragrance notes:</strong> agarwood, spices, leather, oriental woods.</p><p>This listing is optimized for third-party resellers: high-search designer profile, gift-friendly packaging, and repeat-order demand.</p><p><strong>Supplier links:</strong> <a href=""https://www.fragrancenet.com/search/?gsearch=Versace+Oud+Noir+Eau+de+Parfum"">FragranceNet</a> | <a href=""https://www.fragrancex.com/search/search_results?search=Versace+Oud+Noir+Eau+de+Parfum"">FragranceX</a> | <a href=""https://www.perfume.com/search?keyword=Versace+Oud+Noir+Eau+de+Parfum"">Perfume.com</a></p>",33.60,43.01,16,https://cdn.fragrancenet.com/images/photos/900x900/237817.jpg,https://cdn.fragrancenet.com/images/photos/600x600/237817.jpg | https://cdn.fragrancenet.com/images/photos/500x500/237817.jpg | https://cdn.fragrancenet.com/images/photos/300x300/237817.jpg | https://cdn.fragrancenet.com/images/photos/250x250/237817.jpg,active,"cologne,men,versace,set9,winter,dark-oud-oriental,stocksync-add-5img"
SET9-VRS-042-237817,Versace Oud Noir Eau de Parfum - Eau de Toilette / Parfum 50ml,"<p><strong>Versace Oud Noir Eau de Parfum - Eau de Toilette / Parfum 50ml</strong> by Versace is built for <strong>winter</strong> wear with a dark oud oriental profile.</p><p><strong>Fragrance notes:</strong> agarwood, spices, leather, oriental woods.</p><p>This listing is optimized for third-party resellers: high-search designer profile, gift-friendly packaging, and repeat-order demand.</p><p><strong>Supplier links:</strong> <a href=""https://www.fragrancenet.com/search/?gsearch=Versace+Oud+Noir+Eau+de+Parfum"">FragranceNet</a> | <a href=""https://www.fragrancex.com/search/search_results?search=Versace+Oud+Noir+Eau+de+Parfum"">FragranceX</a> | <a href=""https://www.perfume.com/search?keyword=Versace+Oud+Noir+Eau+de+Parfum"">Perfume.com</a></p>",90.00,115.20,22,https://cdn.fragrancenet.com/images/photos/900x900/237817.jpg,https://cdn.fragrancenet.com/images/photos/600x600/237817.jpg | https://cdn.fragrancenet.com/images/photos/500x500/237817.jpg | https://cdn.fragrancenet.com/images/photos/300x300/237817.jpg | https://cdn.fragrancenet.com/images/photos/250x250/237817.jpg,active,"cologne,men,versace,set9,winter,dark-oud-oriental,stocksync-add-5img"
SET9-VRS-043-237817,Versace Oud Noir Eau de Parfum - Eau de Toilette / Parfum 100ml,"<p><strong>Versace Oud Noir Eau de Parfum - Eau de Toilette / Parfum 100ml</strong> by Versace is built for <strong>winter</strong> wear with a dark oud oriental profile.</p><p><strong>Fragrance notes:</strong> agarwood, spices, leather, oriental woods.</p><p>This listing is optimized for third-party resellers: high-search designer profile, gift-friendly packaging, and repeat-order demand.</p><p><strong>Supplier links:</strong> <a href=""https://www.fragrancenet.com/search/?gsearch=Versace+Oud+Noir+Eau+de+Parfum"">FragranceNet</a> | <a href=""https://www.fragrancex.com/search/search_results?search=Versace+Oud+Noir+Eau+de+Parfum"">FragranceX</a> | <a href=""https://www.perfume.com/search?keyword=Versace+Oud+Noir+Eau+de+Parfum"">Perfume.com</a></p>",120.00,153.60,30,https://cdn.fragrancenet.com/images/photos/900x900/237817.jpg,https://cdn.fragrancenet.com/images/photos/600x600/237817.jpg | https://cdn.fragrancenet.com/images/photos/500x500/237817.jpg | https://cdn.fragrancenet.com/images/photos/300x300/237817.jpg | https://cdn.fragrancenet.com/images/photos/250x250/237817.jpg,active,"cologne,men,versace,set9,winter,dark-oud-oriental,stocksync-add-5img"
SET9-VRS-044-237817,Versace Oud Noir Eau de Parfum - Large Bottle 150ml,"<p><strong>Versace Oud Noir Eau de Parfum - Large Bottle 150ml</strong> by Versace is built for <strong>winter</strong> wear with a dark oud oriental profile.</p><p><strong>Fragrance notes:</strong> agarwood, spices, leather, oriental woods.</p><p>This listing is optimized for third-party resellers: high-search designer profile, gift-friendly packaging, and repeat-order demand.</p><p><strong>Supplier links:</strong> <a href=""https://www.fragrancenet.com/search/?gsearch=Versace+Oud+Noir+Eau+de+Parfum"">FragranceNet</a> | <a href=""https://www.fragrancex.com/search/search_results?search=Versace+Oud+Noir+Eau+de+Parfum"">FragranceX</a> | <a href=""https://www.perfume.com/search?keyword=Versace+Oud+Noir+Eau+de+Parfum"">Perfume.com</a></p>",150.00,192.00,18,https://cdn.fragrancenet.com/images/photos/900x900/237817.jpg,https://cdn.fragrancenet.com/images/photos/600x600/237817.jpg | https://cdn.fragrancenet.com/images/photos/500x500/237817.jpg | https://cdn.fragrancenet.com/images/photos/300x300/237817.jpg | https://cdn.fragrancenet.com/images/photos/250x250/237817.jpg,active,"cologne,men,versace,set9,winter,dark-oud-oriental,stocksync-add-5img"
SET9-VRS-045-237817,Versace Oud Noir Eau de Parfum - Gift Set,"<p><strong>Versace Oud Noir Eau de Parfum - Gift Set</strong> by Versace is built for <strong>winter</strong> wear with a dark oud oriental profile.</p><p><strong>Fragrance notes:</strong> agarwood, spices, leather, oriental woods.</p><p>This listing is optimized for third-party resellers: high-search designer profile, gift-friendly packaging, and repeat-order demand.</p><p><strong>Supplier links:</strong> <a href=""https://www.fragrancenet.com/search/?gsearch=Versace+Oud+Noir+Eau+de+Parfum"">FragranceNet</a> | <a href=""https://www.fragrancex.com/search/search_results?search=Versace+Oud+Noir+Eau+de+Parfum"">FragranceX</a> | <a href=""https://www.perfume.com/search?keyword=Versace+Oud+Noir+Eau+de+Parfum"">Perfume.com</a></p>",141.60,181.25,14,https://cdn.fragrancenet.com/images/photos/900x900/237817.jpg,https://cdn.fragrancenet.com/images/photos/600x600/237817.jpg | https://cdn.fragrancenet.com/images/photos/500x500/237817.jpg | https://cdn.fragrancenet.com/images/photos/300x300/237817.jpg | https://cdn.fragrancenet.com/images/photos/250x250/237817.jpg,active,"cologne,men,versace,set9,winter,dark-oud-oriental,stocksync-add-5img"
SET9-VRS-046-174784,Versace L'Homme Eau de Toilette - Travel Spray 10ml,"<p><strong>Versace L'Homme Eau de Toilette - Travel Spray 10ml</strong> by Versace is built for <strong>year-round</strong> wear with a vintage spicy leather profile.</p><p><strong>Fragrance notes:</strong> lemon, basil, patchouli, oakmoss, leather.</p><p>This listing is optimized for third-party resellers: high-search designer profile, gift-friendly packaging, and repeat-order demand.</p><p><strong>Supplier links:</strong> <a href=""https://www.fragrancenet.com/search/?gsearch=Versace+L%27Homme+Eau+de+Toilette"">FragranceNet</a> | <a href=""https://www.fragrancex.com/search/search_results?search=Versace+L%27Homme+Eau+de+Toilette"">FragranceX</a> | <a href=""https://www.perfume.com/search?keyword=Versace+L%27Homme+Eau+de+Toilette"">Perfume.com</a></p>",19.60,25.09,16,https://cdn.fragrancenet.com/images/photos/900x900/174784.jpg,https://cdn.fragrancenet.com/images/photos/600x600/174784.jpg | https://cdn.fragrancenet.com/images/photos/500x500/174784.jpg | https://cdn.fragrancenet.com/images/photos/300x300/174784.jpg | https://cdn.fragrancenet.com/images/photos/250x250/174784.jpg,active,"cologne,men,versace,set9,year-round,vintage-spicy-leather,stocksync-add-5img"
SET9-VRS-047-174784,Versace L'Homme Eau de Toilette - Eau de Toilette / Parfum 50ml,"<p><strong>Versace L'Homme Eau de Toilette - Eau de Toilette / Parfum 50ml</strong> by Versace is built for <strong>year-round</strong> wear with a vintage spicy leather profile.</p><p><strong>Fragrance notes:</strong> lemon, basil, patchouli, oakmoss, leather.</p><p>This listing is optimized for third-party resellers: high-search designer profile, gift-friendly packaging, and repeat-order demand.</p><p><strong>Supplier links:</strong> <a href=""https://www.fragrancenet.com/search/?gsearch=Versace+L%27Homme+Eau+de+Toilette"">FragranceNet</a> | <a href=""https://www.fragrancex.com/search/search_results?search=Versace+L%27Homme+Eau+de+Toilette"">FragranceX</a> | <a href=""https://www.perfume.com/search?keyword=Versace+L%27Homme+Eau+de+Toilette"">Perfume.com</a></p>",52.50,67.20,22,https://cdn.fragrancenet.com/images/photos/900x900/174784.jpg,https://cdn.fragrancenet.com/images/photos/600x600/174784.jpg | https://cdn.fragrancenet.com/images/photos/500x500/174784.jpg | https://cdn.fragrancenet.com/images/photos/300x300/174784.jpg | https://cdn.fragrancenet.com/images/photos/250x250/174784.jpg,active,"cologne,men,versace,set9,year-round,vintage-spicy-leather,stocksync-add-5img"
SET9-VRS-048-174784,Versace L'Homme Eau de Toilette - Eau de Toilette / Parfum 100ml,"<p><strong>Versace L'Homme Eau de Toilette - Eau de Toilette / Parfum 100ml</strong> by Versace is built for <strong>year-round</strong> wear with a vintage spicy leather profile.</p><p><strong>Fragrance notes:</strong> lemon, basil, patchouli, oakmoss, leather.</p><p>This listing is optimized for third-party resellers: high-search designer profile, gift-friendly packaging, and repeat-order demand.</p><p><strong>Supplier links:</strong> <a href=""https://www.fragrancenet.com/search/?gsearch=Versace+L%27Homme+Eau+de+Toilette"">FragranceNet</a> | <a href=""https://www.fragrancex.com/search/search_results?search=Versace+L%27Homme+Eau+de+Toilette"">FragranceX</a> | <a href=""https://www.perfume.com/search?keyword=Versace+L%27Homme+Eau+de+Toilette"">Perfume.com</a></p>",70.00,89.60,30,https://cdn.fragrancenet.com/images/photos/900x900/174784.jpg,https://cdn.fragrancenet.com/images/photos/600x600/174784.jpg | https://cdn.fragrancenet.com/images/photos/500x500/174784.jpg | https://cdn.fragrancenet.com/images/photos/300x300/174784.jpg | https://cdn.fragrancenet.com/images/photos/250x250/174784.jpg,active,"cologne,men,versace,set9,year-round,vintage-spicy-leather,stocksync-add-5img"
SET9-VRS-049-174784,Versace L'Homme Eau de Toilette - Large Bottle 150ml,"<p><strong>Versace L'Homme Eau de Toilette - Large Bottle 150ml</strong> by Versace is built for <strong>year-round</strong> wear with a vintage spicy leather profile.</p><p><strong>Fragrance notes:</strong> lemon, basil, patchouli, oakmoss, leather.</p><p>This listing is optimized for third-party resellers: high-search designer profile, gift-friendly packaging, and repeat-order demand.</p><p><strong>Supplier links:</strong> <a href=""https://www.fragrancenet.com/search/?gsearch=Versace+L%27Homme+Eau+de+Toilette"">FragranceNet</a> | <a href=""https://www.fragrancex.com/search/search_results?search=Versace+L%27Homme+Eau+de+Toilette"">FragranceX</a> | <a href=""https://www.perfume.com/search?keyword=Versace+L%27Homme+Eau+de+Toilette"">Perfume.com</a></p>",87.50,112.00,18,https://cdn.fragrancenet.com/images/photos/900x900/174784.jpg,https://cdn.fragrancenet.com/images/photos/600x600/174784.jpg | https://cdn.fragrancenet.com/images/photos/500x500/174784.jpg | https://cdn.fragrancenet.com/images/photos/300x300/174784.jpg | https://cdn.fragrancenet.com/images/photos/250x250/174784.jpg,active,"cologne,men,versace,set9,year-round,vintage-spicy-leather,stocksync-add-5img"
SET9-VRS-050-174784,Versace L'Homme Eau de Toilette - Gift Set,"<p><strong>Versace L'Homme Eau de Toilette - Gift Set</strong> by Versace is built for <strong>year-round</strong> wear with a vintage spicy leather profile.</p><p><strong>Fragrance notes:</strong> lemon, basil, patchouli, oakmoss, leather.</p><p>This listing is optimized for third-party resellers: high-search designer profile, gift-friendly packaging, and repeat-order demand.</p><p><strong>Supplier links:</strong> <a href=""https://www.fragrancenet.com/search/?gsearch=Versace+L%27Homme+Eau+de+Toilette"">FragranceNet</a> | <a href=""https://www.fragrancex.com/search/search_results?search=Versace+L%27Homme+Eau+de+Toilette"">FragranceX</a> | <a href=""https://www.perfume.com/search?keyword=Versace+L%27Homme+Eau+de+Toilette"">Perfume.com</a></p>",82.60,105.73,14,https://cdn.fragrancenet.com/images/photos/900x900/174784.jpg,https://cdn.fragrancenet.com/images/photos/600x600/174784.jpg | https://cdn.fragrancenet.com/images/photos/500x500/174784.jpg | https://cdn.fragrancenet.com/images/photos/300x300/174784.jpg | https://cdn.fragrancenet.com/images/photos/250x250/174784.jpg,active,"cologne,men,versace,set9,year-round,vintage-spicy-leather,stocksync-add-5img"
SET9-VRS-051-118108,Versace Blue Jeans Eau de Toilette - Travel Spray 10ml,"<p><strong>Versace Blue Jeans Eau de Toilette - Travel Spray 10ml</strong> by Versace is built for <strong>summer</strong> wear with a citrus lavender casual profile.</p><p><strong>Fragrance notes:</strong> bergamot, lavender, rosewood, vanilla, sandalwood.</p><p>This listing is optimized for third-party resellers: high-search designer profile, gift-friendly packaging, and repeat-order demand.</p><p><strong>Supplier links:</strong> <a href=""https://www.fragrancenet.com/search/?gsearch=Versace+Blue+Jeans+Eau+de+Toilette"">FragranceNet</a> | <a href=""https://www.fragrancex.com/search/search_results?search=Versace+Blue+Jeans+Eau+de+Toilette"">FragranceX</a> | <a href=""https://www.perfume.com/search?keyword=Versace+Blue+Jeans+Eau+de+Toilette"">Perfume.com</a></p>",15.96,20.43,16,https://cdn.fragrancenet.com/images/photos/900x900/118108.jpg,https://cdn.fragrancenet.com/images/photos/600x600/118108.jpg | https://cdn.fragrancenet.com/images/photos/500x500/118108.jpg | https://cdn.fragrancenet.com/images/photos/300x300/118108.jpg | https://cdn.fragrancenet.com/images/photos/250x250/118108.jpg,active,"cologne,men,versace,set9,summer,citrus-lavender-casual,stocksync-add-5img"
SET9-VRS-052-118108,Versace Blue Jeans Eau de Toilette - Eau de Toilette / Parfum 50ml,"<p><strong>Versace Blue Jeans Eau de Toilette - Eau de Toilette / Parfum 50ml</strong> by Versace is built for <strong>summer</strong> wear with a citrus lavender casual profile.</p><p><strong>Fragrance notes:</strong> bergamot, lavender, rosewood, vanilla, sandalwood.</p><p>This listing is optimized for third-party resellers: high-search designer profile, gift-friendly packaging, and repeat-order demand.</p><p><strong>Supplier links:</strong> <a href=""https://www.fragrancenet.com/search/?gsearch=Versace+Blue+Jeans+Eau+de+Toilette"">FragranceNet</a> | <a href=""https://www.fragrancex.com/search/search_results?search=Versace+Blue+Jeans+Eau+de+Toilette"">FragranceX</a> | <a href=""https://www.perfume.com/search?keyword=Versace+Blue+Jeans+Eau+de+Toilette"">Perfume.com</a></p>",42.75,54.72,22,https://cdn.fragrancenet.com/images/photos/900x900/118108.jpg,https://cdn.fragrancenet.com/images/photos/600x600/118108.jpg | https://cdn.fragrancenet.com/images/photos/500x500/118108.jpg | https://cdn.fragrancenet.com/images/photos/300x300/118108.jpg | https://cdn.fragrancenet.com/images/photos/250x250/118108.jpg,active,"cologne,men,versace,set9,summer,citrus-lavender-casual,stocksync-add-5img"
SET9-VRS-053-118108,Versace Blue Jeans Eau de Toilette - Eau de Toilette / Parfum 100ml,"<p><strong>Versace Blue Jeans Eau de Toilette - Eau de Toilette / Parfum 100ml</strong> by Versace is built for <strong>summer</strong> wear with a citrus lavender casual profile.</p><p><strong>Fragrance notes:</strong> bergamot, lavender, rosewood, vanilla, sandalwood.</p><p>This listing is optimized for third-party resellers: high-search designer profile, gift-friendly packaging, and repeat-order demand.</p><p><strong>Supplier links:</strong> <a href=""https://www.fragrancenet.com/search/?gsearch=Versace+Blue+Jeans+Eau+de+Toilette"">FragranceNet</a> | <a href=""https://www.fragrancex.com/search/search_results?search=Versace+Blue+Jeans+Eau+de+Toilette"">FragranceX</a> | <a href=""https://www.perfume.com/search?keyword=Versace+Blue+Jeans+Eau+de+Toilette"">Perfume.com</a></p>",57.00,72.96,30,https://cdn.fragrancenet.com/images/photos/900x900/118108.jpg,https://cdn.fragrancenet.com/images/photos/600x600/118108.jpg | https://cdn.fragrancenet.com/images/photos/500x500/118108.jpg | https://cdn.fragrancenet.com/images/photos/300x300/118108.jpg | https://cdn.fragrancenet.com/images/photos/250x250/118108.jpg,active,"cologne,men,versace,set9,summer,citrus-lavender-casual,stocksync-add-5img"
SET9-VRS-054-118108,Versace Blue Jeans Eau de Toilette - Large Bottle 150ml,"<p><strong>Versace Blue Jeans Eau de Toilette - Large Bottle 150ml</strong> by Versace is built for <strong>summer</strong> wear with a citrus lavender casual profile.</p><p><strong>Fragrance notes:</strong> bergamot, lavender, rosewood, vanilla, sandalwood.</p><p>This listing is optimized for third-party resellers: high-search designer profile, gift-friendly packaging, and repeat-order demand.</p><p><strong>Supplier links:</strong> <a href=""https://www.fragrancenet.com/search/?gsearch=Versace+Blue+Jeans+Eau+de+Toilette"">FragranceNet</a> | <a href=""https://www.fragrancex.com/search/search_results?search=Versace+Blue+Jeans+Eau+de+Toilette"">FragranceX</a> | <a href=""https://www.perfume.com/search?keyword=Versace+Blue+Jeans+Eau+de+Toilette"">Perfume.com</a></p>",71.25,91.20,18,https://cdn.fragrancenet.com/images/photos/900x900/118108.jpg,https://cdn.fragrancenet.com/images/photos/600x600/118108.jpg | https://cdn.fragrancenet.com/images/photos/500x500/118108.jpg | https://cdn.fragrancenet.com/images/photos/300x300/118108.jpg | https://cdn.fragrancenet.com/images/photos/250x250/118108.jpg,active,"cologne,men,versace,set9,summer,citrus-lavender-casual,stocksync-add-5img"
SET9-VRS-055-118108,Versace Blue Jeans Eau de Toilette - Gift Set,"<p><strong>Versace Blue Jeans Eau de Toilette - Gift Set</strong> by Versace is built for <strong>summer</strong> wear with a citrus lavender casual profile.</p><p><strong>Fragrance notes:</strong> bergamot, lavender, rosewood, vanilla, sandalwood.</p><p>This listing is optimized for third-party resellers: high-search designer profile, gift-friendly packaging, and repeat-order demand.</p><p><strong>Supplier links:</strong> <a href=""https://www.fragrancenet.com/search/?gsearch=Versace+Blue+Jeans+Eau+de+Toilette"">FragranceNet</a> | <a href=""https://www.fragrancex.com/search/search_results?search=Versace+Blue+Jeans+Eau+de+Toilette"">FragranceX</a> | <a href=""https://www.perfume.com/search?keyword=Versace+Blue+Jeans+Eau+de+Toilette"">Perfume.com</a></p>",67.26,86.09,14,https://cdn.fragrancenet.com/images/photos/900x900/118108.jpg,https://cdn.fragrancenet.com/images/photos/600x600/118108.jpg | https://cdn.fragrancenet.com/images/photos/500x500/118108.jpg | https://cdn.fragrancenet.com/images/photos/300x300/118108.jpg | https://cdn.fragrancenet.com/images/photos/250x250/118108.jpg,active,"cologne,men,versace,set9,summer,citrus-lavender-casual,stocksync-add-5img"
SET9-VRS-056-122041,Versace Dreamer Eau de Toilette - Travel Spray 10ml,"<p><strong>Versace Dreamer Eau de Toilette - Travel Spray 10ml</strong> by Versace is built for <strong>year-round</strong> wear with a soft tobacco aromatic profile.</p><p><strong>Fragrance notes:</strong> mandarin, lavender, tobacco, cedar, tonka bean.</p><p>This listing is optimized for third-party resellers: high-search designer profile, gift-friendly packaging, and repeat-order demand.</p><p><strong>Supplier links:</strong> <a href=""https://www.fragrancenet.com/search/?gsearch=Versace+Dreamer+Eau+de+Toilette"">FragranceNet</a> | <a href=""https://www.fragrancex.com/search/search_results?search=Versace+Dreamer+Eau+de+Toilette"">FragranceX</a> | <a href=""https://www.perfume.com/search?keyword=Versace+Dreamer+Eau+de+Toilette"">Perfume.com</a></p>",15.96,20.43,16,https://cdn.fragrancenet.com/images/photos/900x900/122041.jpg,https://cdn.fragrancenet.com/images/photos/600x600/122041.jpg | https://cdn.fragrancenet.com/images/photos/500x500/122041.jpg | https://cdn.fragrancenet.com/images/photos/300x300/122041.jpg | https://cdn.fragrancenet.com/images/photos/250x250/122041.jpg,active,"cologne,men,versace,set9,year-round,soft-tobacco-aromatic,stocksync-add-5img"
SET9-VRS-057-122041,Versace Dreamer Eau de Toilette - Eau de Toilette / Parfum 50ml,"<p><strong>Versace Dreamer Eau de Toilette - Eau de Toilette / Parfum 50ml</strong> by Versace is built for <strong>year-round</strong> wear with a soft tobacco aromatic profile.</p><p><strong>Fragrance notes:</strong> mandarin, lavender, tobacco, cedar, tonka bean.</p><p>This listing is optimized for third-party resellers: high-search designer profile, gift-friendly packaging, and repeat-order demand.</p><p><strong>Supplier links:</strong> <a href=""https://www.fragrancenet.com/search/?gsearch=Versace+Dreamer+Eau+de+Toilette"">FragranceNet</a> | <a href=""https://www.fragrancex.com/search/search_results?search=Versace+Dreamer+Eau+de+Toilette"">FragranceX</a> | <a href=""https://www.perfume.com/search?keyword=Versace+Dreamer+Eau+de+Toilette"">Perfume.com</a></p>",42.75,54.72,22,https://cdn.fragrancenet.com/images/photos/900x900/122041.jpg,https://cdn.fragrancenet.com/images/photos/600x600/122041.jpg | https://cdn.fragrancenet.com/images/photos/500x500/122041.jpg | https://cdn.fragrancenet.com/images/photos/300x300/122041.jpg | https://cdn.fragrancenet.com/images/photos/250x250/122041.jpg,active,"cologne,men,versace,set9,year-round,soft-tobacco-aromatic,stocksync-add-5img"
SET9-VRS-058-122041,Versace Dreamer Eau de Toilette - Eau de Toilette / Parfum 100ml,"<p><strong>Versace Dreamer Eau de Toilette - Eau de Toilette / Parfum 100ml</strong> by Versace is built for <strong>year-round</strong> wear with a soft tobacco aromatic profile.</p><p><strong>Fragrance notes:</strong> mandarin, lavender, tobacco, cedar, tonka bean.</p><p>This listing is optimized for third-party resellers: high-search designer profile, gift-friendly packaging, and repeat-order demand.</p><p><strong>Supplier links:</strong> <a href=""https://www.fragrancenet.com/search/?gsearch=Versace+Dreamer+Eau+de+Toilette"">FragranceNet</a> | <a href=""https://www.fragrancex.com/search/search_results?search=Versace+Dreamer+Eau+de+Toilette"">FragranceX</a> | <a href=""https://www.perfume.com/search?keyword=Versace+Dreamer+Eau+de+Toilette"">Perfume.com</a></p>",57.00,72.96,30,https://cdn.fragrancenet.com/images/photos/900x900/122041.jpg,https://cdn.fragrancenet.com/images/photos/600x600/122041.jpg | https://cdn.fragrancenet.com/images/photos/500x500/122041.jpg | https://cdn.fragrancenet.com/images/photos/300x300/122041.jpg | https://cdn.fragrancenet.com/images/photos/250x250/122041.jpg,active,"cologne,men,versace,set9,year-round,soft-tobacco-aromatic,stocksync-add-5img"
SET9-VRS-059-122041,Versace Dreamer Eau de Toilette - Large Bottle 150ml,"<p><strong>Versace Dreamer Eau de Toilette - Large Bottle 150ml</strong> by Versace is built for <strong>year-round</strong> wear with a soft tobacco aromatic profile.</p><p><strong>Fragrance notes:</strong> mandarin, lavender, tobacco, cedar, tonka bean.</p><p>This listing is optimized for third-party resellers: high-search designer profile, gift-friendly packaging, and repeat-order demand.</p><p><strong>Supplier links:</strong> <a href=""https://www.fragrancenet.com/search/?gsearch=Versace+Dreamer+Eau+de+Toilette"">FragranceNet</a> | <a href=""https://www.fragrancex.com/search/search_results?search=Versace+Dreamer+Eau+de+Toilette"">FragranceX</a> | <a href=""https://www.perfume.com/search?keyword=Versace+Dreamer+Eau+de+Toilette"">Perfume.com</a></p>",71.25,91.20,18,https://cdn.fragrancenet.com/images/photos/900x900/122041.jpg,https://cdn.fragrancenet.com/images/photos/600x600/122041.jpg | https://cdn.fragrancenet.com/images/photos/500x500/122041.jpg | https://cdn.fragrancenet.com/images/photos/300x300/122041.jpg | https://cdn.fragrancenet.com/images/photos/250x250/122041.jpg,active,"cologne,men,versace,set9,year-round,soft-tobacco-aromatic,stocksync-add-5img"
SET9-VRS-060-122041,Versace Dreamer Eau de Toilette - Gift Set,"<p><strong>Versace Dreamer Eau de Toilette - Gift Set</strong> by Versace is built for <strong>year-round</strong> wear with a soft tobacco aromatic profile.</p><p><strong>Fragrance notes:</strong> mandarin, lavender, tobacco, cedar, tonka bean.</p><p>This listing is optimized for third-party resellers: high-search designer profile, gift-friendly packaging, and repeat-order demand.</p><p><strong>Supplier links:</strong> <a href=""https://www.fragrancenet.com/search/?gsearch=Versace+Dreamer+Eau+de+Toilette"">FragranceNet</a> | <a href=""https://www.fragrancex.com/search/search_results?search=Versace+Dreamer+Eau+de+Toilette"">FragranceX</a> | <a href=""https://www.perfume.com/search?keyword=Versace+Dreamer+Eau+de+Toilette"">Perfume.com</a></p>",67.26,86.09,14,https://cdn.fragrancenet.com/images/photos/900x900/122041.jpg,https://cdn.fragrancenet.com/images/photos/600x600/122041.jpg | https://cdn.fragrancenet.com/images/photos/500x500/122041.jpg | https://cdn.fragrancenet.com/images/photos/300x300/122041.jpg | https://cdn.fragrancenet.com/images/photos/250x250/122041.jpg,active,"cologne,men,versace,set9,year-round,soft-tobacco-aromatic,stocksync-add-5img"
SET9-VLT-061-252897,Valentino Uomo Eau de Toilette - Travel Spray 10ml,"<p><strong>Valentino Uomo Eau de Toilette - Travel Spray 10ml</strong> by Valentino is built for <strong>year-round</strong> wear with a sweet leather gourmand profile.</p><p><strong>Fragrance notes:</strong> bergamot, hazelnut, chocolate, coffee bean, cedar.</p><p>This listing is optimized for third-party resellers: high-search designer profile, gift-friendly packaging, and repeat-order demand.</p><p><strong>Supplier links:</strong> <a href=""https://www.fragrancenet.com/search/?gsearch=Valentino+Uomo+Eau+de+Toilette"">FragranceNet</a> | <a href=""https://www.fragrancex.com/search/search_results?search=Valentino+Uomo+Eau+de+Toilette"">FragranceX</a> | <a href=""https://www.perfume.com/search?keyword=Valentino+Uomo+Eau+de+Toilette"">Perfume.com</a></p>",34.50,44.85,15,https://cdn.fragrancenet.com/images/photos/900x900/252897.jpg,https://cdn.fragrancenet.com/images/photos/600x600/252897.jpg | https://cdn.fragrancenet.com/images/photos/500x500/252897.jpg | https://cdn.fragrancenet.com/images/photos/300x300/252897.jpg | https://cdn.fragrancenet.com/images/photos/250x250/252897.jpg,active,"cologne,men,valentino,set9,year-round,sweet-leather-gourmand,stocksync-add-5img"
SET9-VLT-062-252897,Valentino Uomo Eau de Toilette - Bottle 50ml,"<p><strong>Valentino Uomo Eau de Toilette - Bottle 50ml</strong> by Valentino is built for <strong>year-round</strong> wear with a sweet leather gourmand profile.</p><p><strong>Fragrance notes:</strong> bergamot, hazelnut, chocolate, coffee bean, cedar.</p><p>This listing is optimized for third-party resellers: high-search designer profile, gift-friendly packaging, and repeat-order demand.</p><p><strong>Supplier links:</strong> <a href=""https://www.fragrancenet.com/search/?gsearch=Valentino+Uomo+Eau+de+Toilette"">FragranceNet</a> | <a href=""https://www.fragrancex.com/search/search_results?search=Valentino+Uomo+Eau+de+Toilette"">FragranceX</a> | <a href=""https://www.perfume.com/search?keyword=Valentino+Uomo+Eau+de+Toilette"">Perfume.com</a></p>",94.30,122.59,20,https://cdn.fragrancenet.com/images/photos/900x900/252897.jpg,https://cdn.fragrancenet.com/images/photos/600x600/252897.jpg | https://cdn.fragrancenet.com/images/photos/500x500/252897.jpg | https://cdn.fragrancenet.com/images/photos/300x300/252897.jpg | https://cdn.fragrancenet.com/images/photos/250x250/252897.jpg,active,"cologne,men,valentino,set9,year-round,sweet-leather-gourmand,stocksync-add-5img"
SET9-VLT-063-252897,Valentino Uomo Eau de Toilette - Bottle 100ml,"<p><strong>Valentino Uomo Eau de Toilette - Bottle 100ml</strong> by Valentino is built for <strong>year-round</strong> wear with a sweet leather gourmand profile.</p><p><strong>Fragrance notes:</strong> bergamot, hazelnut, chocolate, coffee bean, cedar.</p><p>This listing is optimized for third-party resellers: high-search designer profile, gift-friendly packaging, and repeat-order demand.</p><p><strong>Supplier links:</strong> <a href=""https://www.fragrancenet.com/search/?gsearch=Valentino+Uomo+Eau+de+Toilette"">FragranceNet</a> | <a href=""https://www.fragrancex.com/search/search_results?search=Valentino+Uomo+Eau+de+Toilette"">FragranceX</a> | <a href=""https://www.perfume.com/search?keyword=Valentino+Uomo+Eau+de+Toilette"">Perfume.com</a></p>",115.00,149.50,28,https://cdn.fragrancenet.com/images/photos/900x900/252897.jpg,https://cdn.fragrancenet.com/images/photos/600x600/252897.jpg | https://cdn.fragrancenet.com/images/photos/500x500/252897.jpg | https://cdn.fragrancenet.com/images/photos/300x300/252897.jpg | https://cdn.fragrancenet.com/images/photos/250x250/252897.jpg,active,"cologne,men,valentino,set9,year-round,sweet-leather-gourmand,stocksync-add-5img"
SET9-VLT-064-252897,Valentino Uomo Eau de Toilette - Gift Set,"<p><strong>Valentino Uomo Eau de Toilette - Gift Set</strong> by Valentino is built for <strong>year-round</strong> wear with a sweet leather gourmand profile.</p><p><strong>Fragrance notes:</strong> bergamot, hazelnut, chocolate, coffee bean, cedar.</p><p>This listing is optimized for third-party resellers: high-search designer profile, gift-friendly packaging, and repeat-order demand.</p><p><strong>Supplier links:</strong> <a href=""https://www.fragrancenet.com/search/?gsearch=Valentino+Uomo+Eau+de+Toilette"">FragranceNet</a> | <a href=""https://www.fragrancex.com/search/search_results?search=Valentino+Uomo+Eau+de+Toilette"">FragranceX</a> | <a href=""https://www.perfume.com/search?keyword=Valentino+Uomo+Eau+de+Toilette"">Perfume.com</a></p>",138.00,179.40,12,https://cdn.fragrancenet.com/images/photos/900x900/252897.jpg,https://cdn.fragrancenet.com/images/photos/600x600/252897.jpg | https://cdn.fragrancenet.com/images/photos/500x500/252897.jpg | https://cdn.fragrancenet.com/images/photos/300x300/252897.jpg | https://cdn.fragrancenet.com/images/photos/250x250/252897.jpg,active,"cologne,men,valentino,set9,year-round,sweet-leather-gourmand,stocksync-add-5img"
SET9-VLT-065-326371,Valentino Uomo Intense Eau de Parfum - Travel Spray 10ml,"<p><strong>Valentino Uomo Intense Eau de Parfum - Travel Spray 10ml</strong> by Valentino is built for <strong>winter</strong> wear with a powdery leather amber profile.</p><p><strong>Fragrance notes:</strong> mandarin, clary sage, iris, tonka bean, leather.</p><p>This listing is optimized for third-party resellers: high-search designer profile, gift-friendly packaging, and repeat-order demand.</p><p><strong>Supplier links:</strong> <a href=""https://www.fragrancenet.com/search/?gsearch=Valentino+Uomo+Intense+Eau+de+Parfum"">FragranceNet</a> | <a href=""https://www.fragrancex.com/search/search_results?search=Valentino+Uomo+Intense+Eau+de+Parfum"">FragranceX</a> | <a href=""https://www.perfume.com/search?keyword=Valentino+Uomo+Intense+Eau+de+Parfum"">Perfume.com</a></p>",34.20,44.46,15,https://cdn.fragrancenet.com/images/photos/900x900/326371.jpg,https://cdn.fragrancenet.com/images/photos/600x600/326371.jpg | https://cdn.fragrancenet.com/images/photos/500x500/326371.jpg | https://cdn.fragrancenet.com/images/photos/300x300/326371.jpg | https://cdn.fragrancenet.com/images/photos/250x250/326371.jpg,active,"cologne,men,valentino,set9,winter,powdery-leather-amber,stocksync-add-5img"
SET9-VLT-066-326371,Valentino Uomo Intense Eau de Parfum - Bottle 50ml,"<p><strong>Valentino Uomo Intense Eau de Parfum - Bottle 50ml</strong> by Valentino is built for <strong>winter</strong> wear with a powdery leather amber profile.</p><p><strong>Fragrance notes:</strong> mandarin, clary sage, iris, tonka bean, leather.</p><p>This listing is optimized for third-party resellers: high-search designer profile, gift-friendly packaging, and repeat-order demand.</p><p><strong>Supplier links:</strong> <a href=""https://www.fragrancenet.com/search/?gsearch=Valentino+Uomo+Intense+Eau+de+Parfum"">FragranceNet</a> | <a href=""https://www.fragrancex.com/search/search_results?search=Valentino+Uomo+Intense+Eau+de+Parfum"">FragranceX</a> | <a href=""https://www.perfume.com/search?keyword=Valentino+Uomo+Intense+Eau+de+Parfum"">Perfume.com</a></p>",93.48,121.52,20,https://cdn.fragrancenet.com/images/photos/900x900/326371.jpg,https://cdn.fragrancenet.com/images/photos/600x600/326371.jpg | https://cdn.fragrancenet.com/images/photos/500x500/326371.jpg | https://cdn.fragrancenet.com/images/photos/300x300/326371.jpg | https://cdn.fragrancenet.com/images/photos/250x250/326371.jpg,active,"cologne,men,valentino,set9,winter,powdery-leather-amber,stocksync-add-5img"
SET9-VLT-067-326371,Valentino Uomo Intense Eau de Parfum - Bottle 100ml,"<p><strong>Valentino Uomo Intense Eau de Parfum - Bottle 100ml</strong> by Valentino is built for <strong>winter</strong> wear with a powdery leather amber profile.</p><p><strong>Fragrance notes:</strong> mandarin, clary sage, iris, tonka bean, leather.</p><p>This listing is optimized for third-party resellers: high-search designer profile, gift-friendly packaging, and repeat-order demand.</p><p><strong>Supplier links:</strong> <a href=""https://www.fragrancenet.com/search/?gsearch=Valentino+Uomo+Intense+Eau+de+Parfum"">FragranceNet</a> | <a href=""https://www.fragrancex.com/search/search_results?search=Valentino+Uomo+Intense+Eau+de+Parfum"">FragranceX</a> | <a href=""https://www.perfume.com/search?keyword=Valentino+Uomo+Intense+Eau+de+Parfum"">Perfume.com</a></p>",114.00,148.20,28,https://cdn.fragrancenet.com/images/photos/900x900/326371.jpg,https://cdn.fragrancenet.com/images/photos/600x600/326371.jpg | https://cdn.fragrancenet.com/images/photos/500x500/326371.jpg | https://cdn.fragrancenet.com/images/photos/300x300/326371.jpg | https://cdn.fragrancenet.com/images/photos/250x250/326371.jpg,active,"cologne,men,valentino,set9,winter,powdery-leather-amber,stocksync-add-5img"
SET9-VLT-068-326371,Valentino Uomo Intense Eau de Parfum - Gift Set,"<p><strong>Valentino Uomo Intense Eau de Parfum - Gift Set</strong> by Valentino is built for <strong>winter</strong> wear with a powdery leather amber profile.</p><p><strong>Fragrance notes:</strong> mandarin, clary sage, iris, tonka bean, leather.</p><p>This listing is optimized for third-party resellers: high-search designer profile, gift-friendly packaging, and repeat-order demand.</p><p><strong>Supplier links:</strong> <a href=""https://www.fragrancenet.com/search/?gsearch=Valentino+Uomo+Intense+Eau+de+Parfum"">FragranceNet</a> | <a href=""https://www.fragrancex.com/search/search_results?search=Valentino+Uomo+Intense+Eau+de+Parfum"">FragranceX</a> | <a href=""https://www.perfume.com/search?keyword=Valentino+Uomo+Intense+Eau+de+Parfum"">Perfume.com</a></p>",136.80,177.84,12,https://cdn.fragrancenet.com/images/photos/900x900/326371.jpg,https://cdn.fragrancenet.com/images/photos/600x600/326371.jpg | https://cdn.fragrancenet.com/images/photos/500x500/326371.jpg | https://cdn.fragrancenet.com/images/photos/300x300/326371.jpg | https://cdn.fragrancenet.com/images/photos/250x250/326371.jpg,active,"cologne,men,valentino,set9,winter,powdery-leather-amber,stocksync-add-5img"
SET9-VLT-069-353183,Valentino Uomo Born In Roma Eau de Toilette - Travel Spray 10ml,"<p><strong>Valentino Uomo Born In Roma Eau de Toilette - Travel Spray 10ml</strong> by Valentino is built for <strong>year-round</strong> wear with a mineral aromatic woody profile.</p><p><strong>Fragrance notes:</strong> violet leaf, ginger, sage, vetiver, woody notes.</p><p>This listing is optimized for third-party resellers: high-search designer profile, gift-friendly packaging, and repeat-order demand.</p><p><strong>Supplier links:</strong> <a href=""https://www.fragrancenet.com/search/?gsearch=Valentino+Uomo+Born+In+Roma+Eau+de+Toilette"">FragranceNet</a> | <a href=""https://www.fragrancex.com/search/search_results?search=Valentino+Uomo+Born+In+Roma+Eau+de+Toilette"">FragranceX</a> | <a href=""https://www.perfume.com/search?keyword=Valentino+Uomo+Born+In+Roma+Eau+de+Toilette"">Perfume.com</a></p>",49.50,64.35,15,https://cdn.fragrancenet.com/images/photos/900x900/353183.jpg,https://cdn.fragrancenet.com/images/photos/600x600/353183.jpg | https://cdn.fragrancenet.com/images/photos/500x500/353183.jpg | https://cdn.fragrancenet.com/images/photos/300x300/353183.jpg | https://cdn.fragrancenet.com/images/photos/250x250/353183.jpg,active,"cologne,men,valentino,set9,year-round,mineral-aromatic-woody,stocksync-add-5img"
SET9-VLT-070-353183,Valentino Uomo Born In Roma Eau de Toilette - Bottle 50ml,"<p><strong>Valentino Uomo Born In Roma Eau de Toilette - Bottle 50ml</strong> by Valentino is built for <strong>year-round</strong> wear with a mineral aromatic woody profile.</p><p><strong>Fragrance notes:</strong> violet leaf, ginger, sage, vetiver, woody notes.</p><p>This listing is optimized for third-party resellers: high-search designer profile, gift-friendly packaging, and repeat-order demand.</p><p><strong>Supplier links:</strong> <a href=""https://www.fragrancenet.com/search/?gsearch=Valentino+Uomo+Born+In+Roma+Eau+de+Toilette"">FragranceNet</a> | <a href=""https://www.fragrancex.com/search/search_results?search=Valentino+Uomo+Born+In+Roma+Eau+de+Toilette"">FragranceX</a> | <a href=""https://www.perfume.com/search?keyword=Valentino+Uomo+Born+In+Roma+Eau+de+Toilette"">Perfume.com</a></p>",135.30,175.89,20,https://cdn.fragrancenet.com/images/photos/900x900/353183.jpg,https://cdn.fragrancenet.com/images/photos/600x600/353183.jpg | https://cdn.fragrancenet.com/images/photos/500x500/353183.jpg | https://cdn.fragrancenet.com/images/photos/300x300/353183.jpg | https://cdn.fragrancenet.com/images/photos/250x250/353183.jpg,active,"cologne,men,valentino,set9,year-round,mineral-aromatic-woody,stocksync-add-5img"
SET9-VLT-071-353183,Valentino Uomo Born In Roma Eau de Toilette - Bottle 100ml,"<p><strong>Valentino Uomo Born In Roma Eau de Toilette - Bottle 100ml</strong> by Valentino is built for <strong>year-round</strong> wear with a mineral aromatic woody profile.</p><p><strong>Fragrance notes:</strong> violet leaf, ginger, sage, vetiver, woody notes.</p><p>This listing is optimized for third-party resellers: high-search designer profile, gift-friendly packaging, and repeat-order demand.</p><p><strong>Supplier links:</strong> <a href=""https://www.fragrancenet.com/search/?gsearch=Valentino+Uomo+Born+In+Roma+Eau+de+Toilette"">FragranceNet</a> | <a href=""https://www.fragrancex.com/search/search_results?search=Valentino+Uomo+Born+In+Roma+Eau+de+Toilette"">FragranceX</a> | <a href=""https://www.perfume.com/search?keyword=Valentino+Uomo+Born+In+Roma+Eau+de+Toilette"">Perfume.com</a></p>",165.00,214.50,28,https://cdn.fragrancenet.com/images/photos/900x900/353183.jpg,https://cdn.fragrancenet.com/images/photos/600x600/353183.jpg | https://cdn.fragrancenet.com/images/photos/500x500/353183.jpg | https://cdn.fragrancenet.com/images/photos/300x300/353183.jpg | https://cdn.fragrancenet.com/images/photos/250x250/353183.jpg,active,"cologne,men,valentino,set9,year-round,mineral-aromatic-woody,stocksync-add-5img"
SET9-VLT-072-353183,Valentino Uomo Born In Roma Eau de Toilette - Gift Set,"<p><strong>Valentino Uomo Born In Roma Eau de Toilette - Gift Set</strong> by Valentino is built for <strong>year-round</strong> wear with a mineral aromatic woody profile.</p><p><strong>Fragrance notes:</strong> violet leaf, ginger, sage, vetiver, woody notes.</p><p>This listing is optimized for third-party resellers: high-search designer profile, gift-friendly packaging, and repeat-order demand.</p><p><strong>Supplier links:</strong> <a href=""https://www.fragrancenet.com/search/?gsearch=Valentino+Uomo+Born+In+Roma+Eau+de+Toilette"">FragranceNet</a> | <a href=""https://www.fragrancex.com/search/search_results?search=Valentino+Uomo+Born+In+Roma+Eau+de+Toilette"">FragranceX</a> | <a href=""https://www.perfume.com/search?keyword=Valentino+Uomo+Born+In+Roma+Eau+de+Toilette"">Perfume.com</a></p>",198.00,257.40,12,https://cdn.fragrancenet.com/images/photos/900x900/353183.jpg,https://cdn.fragrancenet.com/images/photos/600x600/353183.jpg | https://cdn.fragrancenet.com/images/photos/500x500/353183.jpg | https://cdn.fragrancenet.com/images/photos/300x300/353183.jpg | https://cdn.fragrancenet.com/images/photos/250x250/353183.jpg,active,"cologne,men,valentino,set9,year-round,mineral-aromatic-woody,stocksync-add-5img"
SET9-VLT-073-459382,Valentino Uomo Born In Roma Intense Eau de Parfum - Travel Spray 10ml,"<p><strong>Valentino Uomo Born In Roma Intense Eau de Parfum - Travel Spray 10ml</strong> by Valentino is built for <strong>winter</strong> wear with a vanilla aromatic earthy profile.</p><p><strong>Fragrance notes:</strong> vanilla, lavender, vetiver.</p><p>This listing is optimized for third-party resellers: high-search designer profile, gift-friendly packaging, and repeat-order demand.</p><p><strong>Supplier links:</strong> <a href=""https://www.fragrancenet.com/search/?gsearch=Valentino+Uomo+Born+In+Roma+Intense+Eau+de+Parfum"">FragranceNet</a> | <a href=""https://www.fragrancex.com/search/search_results?search=Valentino+Uomo+Born+In+Roma+Intense+Eau+de+Parfum"">FragranceX</a> | <a href=""https://www.perfume.com/search?keyword=Valentino+Uomo+Born+In+Roma+Intense+Eau+de+Parfum"">Perfume.com</a></p>",67.20,87.36,15,https://cdn.fragrancenet.com/images/photos/900x900/459382.jpg,https://cdn.fragrancenet.com/images/photos/600x600/459382.jpg | https://cdn.fragrancenet.com/images/photos/500x500/459382.jpg | https://cdn.fragrancenet.com/images/photos/300x300/459382.jpg | https://cdn.fragrancenet.com/images/photos/250x250/459382.jpg,active,"cologne,men,valentino,set9,winter,vanilla-aromatic-earthy,stocksync-add-5img"
SET9-VLT-074-459382,Valentino Uomo Born In Roma Intense Eau de Parfum - Bottle 50ml,"<p><strong>Valentino Uomo Born In Roma Intense Eau de Parfum - Bottle 50ml</strong> by Valentino is built for <strong>winter</strong> wear with a vanilla aromatic earthy profile.</p><p><strong>Fragrance notes:</strong> vanilla, lavender, vetiver.</p><p>This listing is optimized for third-party resellers: high-search designer profile, gift-friendly packaging, and repeat-order demand.</p><p><strong>Supplier links:</strong> <a href=""https://www.fragrancenet.com/search/?gsearch=Valentino+Uomo+Born+In+Roma+Intense+Eau+de+Parfum"">FragranceNet</a> | <a href=""https://www.fragrancex.com/search/search_results?search=Valentino+Uomo+Born+In+Roma+Intense+Eau+de+Parfum"">FragranceX</a> | <a href=""https://www.perfume.com/search?keyword=Valentino+Uomo+Born+In+Roma+Intense+Eau+de+Parfum"">Perfume.com</a></p>",183.68,238.78,20,https://cdn.fragrancenet.com/images/photos/900x900/459382.jpg,https://cdn.fragrancenet.com/images/photos/600x600/459382.jpg | https://cdn.fragrancenet.com/images/photos/500x500/459382.jpg | https://cdn.fragrancenet.com/images/photos/300x300/459382.jpg | https://cdn.fragrancenet.com/images/photos/250x250/459382.jpg,active,"cologne,men,valentino,set9,winter,vanilla-aromatic-earthy,stocksync-add-5img"
SET9-VLT-075-459382,Valentino Uomo Born In Roma Intense Eau de Parfum - Bottle 100ml,"<p><strong>Valentino Uomo Born In Roma Intense Eau de Parfum - Bottle 100ml</strong> by Valentino is built for <strong>winter</strong> wear with a vanilla aromatic earthy profile.</p><p><strong>Fragrance notes:</strong> vanilla, lavender, vetiver.</p><p>This listing is optimized for third-party resellers: high-search designer profile, gift-friendly packaging, and repeat-order demand.</p><p><strong>Supplier links:</strong> <a href=""https://www.fragrancenet.com/search/?gsearch=Valentino+Uomo+Born+In+Roma+Intense+Eau+de+Parfum"">FragranceNet</a> | <a href=""https://www.fragrancex.com/search/search_results?search=Valentino+Uomo+Born+In+Roma+Intense+Eau+de+Parfum"">FragranceX</a> | <a href=""https://www.perfume.com/search?keyword=Valentino+Uomo+Born+In+Roma+Intense+Eau+de+Parfum"">Perfume.com</a></p>",224.00,291.20,28,https://cdn.fragrancenet.com/images/photos/900x900/459382.jpg,https://cdn.fragrancenet.com/images/photos/600x600/459382.jpg | https://cdn.fragrancenet.com/images/photos/500x500/459382.jpg | https://cdn.fragrancenet.com/images/photos/300x300/459382.jpg | https://cdn.fragrancenet.com/images/photos/250x250/459382.jpg,active,"cologne,men,valentino,set9,winter,vanilla-aromatic-earthy,stocksync-add-5img"
SET9-VLT-076-459382,Valentino Uomo Born In Roma Intense Eau de Parfum - Gift Set,"<p><strong>Valentino Uomo Born In Roma Intense Eau de Parfum - Gift Set</strong> by Valentino is built for <strong>winter</strong> wear with a vanilla aromatic earthy profile.</p><p><strong>Fragrance notes:</strong> vanilla, lavender, vetiver.</p><p>This listing is optimized for third-party resellers: high-search designer profile, gift-friendly packaging, and repeat-order demand.</p><p><strong>Supplier links:</strong> <a href=""https://www.fragrancenet.com/search/?gsearch=Valentino+Uomo+Born+In+Roma+Intense+Eau+de+Parfum"">FragranceNet</a> | <a href=""https://www.fragrancex.com/search/search_results?search=Valentino+Uomo+Born+In+Roma+Intense+Eau+de+Parfum"">FragranceX</a> | <a href=""https://www.perfume.com/search?keyword=Valentino+Uomo+Born+In+Roma+Intense+Eau+de+Parfum"">Perfume.com</a></p>",268.80,349.44,12,https://cdn.fragrancenet.com/images/photos/900x900/459382.jpg,https://cdn.fragrancenet.com/images/photos/600x600/459382.jpg | https://cdn.fragrancenet.com/images/photos/500x500/459382.jpg | https://cdn.fragrancenet.com/images/photos/300x300/459382.jpg | https://cdn.fragrancenet.com/images/photos/250x250/459382.jpg,active,"cologne,men,valentino,set9,winter,vanilla-aromatic-earthy,stocksync-add-5img"
SET9-VLT-077-430508,Valentino Uomo Born In Roma Coral Fantasy Eau de Toilette - Travel Spray 10ml,"<p><strong>Valentino Uomo Born In Roma Coral Fantasy Eau de Toilette - Travel Spray 10ml</strong> by Valentino is built for <strong>summer</strong> wear with a fruity spicy modern profile.</p><p><strong>Fragrance notes:</strong> red apple accord, aromatic sage, tobacco accord.</p><p>This listing is optimized for third-party resellers: high-search designer profile, gift-friendly packaging, and repeat-order demand.</p><p><strong>Supplier links:</strong> <a href=""https://www.fragrancenet.com/search/?gsearch=Valentino+Uomo+Born+In+Roma+Coral+Fantasy+Eau+de+Toilette"">FragranceNet</a> | <a href=""https://www.fragrancex.com/search/search_results?search=Valentino+Uomo+Born+In+Roma+Coral+Fantasy+Eau+de+Toilette"">FragranceX</a> | <a href=""https://www.perfume.com/search?keyword=Valentino+Uomo+Born+In+Roma+Coral+Fantasy+Eau+de+Toilette"">Perfume.com</a></p>",55.20,71.76,15,https://cdn.fragrancenet.com/images/photos/900x900/430508.jpg,https://cdn.fragrancenet.com/images/photos/600x600/430508.jpg | https://cdn.fragrancenet.com/images/photos/500x500/430508.jpg | https://cdn.fragrancenet.com/images/photos/300x300/430508.jpg | https://cdn.fragrancenet.com/images/photos/250x250/430508.jpg,active,"cologne,men,valentino,set9,summer,fruity-spicy-modern,stocksync-add-5img"
SET9-VLT-078-430508,Valentino Uomo Born In Roma Coral Fantasy Eau de Toilette - Bottle 50ml,"<p><strong>Valentino Uomo Born In Roma Coral Fantasy Eau de Toilette - Bottle 50ml</strong> by Valentino is built for <strong>summer</strong> wear with a fruity spicy modern profile.</p><p><strong>Fragrance notes:</strong> red apple accord, aromatic sage, tobacco accord.</p><p>This listing is optimized for third-party resellers: high-search designer profile, gift-friendly packaging, and repeat-order demand.</p><p><strong>Supplier links:</strong> <a href=""https://www.fragrancenet.com/search/?gsearch=Valentino+Uomo+Born+In+Roma+Coral+Fantasy+Eau+de+Toilette"">FragranceNet</a> | <a href=""https://www.fragrancex.com/search/search_results?search=Valentino+Uomo+Born+In+Roma+Coral+Fantasy+Eau+de+Toilette"">FragranceX</a> | <a href=""https://www.perfume.com/search?keyword=Valentino+Uomo+Born+In+Roma+Coral+Fantasy+Eau+de+Toilette"">Perfume.com</a></p>",150.88,196.14,20,https://cdn.fragrancenet.com/images/photos/900x900/430508.jpg,https://cdn.fragrancenet.com/images/photos/600x600/430508.jpg | https://cdn.fragrancenet.com/images/photos/500x500/430508.jpg | https://cdn.fragrancenet.com/images/photos/300x300/430508.jpg | https://cdn.fragrancenet.com/images/photos/250x250/430508.jpg,active,"cologne,men,valentino,set9,summer,fruity-spicy-modern,stocksync-add-5img"
SET9-VLT-079-430508,Valentino Uomo Born In Roma Coral Fantasy Eau de Toilette - Bottle 100ml,"<p><strong>Valentino Uomo Born In Roma Coral Fantasy Eau de Toilette - Bottle 100ml</strong> by Valentino is built for <strong>summer</strong> wear with a fruity spicy modern profile.</p><p><strong>Fragrance notes:</strong> red apple accord, aromatic sage, tobacco accord.</p><p>This listing is optimized for third-party resellers: high-search designer profile, gift-friendly packaging, and repeat-order demand.</p><p><strong>Supplier links:</strong> <a href=""https://www.fragrancenet.com/search/?gsearch=Valentino+Uomo+Born+In+Roma+Coral+Fantasy+Eau+de+Toilette"">FragranceNet</a> | <a href=""https://www.fragrancex.com/search/search_results?search=Valentino+Uomo+Born+In+Roma+Coral+Fantasy+Eau+de+Toilette"">FragranceX</a> | <a href=""https://www.perfume.com/search?keyword=Valentino+Uomo+Born+In+Roma+Coral+Fantasy+Eau+de+Toilette"">Perfume.com</a></p>",184.00,239.20,28,https://cdn.fragrancenet.com/images/photos/900x900/430508.jpg,https://cdn.fragrancenet.com/images/photos/600x600/430508.jpg | https://cdn.fragrancenet.com/images/photos/500x500/430508.jpg | https://cdn.fragrancenet.com/images/photos/300x300/430508.jpg | https://cdn.fragrancenet.com/images/photos/250x250/430508.jpg,active,"cologne,men,valentino,set9,summer,fruity-spicy-modern,stocksync-add-5img"
SET9-VLT-080-430508,Valentino Uomo Born In Roma Coral Fantasy Eau de Toilette - Gift Set,"<p><strong>Valentino Uomo Born In Roma Coral Fantasy Eau de Toilette - Gift Set</strong> by Valentino is built for <strong>summer</strong> wear with a fruity spicy modern profile.</p><p><strong>Fragrance notes:</strong> red apple accord, aromatic sage, tobacco accord.</p><p>This listing is optimized for third-party resellers: high-search designer profile, gift-friendly packaging, and repeat-order demand.</p><p><strong>Supplier links:</strong> <a href=""https://www.fragrancenet.com/search/?gsearch=Valentino+Uomo+Born+In+Roma+Coral+Fantasy+Eau+de+Toilette"">FragranceNet</a> | <a href=""https://www.fragrancex.com/search/search_results?search=Valentino+Uomo+Born+In+Roma+Coral+Fantasy+Eau+de+Toilette"">FragranceX</a> | <a href=""https://www.perfume.com/search?keyword=Valentino+Uomo+Born+In+Roma+Coral+Fantasy+Eau+de+Toilette"">Perfume.com</a></p>",220.80,287.04,12,https://cdn.fragrancenet.com/images/photos/900x900/430508.jpg,https://cdn.fragrancenet.com/images/photos/600x600/430508.jpg | https://cdn.fragrancenet.com/images/photos/500x500/430508.jpg | https://cdn.fragrancenet.com/images/photos/300x300/430508.jpg | https://cdn.fragrancenet.com/images/photos/250x250/430508.jpg,active,"cologne,men,valentino,set9,summer,fruity-spicy-modern,stocksync-add-5img"
SET9-VLT-081-478532,Valentino Uomo Born In Roma Green Stravaganza Eau de Toilette - Travel Spray 10ml,"<p><strong>Valentino Uomo Born In Roma Green Stravaganza Eau de Toilette - Travel Spray 10ml</strong> by Valentino is built for <strong>summer</strong> wear with a green aromatic tea profile.</p><p><strong>Fragrance notes:</strong> lapsang souchong tea accord, jasmine, vanilla.</p><p>This listing is optimized for third-party resellers: high-search designer profile, gift-friendly packaging, and repeat-order demand.</p><p><strong>Supplier links:</strong> <a href=""https://www.fragrancenet.com/search/?gsearch=Valentino+Uomo+Born+In+Roma+Green+Stravaganza+Eau+de+Toilette"">FragranceNet</a> | <a href=""https://www.fragrancex.com/search/search_results?search=Valentino+Uomo+Born+In+Roma+Green+Stravaganza+Eau+de+Toilette"">FragranceX</a> | <a href=""https://www.perfume.com/search?keyword=Valentino+Uomo+Born+In+Roma+Green+Stravaganza+Eau+de+Toilette"">Perfume.com</a></p>",48.30,62.79,15,https://cdn.fragrancenet.com/images/photos/900x900/478532.jpg,https://cdn.fragrancenet.com/images/photos/600x600/478532.jpg | https://cdn.fragrancenet.com/images/photos/500x500/478532.jpg | https://cdn.fragrancenet.com/images/photos/300x300/478532.jpg | https://cdn.fragrancenet.com/images/photos/250x250/478532.jpg,active,"cologne,men,valentino,set9,summer,green-aromatic-tea,stocksync-add-5img"
SET9-VLT-082-478532,Valentino Uomo Born In Roma Green Stravaganza Eau de Toilette - Bottle 50ml,"<p><strong>Valentino Uomo Born In Roma Green Stravaganza Eau de Toilette - Bottle 50ml</strong> by Valentino is built for <strong>summer</strong> wear with a green aromatic tea profile.</p><p><strong>Fragrance notes:</strong> lapsang souchong tea accord, jasmine, vanilla.</p><p>This listing is optimized for third-party resellers: high-search designer profile, gift-friendly packaging, and repeat-order demand.</p><p><strong>Supplier links:</strong> <a href=""https://www.fragrancenet.com/search/?gsearch=Valentino+Uomo+Born+In+Roma+Green+Stravaganza+Eau+de+Toilette"">FragranceNet</a> | <a href=""https://www.fragrancex.com/search/search_results?search=Valentino+Uomo+Born+In+Roma+Green+Stravaganza+Eau+de+Toilette"">FragranceX</a> | <a href=""https://www.perfume.com/search?keyword=Valentino+Uomo+Born+In+Roma+Green+Stravaganza+Eau+de+Toilette"">Perfume.com</a></p>",132.02,171.63,20,https://cdn.fragrancenet.com/images/photos/900x900/478532.jpg,https://cdn.fragrancenet.com/images/photos/600x600/478532.jpg | https://cdn.fragrancenet.com/images/photos/500x500/478532.jpg | https://cdn.fragrancenet.com/images/photos/300x300/478532.jpg | https://cdn.fragrancenet.com/images/photos/250x250/478532.jpg,active,"cologne,men,valentino,set9,summer,green-aromatic-tea,stocksync-add-5img"
SET9-VLT-083-478532,Valentino Uomo Born In Roma Green Stravaganza Eau de Toilette - Bottle 100ml,"<p><strong>Valentino Uomo Born In Roma Green Stravaganza Eau de Toilette - Bottle 100ml</strong> by Valentino is built for <strong>summer</strong> wear with a green aromatic tea profile.</p><p><strong>Fragrance notes:</strong> lapsang souchong tea accord, jasmine, vanilla.</p><p>This listing is optimized for third-party resellers: high-search designer profile, gift-friendly packaging, and repeat-order demand.</p><p><strong>Supplier links:</strong> <a href=""https://www.fragrancenet.com/search/?gsearch=Valentino+Uomo+Born+In+Roma+Green+Stravaganza+Eau+de+Toilette"">FragranceNet</a> | <a href=""https://www.fragrancex.com/search/search_results?search=Valentino+Uomo+Born+In+Roma+Green+Stravaganza+Eau+de+Toilette"">FragranceX</a> | <a href=""https://www.perfume.com/search?keyword=Valentino+Uomo+Born+In+Roma+Green+Stravaganza+Eau+de+Toilette"">Perfume.com</a></p>",161.00,209.30,28,https://cdn.fragrancenet.com/images/photos/900x900/478532.jpg,https://cdn.fragrancenet.com/images/photos/600x600/478532.jpg | https://cdn.fragrancenet.com/images/photos/500x500/478532.jpg | https://cdn.fragrancenet.com/images/photos/300x300/478532.jpg | https://cdn.fragrancenet.com/images/photos/250x250/478532.jpg,active,"cologne,men,valentino,set9,summer,green-aromatic-tea,stocksync-add-5img"
SET9-VLT-084-478532,Valentino Uomo Born In Roma Green Stravaganza Eau de Toilette - Gift Set,"<p><strong>Valentino Uomo Born In Roma Green Stravaganza Eau de Toilette - Gift Set</strong> by Valentino is built for <strong>summer</strong> wear with a green aromatic tea profile.</p><p><strong>Fragrance notes:</strong> lapsang souchong tea accord, jasmine, vanilla.</p><p>This listing is optimized for third-party resellers: high-search designer profile, gift-friendly packaging, and repeat-order demand.</p><p><strong>Supplier links:</strong> <a href=""https://www.fragrancenet.com/search/?gsearch=Valentino+Uomo+Born+In+Roma+Green+Stravaganza+Eau+de+Toilette"">FragranceNet</a> | <a href=""https://www.fragrancex.com/search/search_results?search=Valentino+Uomo+Born+In+Roma+Green+Stravaganza+Eau+de+Toilette"">FragranceX</a> | <a href=""https://www.perfume.com/search?keyword=Valentino+Uomo+Born+In+Roma+Green+Stravaganza+Eau+de+Toilette"">Perfume.com</a></p>",193.20,251.16,12,https://cdn.fragrancenet.com/images/photos/900x900/478532.jpg,https://cdn.fragrancenet.com/images/photos/600x600/478532.jpg | https://cdn.fragrancenet.com/images/photos/500x500/478532.jpg | https://cdn.fragrancenet.com/images/photos/300x300/478532.jpg | https://cdn.fragrancenet.com/images/photos/250x250/478532.jpg,active,"cologne,men,valentino,set9,summer,green-aromatic-tea,stocksync-add-5img"
SET9-VLT-085-431687,Valentino Uomo Born In Roma Yellow Dream Eau de Toilette - Travel Spray 10ml,"<p><strong>Valentino Uomo Born In Roma Yellow Dream Eau de Toilette - Travel Spray 10ml</strong> by Valentino is built for <strong>summer</strong> wear with a fresh citrus spicy profile.</p><p><strong>Fragrance notes:</strong> lemon, spicy accord, white musk.</p><p>This listing is optimized for third-party resellers: high-search designer profile, gift-friendly packaging, and repeat-order demand.</p><p><strong>Supplier links:</strong> <a href=""https://www.fragrancenet.com/search/?gsearch=Valentino+Uomo+Born+In+Roma+Yellow+Dream+Eau+de+Toilette"">FragranceNet</a> | <a href=""https://www.fragrancex.com/search/search_results?search=Valentino+Uomo+Born+In+Roma+Yellow+Dream+Eau+de+Toilette"">FragranceX</a> | <a href=""https://www.perfume.com/search?keyword=Valentino+Uomo+Born+In+Roma+Yellow+Dream+Eau+de+Toilette"">Perfume.com</a></p>",40.50,52.65,15,https://cdn.fragrancenet.com/images/photos/900x900/431687.jpg,https://cdn.fragrancenet.com/images/photos/600x600/431687.jpg | https://cdn.fragrancenet.com/images/photos/500x500/431687.jpg | https://cdn.fragrancenet.com/images/photos/300x300/431687.jpg | https://cdn.fragrancenet.com/images/photos/250x250/431687.jpg,active,"cologne,men,valentino,set9,summer,fresh-citrus-spicy,stocksync-add-5img"
SET9-VLT-086-431687,Valentino Uomo Born In Roma Yellow Dream Eau de Toilette - Bottle 50ml,"<p><strong>Valentino Uomo Born In Roma Yellow Dream Eau de Toilette - Bottle 50ml</strong> by Valentino is built for <strong>summer</strong> wear with a fresh citrus spicy profile.</p><p><strong>Fragrance notes:</strong> lemon, spicy accord, white musk.</p><p>This listing is optimized for third-party resellers: high-search designer profile, gift-friendly packaging, and repeat-order demand.</p><p><strong>Supplier links:</strong> <a href=""https://www.fragrancenet.com/search/?gsearch=Valentino+Uomo+Born+In+Roma+Yellow+Dream+Eau+de+Toilette"">FragranceNet</a> | <a href=""https://www.fragrancex.com/search/search_results?search=Valentino+Uomo+Born+In+Roma+Yellow+Dream+Eau+de+Toilette"">FragranceX</a> | <a href=""https://www.perfume.com/search?keyword=Valentino+Uomo+Born+In+Roma+Yellow+Dream+Eau+de+Toilette"">Perfume.com</a></p>",110.70,143.91,20,https://cdn.fragrancenet.com/images/photos/900x900/431687.jpg,https://cdn.fragrancenet.com/images/photos/600x600/431687.jpg | https://cdn.fragrancenet.com/images/photos/500x500/431687.jpg | https://cdn.fragrancenet.com/images/photos/300x300/431687.jpg | https://cdn.fragrancenet.com/images/photos/250x250/431687.jpg,active,"cologne,men,valentino,set9,summer,fresh-citrus-spicy,stocksync-add-5img"
SET9-VLT-087-431687,Valentino Uomo Born In Roma Yellow Dream Eau de Toilette - Bottle 100ml,"<p><strong>Valentino Uomo Born In Roma Yellow Dream Eau de Toilette - Bottle 100ml</strong> by Valentino is built for <strong>summer</strong> wear with a fresh citrus spicy profile.</p><p><strong>Fragrance notes:</strong> lemon, spicy accord, white musk.</p><p>This listing is optimized for third-party resellers: high-search designer profile, gift-friendly packaging, and repeat-order demand.</p><p><strong>Supplier links:</strong> <a href=""https://www.fragrancenet.com/search/?gsearch=Valentino+Uomo+Born+In+Roma+Yellow+Dream+Eau+de+Toilette"">FragranceNet</a> | <a href=""https://www.fragrancex.com/search/search_results?search=Valentino+Uomo+Born+In+Roma+Yellow+Dream+Eau+de+Toilette"">FragranceX</a> | <a href=""https://www.perfume.com/search?keyword=Valentino+Uomo+Born+In+Roma+Yellow+Dream+Eau+de+Toilette"">Perfume.com</a></p>",135.00,175.50,28,https://cdn.fragrancenet.com/images/photos/900x900/431687.jpg,https://cdn.fragrancenet.com/images/photos/600x600/431687.jpg | https://cdn.fragrancenet.com/images/photos/500x500/431687.jpg | https://cdn.fragrancenet.com/images/photos/300x300/431687.jpg | https://cdn.fragrancenet.com/images/photos/250x250/431687.jpg,active,"cologne,men,valentino,set9,summer,fresh-citrus-spicy,stocksync-add-5img"
SET9-VLT-088-431687,Valentino Uomo Born In Roma Yellow Dream Eau de Toilette - Gift Set,"<p><strong>Valentino Uomo Born In Roma Yellow Dream Eau de Toilette - Gift Set</strong> by Valentino is built for <strong>summer</strong> wear with a fresh citrus spicy profile.</p><p><strong>Fragrance notes:</strong> lemon, spicy accord, white musk.</p><p>This listing is optimized for third-party resellers: high-search designer profile, gift-friendly packaging, and repeat-order demand.</p><p><strong>Supplier links:</strong> <a href=""https://www.fragrancenet.com/search/?gsearch=Valentino+Uomo+Born+In+Roma+Yellow+Dream+Eau+de+Toilette"">FragranceNet</a> | <a href=""https://www.fragrancex.com/search/search_results?search=Valentino+Uomo+Born+In+Roma+Yellow+Dream+Eau+de+Toilette"">FragranceX</a> | <a href=""https://www.perfume.com/search?keyword=Valentino+Uomo+Born+In+Roma+Yellow+Dream+Eau+de+Toilette"">Perfume.com</a></p>",162.00,210.60,12,https://cdn.fragrancenet.com/images/photos/900x900/431687.jpg,https://cdn.fragrancenet.com/images/photos/600x600/431687.jpg | https://cdn.fragrancenet.com/images/photos/500x500/431687.jpg | https://cdn.fragrancenet.com/images/photos/300x300/431687.jpg | https://cdn.fragrancenet.com/images/photos/250x250/431687.jpg,active,"cologne,men,valentino,set9,summer,fresh-citrus-spicy,stocksync-add-5img"
SET9-VLT-089-502429,Valentino Uomo Born In Roma Extradose Parfum - Travel Spray 10ml,"<p><strong>Valentino Uomo Born In Roma Extradose Parfum - Travel Spray 10ml</strong> by Valentino is built for <strong>winter</strong> wear with a intense sweet spicy profile.</p><p><strong>Fragrance notes:</strong> warm vanilla, dark spice accord, woody amber.</p><p>This listing is optimized for third-party resellers: high-search designer profile, gift-friendly packaging, and repeat-order demand.</p><p><strong>Supplier links:</strong> <a href=""https://www.fragrancenet.com/search/?gsearch=Valentino+Uomo+Born+In+Roma+Extradose+Parfum"">FragranceNet</a> | <a href=""https://www.fragrancex.com/search/search_results?search=Valentino+Uomo+Born+In+Roma+Extradose+Parfum"">FragranceX</a> | <a href=""https://www.perfume.com/search?keyword=Valentino+Uomo+Born+In+Roma+Extradose+Parfum"">Perfume.com</a></p>",70.50,91.65,15,https://cdn.fragrancenet.com/images/photos/900x900/502429.jpg,https://cdn.fragrancenet.com/images/photos/600x600/502429.jpg | https://cdn.fragrancenet.com/images/photos/500x500/502429.jpg | https://cdn.fragrancenet.com/images/photos/300x300/502429.jpg | https://cdn.fragrancenet.com/images/photos/250x250/502429.jpg,active,"cologne,men,valentino,set9,winter,intense-sweet-spicy,stocksync-add-5img"
SET9-VLT-090-502429,Valentino Uomo Born In Roma Extradose Parfum - Bottle 50ml,"<p><strong>Valentino Uomo Born In Roma Extradose Parfum - Bottle 50ml</strong> by Valentino is built for <strong>winter</strong> wear with a intense sweet spicy profile.</p><p><strong>Fragrance notes:</strong> warm vanilla, dark spice accord, woody amber.</p><p>This listing is optimized for third-party resellers: high-search designer profile, gift-friendly packaging, and repeat-order demand.</p><p><strong>Supplier links:</strong> <a href=""https://www.fragrancenet.com/search/?gsearch=Valentino+Uomo+Born+In+Roma+Extradose+Parfum"">FragranceNet</a> | <a href=""https://www.fragrancex.com/search/search_results?search=Valentino+Uomo+Born+In+Roma+Extradose+Parfum"">FragranceX</a> | <a href=""https://www.perfume.com/search?keyword=Valentino+Uomo+Born+In+Roma+Extradose+Parfum"">Perfume.com</a></p>",192.70,250.51,20,https://cdn.fragrancenet.com/images/photos/900x900/502429.jpg,https://cdn.fragrancenet.com/images/photos/600x600/502429.jpg | https://cdn.fragrancenet.com/images/photos/500x500/502429.jpg | https://cdn.fragrancenet.com/images/photos/300x300/502429.jpg | https://cdn.fragrancenet.com/images/photos/250x250/502429.jpg,active,"cologne,men,valentino,set9,winter,intense-sweet-spicy,stocksync-add-5img"
SET9-VLT-091-502429,Valentino Uomo Born In Roma Extradose Parfum - Bottle 100ml,"<p><strong>Valentino Uomo Born In Roma Extradose Parfum - Bottle 100ml</strong> by Valentino is built for <strong>winter</strong> wear with a intense sweet spicy profile.</p><p><strong>Fragrance notes:</strong> warm vanilla, dark spice accord, woody amber.</p><p>This listing is optimized for third-party resellers: high-search designer profile, gift-friendly packaging, and repeat-order demand.</p><p><strong>Supplier links:</strong> <a href=""https://www.fragrancenet.com/search/?gsearch=Valentino+Uomo+Born+In+Roma+Extradose+Parfum"">FragranceNet</a> | <a href=""https://www.fragrancex.com/search/search_results?search=Valentino+Uomo+Born+In+Roma+Extradose+Parfum"">FragranceX</a> | <a href=""https://www.perfume.com/search?keyword=Valentino+Uomo+Born+In+Roma+Extradose+Parfum"">Perfume.com</a></p>",235.00,305.50,28,https://cdn.fragrancenet.com/images/photos/900x900/502429.jpg,https://cdn.fragrancenet.com/images/photos/600x600/502429.jpg | https://cdn.fragrancenet.com/images/photos/500x500/502429.jpg | https://cdn.fragrancenet.com/images/photos/300x300/502429.jpg | https://cdn.fragrancenet.com/images/photos/250x250/502429.jpg,active,"cologne,men,valentino,set9,winter,intense-sweet-spicy,stocksync-add-5img"
SET9-VLT-092-502429,Valentino Uomo Born In Roma Extradose Parfum - Gift Set,"<p><strong>Valentino Uomo Born In Roma Extradose Parfum - Gift Set</strong> by Valentino is built for <strong>winter</strong> wear with a intense sweet spicy profile.</p><p><strong>Fragrance notes:</strong> warm vanilla, dark spice accord, woody amber.</p><p>This listing is optimized for third-party resellers: high-search designer profile, gift-friendly packaging, and repeat-order demand.</p><p><strong>Supplier links:</strong> <a href=""https://www.fragrancenet.com/search/?gsearch=Valentino+Uomo+Born+In+Roma+Extradose+Parfum"">FragranceNet</a> | <a href=""https://www.fragrancex.com/search/search_results?search=Valentino+Uomo+Born+In+Roma+Extradose+Parfum"">FragranceX</a> | <a href=""https://www.perfume.com/search?keyword=Valentino+Uomo+Born+In+Roma+Extradose+Parfum"">Perfume.com</a></p>",282.00,366.60,12,https://cdn.fragrancenet.com/images/photos/900x900/502429.jpg,https://cdn.fragrancenet.com/images/photos/600x600/502429.jpg | https://cdn.fragrancenet.com/images/photos/500x500/502429.jpg | https://cdn.fragrancenet.com/images/photos/300x300/502429.jpg | https://cdn.fragrancenet.com/images/photos/250x250/502429.jpg,active,"cologne,men,valentino,set9,winter,intense-sweet-spicy,stocksync-add-5img"
SET9-VLT-093-498871,Valentino Uomo Born In Roma Rockstud Noir Eau de Toilette - Travel Spray 10ml,"<p><strong>Valentino Uomo Born In Roma Rockstud Noir Eau de Toilette - Travel Spray 10ml</strong> by Valentino is built for <strong>winter</strong> wear with a musky creamy woods profile.</p><p><strong>Fragrance notes:</strong> myrrh, vanilla absolute, sandalwood, musk.</p><p>This listing is optimized for third-party resellers: high-search designer profile, gift-friendly packaging, and repeat-order demand.</p><p><strong>Supplier links:</strong> <a href=""https://www.fragrancenet.com/search/?gsearch=Valentino+Uomo+Born+In+Roma+Rockstud+Noir+Eau+de+Toilette"">FragranceNet</a> | <a href=""https://www.fragrancex.com/search/search_results?search=Valentino+Uomo+Born+In+Roma+Rockstud+Noir+Eau+de+Toilette"">FragranceX</a> | <a href=""https://www.perfume.com/search?keyword=Valentino+Uomo+Born+In+Roma+Rockstud+Noir+Eau+de+Toilette"">Perfume.com</a></p>",33.00,42.90,15,https://cdn.fragrancenet.com/images/photos/900x900/498871.jpg,https://cdn.fragrancenet.com/images/photos/600x600/498871.jpg | https://cdn.fragrancenet.com/images/photos/500x500/498871.jpg | https://cdn.fragrancenet.com/images/photos/300x300/498871.jpg | https://cdn.fragrancenet.com/images/photos/250x250/498871.jpg,active,"cologne,men,valentino,set9,winter,musky-creamy-woods,stocksync-add-5img"
SET9-VLT-094-498871,Valentino Uomo Born In Roma Rockstud Noir Eau de Toilette - Bottle 50ml,"<p><strong>Valentino Uomo Born In Roma Rockstud Noir Eau de Toilette - Bottle 50ml</strong> by Valentino is built for <strong>winter</strong> wear with a musky creamy woods profile.</p><p><strong>Fragrance notes:</strong> myrrh, vanilla absolute, sandalwood, musk.</p><p>This listing is optimized for third-party resellers: high-search designer profile, gift-friendly packaging, and repeat-order demand.</p><p><strong>Supplier links:</strong> <a href=""https://www.fragrancenet.com/search/?gsearch=Valentino+Uomo+Born+In+Roma+Rockstud+Noir+Eau+de+Toilette"">FragranceNet</a> | <a href=""https://www.fragrancex.com/search/search_results?search=Valentino+Uomo+Born+In+Roma+Rockstud+Noir+Eau+de+Toilette"">FragranceX</a> | <a href=""https://www.perfume.com/search?keyword=Valentino+Uomo+Born+In+Roma+Rockstud+Noir+Eau+de+Toilette"">Perfume.com</a></p>",90.20,117.26,20,https://cdn.fragrancenet.com/images/photos/900x900/498871.jpg,https://cdn.fragrancenet.com/images/photos/600x600/498871.jpg | https://cdn.fragrancenet.com/images/photos/500x500/498871.jpg | https://cdn.fragrancenet.com/images/photos/300x300/498871.jpg | https://cdn.fragrancenet.com/images/photos/250x250/498871.jpg,active,"cologne,men,valentino,set9,winter,musky-creamy-woods,stocksync-add-5img"
SET9-VLT-095-498871,Valentino Uomo Born In Roma Rockstud Noir Eau de Toilette - Bottle 100ml,"<p><strong>Valentino Uomo Born In Roma Rockstud Noir Eau de Toilette - Bottle 100ml</strong> by Valentino is built for <strong>winter</strong> wear with a musky creamy woods profile.</p><p><strong>Fragrance notes:</strong> myrrh, vanilla absolute, sandalwood, musk.</p><p>This listing is optimized for third-party resellers: high-search designer profile, gift-friendly packaging, and repeat-order demand.</p><p><strong>Supplier links:</strong> <a href=""https://www.fragrancenet.com/search/?gsearch=Valentino+Uomo+Born+In+Roma+Rockstud+Noir+Eau+de+Toilette"">FragranceNet</a> | <a href=""https://www.fragrancex.com/search/search_results?search=Valentino+Uomo+Born+In+Roma+Rockstud+Noir+Eau+de+Toilette"">FragranceX</a> | <a href=""https://www.perfume.com/search?keyword=Valentino+Uomo+Born+In+Roma+Rockstud+Noir+Eau+de+Toilette"">Perfume.com</a></p>",110.00,143.00,28,https://cdn.fragrancenet.com/images/photos/900x900/498871.jpg,https://cdn.fragrancenet.com/images/photos/600x600/498871.jpg | https://cdn.fragrancenet.com/images/photos/500x500/498871.jpg | https://cdn.fragrancenet.com/images/photos/300x300/498871.jpg | https://cdn.fragrancenet.com/images/photos/250x250/498871.jpg,active,"cologne,men,valentino,set9,winter,musky-creamy-woods,stocksync-add-5img"
SET9-VLT-096-498871,Valentino Uomo Born In Roma Rockstud Noir Eau de Toilette - Gift Set,"<p><strong>Valentino Uomo Born In Roma Rockstud Noir Eau de Toilette - Gift Set</strong> by Valentino is built for <strong>winter</strong> wear with a musky creamy woods profile.</p><p><strong>Fragrance notes:</strong> myrrh, vanilla absolute, sandalwood, musk.</p><p>This listing is optimized for third-party resellers: high-search designer profile, gift-friendly packaging, and repeat-order demand.</p><p><strong>Supplier links:</strong> <a href=""https://www.fragrancenet.com/search/?gsearch=Valentino+Uomo+Born+In+Roma+Rockstud+Noir+Eau+de+Toilette"">FragranceNet</a> | <a href=""https://www.fragrancex.com/search/search_results?search=Valentino+Uomo+Born+In+Roma+Rockstud+Noir+Eau+de+Toilette"">FragranceX</a> | <a href=""https://www.perfume.com/search?keyword=Valentino+Uomo+Born+In+Roma+Rockstud+Noir+Eau+de+Toilette"">Perfume.com</a></p>",132.00,171.60,12,https://cdn.fragrancenet.com/images/photos/900x900/498871.jpg,https://cdn.fragrancenet.com/images/photos/600x600/498871.jpg | https://cdn.fragrancenet.com/images/photos/500x500/498871.jpg | https://cdn.fragrancenet.com/images/photos/300x300/498871.jpg | https://cdn.fragrancenet.com/images/photos/250x250/498871.jpg,active,"cologne,men,valentino,set9,winter,musky-creamy-woods,stocksync-add-5img"
SET9-VLT-097-498977,Valentino Uomo Born In Roma The Gold Eau de Toilette - Travel Spray 10ml,"<p><strong>Valentino Uomo Born In Roma The Gold Eau de Toilette - Travel Spray 10ml</strong> by Valentino is built for <strong>summer</strong> wear with a solar amber spicy profile.</p><p><strong>Fragrance notes:</strong> solar notes, nutmeg, virginia cedar, vanilla, amber.</p><p>This listing is optimized for third-party resellers: high-search designer profile, gift-friendly packaging, and repeat-order demand.</p><p><strong>Supplier links:</strong> <a href=""https://www.fragrancenet.com/search/?gsearch=Valentino+Uomo+Born+In+Roma+The+Gold+Eau+de+Toilette"">FragranceNet</a> | <a href=""https://www.fragrancex.com/search/search_results?search=Valentino+Uomo+Born+In+Roma+The+Gold+Eau+de+Toilette"">FragranceX</a> | <a href=""https://www.perfume.com/search?keyword=Valentino+Uomo+Born+In+Roma+The+Gold+Eau+de+Toilette"">Perfume.com</a></p>",72.90,94.77,15,https://cdn.fragrancenet.com/images/photos/900x900/498977.jpg,https://cdn.fragrancenet.com/images/photos/600x600/498977.jpg | https://cdn.fragrancenet.com/images/photos/500x500/498977.jpg | https://cdn.fragrancenet.com/images/photos/300x300/498977.jpg | https://cdn.fragrancenet.com/images/photos/250x250/498977.jpg,active,"cologne,men,valentino,set9,summer,solar-amber-spicy,stocksync-add-5img"
SET9-VLT-098-498977,Valentino Uomo Born In Roma The Gold Eau de Toilette - Bottle 50ml,"<p><strong>Valentino Uomo Born In Roma The Gold Eau de Toilette - Bottle 50ml</strong> by Valentino is built for <strong>summer</strong> wear with a solar amber spicy profile.</p><p><strong>Fragrance notes:</strong> solar notes, nutmeg, virginia cedar, vanilla, amber.</p><p>This listing is optimized for third-party resellers: high-search designer profile, gift-friendly packaging, and repeat-order demand.</p><p><strong>Supplier links:</strong> <a href=""https://www.fragrancenet.com/search/?gsearch=Valentino+Uomo+Born+In+Roma+The+Gold+Eau+de+Toilette"">FragranceNet</a> | <a href=""https://www.fragrancex.com/search/search_results?search=Valentino+Uomo+Born+In+Roma+The+Gold+Eau+de+Toilette"">FragranceX</a> | <a href=""https://www.perfume.com/search?keyword=Valentino+Uomo+Born+In+Roma+The+Gold+Eau+de+Toilette"">Perfume.com</a></p>",199.26,259.04,20,https://cdn.fragrancenet.com/images/photos/900x900/498977.jpg,https://cdn.fragrancenet.com/images/photos/600x600/498977.jpg | https://cdn.fragrancenet.com/images/photos/500x500/498977.jpg | https://cdn.fragrancenet.com/images/photos/300x300/498977.jpg | https://cdn.fragrancenet.com/images/photos/250x250/498977.jpg,active,"cologne,men,valentino,set9,summer,solar-amber-spicy,stocksync-add-5img"
SET9-VLT-099-498977,Valentino Uomo Born In Roma The Gold Eau de Toilette - Bottle 100ml,"<p><strong>Valentino Uomo Born In Roma The Gold Eau de Toilette - Bottle 100ml</strong> by Valentino is built for <strong>summer</strong> wear with a solar amber spicy profile.</p><p><strong>Fragrance notes:</strong> solar notes, nutmeg, virginia cedar, vanilla, amber.</p><p>This listing is optimized for third-party resellers: high-search designer profile, gift-friendly packaging, and repeat-order demand.</p><p><strong>Supplier links:</strong> <a href=""https://www.fragrancenet.com/search/?gsearch=Valentino+Uomo+Born+In+Roma+The+Gold+Eau+de+Toilette"">FragranceNet</a> | <a href=""https://www.fragrancex.com/search/search_results?search=Valentino+Uomo+Born+In+Roma+The+Gold+Eau+de+Toilette"">FragranceX</a> | <a href=""https://www.perfume.com/search?keyword=Valentino+Uomo+Born+In+Roma+The+Gold+Eau+de+Toilette"">Perfume.com</a></p>",243.00,315.90,28,https://cdn.fragrancenet.com/images/photos/900x900/498977.jpg,https://cdn.fragrancenet.com/images/photos/600x600/498977.jpg | https://cdn.fragrancenet.com/images/photos/500x500/498977.jpg | https://cdn.fragrancenet.com/images/photos/300x300/498977.jpg | https://cdn.fragrancenet.com/images/photos/250x250/498977.jpg,active,"cologne,men,valentino,set9,summer,solar-amber-spicy,stocksync-add-5img"
SET9-VLT-100-498977,Valentino Uomo Born In Roma The Gold Eau de Toilette - Gift Set,"<p><strong>Valentino Uomo Born In Roma The Gold Eau de Toilette - Gift Set</strong> by Valentino is built for <strong>summer</strong> wear with a solar amber spicy profile.</p><p><strong>Fragrance notes:</strong> solar notes, nutmeg, virginia cedar, vanilla, amber.</p><p>This listing is optimized for third-party resellers: high-search designer profile, gift-friendly packaging, and repeat-order demand.</p><p><strong>Supplier links:</strong> <a href=""https://www.fragrancenet.com/search/?gsearch=Valentino+Uomo+Born+In+Roma+The+Gold+Eau+de+Toilette"">FragranceNet</a> | <a href=""https://www.fragrancex.com/search/search_results?search=Valentino+Uomo+Born+In+Roma+The+Gold+Eau+de+Toilette"">FragranceX</a> | <a href=""https://www.perfume.com/search?keyword=Valentino+Uomo+Born+In+Roma+The+Gold+Eau+de+Toilette"">Perfume.com</a></p>",291.60,379.08,12,https://cdn.fragrancenet.com/images/photos/900x900/498977.jpg,https://cdn.fragrancenet.com/images/photos/600x600/498977.jpg | https://cdn.fragrancenet.com/images/photos/500x500/498977.jpg | https://cdn.fragrancenet.com/images/photos/300x300/498977.jpg | https://cdn.fragrancenet.com/images/photos/250x250/498977.jpg,active,"cologne,men,valentino,set9,summer,solar-amber-spicy,stocksync-add-5img"
