Handle,Title,Body (HTML),Vendor,Type,Tags,Published,Option1 Name,Option1 Value,Variant SKU,Variant Grams,Variant Inventory Qty,Variant Inventory Policy,Variant Fulfillment Service,Variant Price,Variant Compare At Price,Variant Requires Shipping,Variant Taxable,Image Src,Image Position,Image Alt Text,Status
set9-versace-eros-eau-de-toilette-travel-spray-10ml,Versace Eros Eau de Toilette - Travel Spray 10ml,"<p><strong>Versace Eros Eau de Toilette - Travel Spray 10ml</strong> by Versace is built for <strong>year-round</strong> wear with a fresh aromatic woody profile.</p><p><strong>Fragrance notes:</strong> green apple, lemon, mint, tonka bean, cedar.</p><p>This listing is optimized for third-party resellers: high-search designer profile, gift-friendly packaging, and repeat-order demand.</p><p><strong>Supplier links:</strong> <a href=""https://www.fragrancenet.com/search/?gsearch=Versace+Eros+Eau+de+Toilette"">FragranceNet</a> | <a href=""https://www.fragrancex.com/search/search_results?search=Versace+Eros+Eau+de+Toilette"">FragranceX</a> | <a href=""https://www.perfume.com/search?keyword=Versace+Eros+Eau+de+Toilette"">Perfume.com</a></p>",Versace,Cologne,"cologne,men,versace,set9,year-round,fresh-aromatic-woody",TRUE,Title,Default Title,SET9-VRS-001-232011,350,16,deny,manual,31.36,40.14,TRUE,TRUE,https://cdn.fragrancenet.com/images/photos/900x900/232011.jpg,1,Versace Eros Eau de Toilette - Travel Spray 10ml product image 1,active
set9-versace-eros-eau-de-toilette-travel-spray-10ml,,,,,,,,,,,,,,,,,,https://cdn.fragrancenet.com/images/photos/600x600/232011.jpg,2,Versace Eros Eau de Toilette - Travel Spray 10ml product image 2,
set9-versace-eros-eau-de-toilette-travel-spray-10ml,,,,,,,,,,,,,,,,,,https://cdn.fragrancenet.com/images/photos/500x500/232011.jpg,3,Versace Eros Eau de Toilette - Travel Spray 10ml product image 3,
set9-versace-eros-eau-de-toilette-travel-spray-10ml,,,,,,,,,,,,,,,,,,https://cdn.fragrancenet.com/images/photos/300x300/232011.jpg,4,Versace Eros Eau de Toilette - Travel Spray 10ml product image 4,
set9-versace-eros-eau-de-toilette-travel-spray-10ml,,,,,,,,,,,,,,,,,,https://cdn.fragrancenet.com/images/photos/250x250/232011.jpg,5,Versace Eros Eau de Toilette - Travel Spray 10ml product image 5,
set9-versace-eros-eau-de-toilette-eau-de-toilette-parfum-50ml,Versace Eros Eau de Toilette - Eau de Toilette / Parfum 50ml,"<p><strong>Versace Eros Eau de Toilette - Eau de Toilette / Parfum 50ml</strong> by Versace is built for <strong>year-round</strong> wear with a fresh aromatic woody profile.</p><p><strong>Fragrance notes:</strong> green apple, lemon, mint, tonka bean, cedar.</p><p>This listing is optimized for third-party resellers: high-search designer profile, gift-friendly packaging, and repeat-order demand.</p><p><strong>Supplier links:</strong> <a href=""https://www.fragrancenet.com/search/?gsearch=Versace+Eros+Eau+de+Toilette"">FragranceNet</a> | <a href=""https://www.fragrancex.com/search/search_results?search=Versace+Eros+Eau+de+Toilette"">FragranceX</a> | <a href=""https://www.perfume.com/search?keyword=Versace+Eros+Eau+de+Toilette"">Perfume.com</a></p>",Versace,Cologne,"cologne,men,versace,set9,year-round,fresh-aromatic-woody",TRUE,Title,Default Title,SET9-VRS-002-232011,350,22,deny,manual,84.00,107.52,TRUE,TRUE,https://cdn.fragrancenet.com/images/photos/900x900/232011.jpg,1,Versace Eros Eau de Toilette - Eau de Toilette / Parfum 50ml product image 1,active
set9-versace-eros-eau-de-toilette-eau-de-toilette-parfum-50ml,,,,,,,,,,,,,,,,,,https://cdn.fragrancenet.com/images/photos/600x600/232011.jpg,2,Versace Eros Eau de Toilette - Eau de Toilette / Parfum 50ml product image 2,
set9-versace-eros-eau-de-toilette-eau-de-toilette-parfum-50ml,,,,,,,,,,,,,,,,,,https://cdn.fragrancenet.com/images/photos/500x500/232011.jpg,3,Versace Eros Eau de Toilette - Eau de Toilette / Parfum 50ml product image 3,
set9-versace-eros-eau-de-toilette-eau-de-toilette-parfum-50ml,,,,,,,,,,,,,,,,,,https://cdn.fragrancenet.com/images/photos/300x300/232011.jpg,4,Versace Eros Eau de Toilette - Eau de Toilette / Parfum 50ml product image 4,
set9-versace-eros-eau-de-toilette-eau-de-toilette-parfum-50ml,,,,,,,,,,,,,,,,,,https://cdn.fragrancenet.com/images/photos/250x250/232011.jpg,5,Versace Eros Eau de Toilette - Eau de Toilette / Parfum 50ml product image 5,
set9-versace-eros-eau-de-toilette-eau-de-toilette-parfum-100ml,Versace Eros Eau de Toilette - Eau de Toilette / Parfum 100ml,"<p><strong>Versace Eros Eau de Toilette - Eau de Toilette / Parfum 100ml</strong> by Versace is built for <strong>year-round</strong> wear with a fresh aromatic woody profile.</p><p><strong>Fragrance notes:</strong> green apple, lemon, mint, tonka bean, cedar.</p><p>This listing is optimized for third-party resellers: high-search designer profile, gift-friendly packaging, and repeat-order demand.</p><p><strong>Supplier links:</strong> <a href=""https://www.fragrancenet.com/search/?gsearch=Versace+Eros+Eau+de+Toilette"">FragranceNet</a> | <a href=""https://www.fragrancex.com/search/search_results?search=Versace+Eros+Eau+de+Toilette"">FragranceX</a> | <a href=""https://www.perfume.com/search?keyword=Versace+Eros+Eau+de+Toilette"">Perfume.com</a></p>",Versace,Cologne,"cologne,men,versace,set9,year-round,fresh-aromatic-woody",TRUE,Title,Default Title,SET9-VRS-003-232011,350,30,deny,manual,112.00,143.36,TRUE,TRUE,https://cdn.fragrancenet.com/images/photos/900x900/232011.jpg,1,Versace Eros Eau de Toilette - Eau de Toilette / Parfum 100ml product image 1,active
set9-versace-eros-eau-de-toilette-eau-de-toilette-parfum-100ml,,,,,,,,,,,,,,,,,,https://cdn.fragrancenet.com/images/photos/600x600/232011.jpg,2,Versace Eros Eau de Toilette - Eau de Toilette / Parfum 100ml product image 2,
set9-versace-eros-eau-de-toilette-eau-de-toilette-parfum-100ml,,,,,,,,,,,,,,,,,,https://cdn.fragrancenet.com/images/photos/500x500/232011.jpg,3,Versace Eros Eau de Toilette - Eau de Toilette / Parfum 100ml product image 3,
set9-versace-eros-eau-de-toilette-eau-de-toilette-parfum-100ml,,,,,,,,,,,,,,,,,,https://cdn.fragrancenet.com/images/photos/300x300/232011.jpg,4,Versace Eros Eau de Toilette - Eau de Toilette / Parfum 100ml product image 4,
set9-versace-eros-eau-de-toilette-eau-de-toilette-parfum-100ml,,,,,,,,,,,,,,,,,,https://cdn.fragrancenet.com/images/photos/250x250/232011.jpg,5,Versace Eros Eau de Toilette - Eau de Toilette / Parfum 100ml product image 5,
set9-versace-eros-eau-de-toilette-large-bottle-150ml,Versace Eros Eau de Toilette - Large Bottle 150ml,"<p><strong>Versace Eros Eau de Toilette - Large Bottle 150ml</strong> by Versace is built for <strong>year-round</strong> wear with a fresh aromatic woody profile.</p><p><strong>Fragrance notes:</strong> green apple, lemon, mint, tonka bean, cedar.</p><p>This listing is optimized for third-party resellers: high-search designer profile, gift-friendly packaging, and repeat-order demand.</p><p><strong>Supplier links:</strong> <a href=""https://www.fragrancenet.com/search/?gsearch=Versace+Eros+Eau+de+Toilette"">FragranceNet</a> | <a href=""https://www.fragrancex.com/search/search_results?search=Versace+Eros+Eau+de+Toilette"">FragranceX</a> | <a href=""https://www.perfume.com/search?keyword=Versace+Eros+Eau+de+Toilette"">Perfume.com</a></p>",Versace,Cologne,"cologne,men,versace,set9,year-round,fresh-aromatic-woody",TRUE,Title,Default Title,SET9-VRS-004-232011,350,18,deny,manual,140.00,179.20,TRUE,TRUE,https://cdn.fragrancenet.com/images/photos/900x900/232011.jpg,1,Versace Eros Eau de Toilette - Large Bottle 150ml product image 1,active
set9-versace-eros-eau-de-toilette-large-bottle-150ml,,,,,,,,,,,,,,,,,,https://cdn.fragrancenet.com/images/photos/600x600/232011.jpg,2,Versace Eros Eau de Toilette - Large Bottle 150ml product image 2,
set9-versace-eros-eau-de-toilette-large-bottle-150ml,,,,,,,,,,,,,,,,,,https://cdn.fragrancenet.com/images/photos/500x500/232011.jpg,3,Versace Eros Eau de Toilette - Large Bottle 150ml product image 3,
set9-versace-eros-eau-de-toilette-large-bottle-150ml,,,,,,,,,,,,,,,,,,https://cdn.fragrancenet.com/images/photos/300x300/232011.jpg,4,Versace Eros Eau de Toilette - Large Bottle 150ml product image 4,
set9-versace-eros-eau-de-toilette-large-bottle-150ml,,,,,,,,,,,,,,,,,,https://cdn.fragrancenet.com/images/photos/250x250/232011.jpg,5,Versace Eros Eau de Toilette - Large Bottle 150ml product image 5,
set9-versace-eros-eau-de-toilette-gift-set,Versace Eros Eau de Toilette - Gift Set,"<p><strong>Versace Eros Eau de Toilette - Gift Set</strong> by Versace is built for <strong>year-round</strong> wear with a fresh aromatic woody profile.</p><p><strong>Fragrance notes:</strong> green apple, lemon, mint, tonka bean, cedar.</p><p>This listing is optimized for third-party resellers: high-search designer profile, gift-friendly packaging, and repeat-order demand.</p><p><strong>Supplier links:</strong> <a href=""https://www.fragrancenet.com/search/?gsearch=Versace+Eros+Eau+de+Toilette"">FragranceNet</a> | <a href=""https://www.fragrancex.com/search/search_results?search=Versace+Eros+Eau+de+Toilette"">FragranceX</a> | <a href=""https://www.perfume.com/search?keyword=Versace+Eros+Eau+de+Toilette"">Perfume.com</a></p>",Versace,Cologne,"cologne,men,versace,set9,year-round,fresh-aromatic-woody",TRUE,Title,Default Title,SET9-VRS-005-232011,350,14,deny,manual,132.16,169.16,TRUE,TRUE,https://cdn.fragrancenet.com/images/photos/900x900/232011.jpg,1,Versace Eros Eau de Toilette - Gift Set product image 1,active
set9-versace-eros-eau-de-toilette-gift-set,,,,,,,,,,,,,,,,,,https://cdn.fragrancenet.com/images/photos/600x600/232011.jpg,2,Versace Eros Eau de Toilette - Gift Set product image 2,
set9-versace-eros-eau-de-toilette-gift-set,,,,,,,,,,,,,,,,,,https://cdn.fragrancenet.com/images/photos/500x500/232011.jpg,3,Versace Eros Eau de Toilette - Gift Set product image 3,
set9-versace-eros-eau-de-toilette-gift-set,,,,,,,,,,,,,,,,,,https://cdn.fragrancenet.com/images/photos/300x300/232011.jpg,4,Versace Eros Eau de Toilette - Gift Set product image 4,
set9-versace-eros-eau-de-toilette-gift-set,,,,,,,,,,,,,,,,,,https://cdn.fragrancenet.com/images/photos/250x250/232011.jpg,5,Versace Eros Eau de Toilette - Gift Set product image 5,
set9-versace-eros-eau-de-parfum-travel-spray-10ml,Versace Eros Eau de Parfum - Travel Spray 10ml,"<p><strong>Versace Eros Eau de Parfum - Travel Spray 10ml</strong> by Versace is built for <strong>year-round</strong> wear with a warm aromatic vanilla profile.</p><p><strong>Fragrance notes:</strong> mint, lemon, tonka bean, vetiver, vanilla.</p><p>This listing is optimized for third-party resellers: high-search designer profile, gift-friendly packaging, and repeat-order demand.</p><p><strong>Supplier links:</strong> <a href=""https://www.fragrancenet.com/search/?gsearch=Versace+Eros+Eau+de+Parfum"">FragranceNet</a> | <a href=""https://www.fragrancex.com/search/search_results?search=Versace+Eros+Eau+de+Parfum"">FragranceX</a> | <a href=""https://www.perfume.com/search?keyword=Versace+Eros+Eau+de+Parfum"">Perfume.com</a></p>",Versace,Cologne,"cologne,men,versace,set9,year-round,warm-aromatic-vanilla",TRUE,Title,Default Title,SET9-VRS-006-372595,350,16,deny,manual,33.04,42.29,TRUE,TRUE,https://cdn.fragrancenet.com/images/photos/900x900/372595.jpg,1,Versace Eros Eau de Parfum - Travel Spray 10ml product image 1,active
set9-versace-eros-eau-de-parfum-travel-spray-10ml,,,,,,,,,,,,,,,,,,https://cdn.fragrancenet.com/images/photos/600x600/372595.jpg,2,Versace Eros Eau de Parfum - Travel Spray 10ml product image 2,
set9-versace-eros-eau-de-parfum-travel-spray-10ml,,,,,,,,,,,,,,,,,,https://cdn.fragrancenet.com/images/photos/500x500/372595.jpg,3,Versace Eros Eau de Parfum - Travel Spray 10ml product image 3,
set9-versace-eros-eau-de-parfum-travel-spray-10ml,,,,,,,,,,,,,,,,,,https://cdn.fragrancenet.com/images/photos/300x300/372595.jpg,4,Versace Eros Eau de Parfum - Travel Spray 10ml product image 4,
set9-versace-eros-eau-de-parfum-travel-spray-10ml,,,,,,,,,,,,,,,,,,https://cdn.fragrancenet.com/images/photos/250x250/372595.jpg,5,Versace Eros Eau de Parfum - Travel Spray 10ml product image 5,
set9-versace-eros-eau-de-parfum-eau-de-toilette-parfum-50ml,Versace Eros Eau de Parfum - Eau de Toilette / Parfum 50ml,"<p><strong>Versace Eros Eau de Parfum - Eau de Toilette / Parfum 50ml</strong> by Versace is built for <strong>year-round</strong> wear with a warm aromatic vanilla profile.</p><p><strong>Fragrance notes:</strong> mint, lemon, tonka bean, vetiver, vanilla.</p><p>This listing is optimized for third-party resellers: high-search designer profile, gift-friendly packaging, and repeat-order demand.</p><p><strong>Supplier links:</strong> <a href=""https://www.fragrancenet.com/search/?gsearch=Versace+Eros+Eau+de+Parfum"">FragranceNet</a> | <a href=""https://www.fragrancex.com/search/search_results?search=Versace+Eros+Eau+de+Parfum"">FragranceX</a> | <a href=""https://www.perfume.com/search?keyword=Versace+Eros+Eau+de+Parfum"">Perfume.com</a></p>",Versace,Cologne,"cologne,men,versace,set9,year-round,warm-aromatic-vanilla",TRUE,Title,Default Title,SET9-VRS-007-372595,350,22,deny,manual,88.50,113.28,TRUE,TRUE,https://cdn.fragrancenet.com/images/photos/900x900/372595.jpg,1,Versace Eros Eau de Parfum - Eau de Toilette / Parfum 50ml product image 1,active
set9-versace-eros-eau-de-parfum-eau-de-toilette-parfum-50ml,,,,,,,,,,,,,,,,,,https://cdn.fragrancenet.com/images/photos/600x600/372595.jpg,2,Versace Eros Eau de Parfum - Eau de Toilette / Parfum 50ml product image 2,
set9-versace-eros-eau-de-parfum-eau-de-toilette-parfum-50ml,,,,,,,,,,,,,,,,,,https://cdn.fragrancenet.com/images/photos/500x500/372595.jpg,3,Versace Eros Eau de Parfum - Eau de Toilette / Parfum 50ml product image 3,
set9-versace-eros-eau-de-parfum-eau-de-toilette-parfum-50ml,,,,,,,,,,,,,,,,,,https://cdn.fragrancenet.com/images/photos/300x300/372595.jpg,4,Versace Eros Eau de Parfum - Eau de Toilette / Parfum 50ml product image 4,
set9-versace-eros-eau-de-parfum-eau-de-toilette-parfum-50ml,,,,,,,,,,,,,,,,,,https://cdn.fragrancenet.com/images/photos/250x250/372595.jpg,5,Versace Eros Eau de Parfum - Eau de Toilette / Parfum 50ml product image 5,
set9-versace-eros-eau-de-parfum-eau-de-toilette-parfum-100ml,Versace Eros Eau de Parfum - Eau de Toilette / Parfum 100ml,"<p><strong>Versace Eros Eau de Parfum - Eau de Toilette / Parfum 100ml</strong> by Versace is built for <strong>year-round</strong> wear with a warm aromatic vanilla profile.</p><p><strong>Fragrance notes:</strong> mint, lemon, tonka bean, vetiver, vanilla.</p><p>This listing is optimized for third-party resellers: high-search designer profile, gift-friendly packaging, and repeat-order demand.</p><p><strong>Supplier links:</strong> <a href=""https://www.fragrancenet.com/search/?gsearch=Versace+Eros+Eau+de+Parfum"">FragranceNet</a> | <a href=""https://www.fragrancex.com/search/search_results?search=Versace+Eros+Eau+de+Parfum"">FragranceX</a> | <a href=""https://www.perfume.com/search?keyword=Versace+Eros+Eau+de+Parfum"">Perfume.com</a></p>",Versace,Cologne,"cologne,men,versace,set9,year-round,warm-aromatic-vanilla",TRUE,Title,Default Title,SET9-VRS-008-372595,350,30,deny,manual,118.00,151.04,TRUE,TRUE,https://cdn.fragrancenet.com/images/photos/900x900/372595.jpg,1,Versace Eros Eau de Parfum - Eau de Toilette / Parfum 100ml product image 1,active
set9-versace-eros-eau-de-parfum-eau-de-toilette-parfum-100ml,,,,,,,,,,,,,,,,,,https://cdn.fragrancenet.com/images/photos/600x600/372595.jpg,2,Versace Eros Eau de Parfum - Eau de Toilette / Parfum 100ml product image 2,
set9-versace-eros-eau-de-parfum-eau-de-toilette-parfum-100ml,,,,,,,,,,,,,,,,,,https://cdn.fragrancenet.com/images/photos/500x500/372595.jpg,3,Versace Eros Eau de Parfum - Eau de Toilette / Parfum 100ml product image 3,
set9-versace-eros-eau-de-parfum-eau-de-toilette-parfum-100ml,,,,,,,,,,,,,,,,,,https://cdn.fragrancenet.com/images/photos/300x300/372595.jpg,4,Versace Eros Eau de Parfum - Eau de Toilette / Parfum 100ml product image 4,
set9-versace-eros-eau-de-parfum-eau-de-toilette-parfum-100ml,,,,,,,,,,,,,,,,,,https://cdn.fragrancenet.com/images/photos/250x250/372595.jpg,5,Versace Eros Eau de Parfum - Eau de Toilette / Parfum 100ml product image 5,
set9-versace-eros-eau-de-parfum-large-bottle-150ml,Versace Eros Eau de Parfum - Large Bottle 150ml,"<p><strong>Versace Eros Eau de Parfum - Large Bottle 150ml</strong> by Versace is built for <strong>year-round</strong> wear with a warm aromatic vanilla profile.</p><p><strong>Fragrance notes:</strong> mint, lemon, tonka bean, vetiver, vanilla.</p><p>This listing is optimized for third-party resellers: high-search designer profile, gift-friendly packaging, and repeat-order demand.</p><p><strong>Supplier links:</strong> <a href=""https://www.fragrancenet.com/search/?gsearch=Versace+Eros+Eau+de+Parfum"">FragranceNet</a> | <a href=""https://www.fragrancex.com/search/search_results?search=Versace+Eros+Eau+de+Parfum"">FragranceX</a> | <a href=""https://www.perfume.com/search?keyword=Versace+Eros+Eau+de+Parfum"">Perfume.com</a></p>",Versace,Cologne,"cologne,men,versace,set9,year-round,warm-aromatic-vanilla",TRUE,Title,Default Title,SET9-VRS-009-372595,350,18,deny,manual,147.50,188.80,TRUE,TRUE,https://cdn.fragrancenet.com/images/photos/900x900/372595.jpg,1,Versace Eros Eau de Parfum - Large Bottle 150ml product image 1,active
set9-versace-eros-eau-de-parfum-large-bottle-150ml,,,,,,,,,,,,,,,,,,https://cdn.fragrancenet.com/images/photos/600x600/372595.jpg,2,Versace Eros Eau de Parfum - Large Bottle 150ml product image 2,
set9-versace-eros-eau-de-parfum-large-bottle-150ml,,,,,,,,,,,,,,,,,,https://cdn.fragrancenet.com/images/photos/500x500/372595.jpg,3,Versace Eros Eau de Parfum - Large Bottle 150ml product image 3,
set9-versace-eros-eau-de-parfum-large-bottle-150ml,,,,,,,,,,,,,,,,,,https://cdn.fragrancenet.com/images/photos/300x300/372595.jpg,4,Versace Eros Eau de Parfum - Large Bottle 150ml product image 4,
set9-versace-eros-eau-de-parfum-large-bottle-150ml,,,,,,,,,,,,,,,,,,https://cdn.fragrancenet.com/images/photos/250x250/372595.jpg,5,Versace Eros Eau de Parfum - Large Bottle 150ml product image 5,
set9-versace-eros-eau-de-parfum-gift-set,Versace Eros Eau de Parfum - Gift Set,"<p><strong>Versace Eros Eau de Parfum - Gift Set</strong> by Versace is built for <strong>year-round</strong> wear with a warm aromatic vanilla profile.</p><p><strong>Fragrance notes:</strong> mint, lemon, tonka bean, vetiver, vanilla.</p><p>This listing is optimized for third-party resellers: high-search designer profile, gift-friendly packaging, and repeat-order demand.</p><p><strong>Supplier links:</strong> <a href=""https://www.fragrancenet.com/search/?gsearch=Versace+Eros+Eau+de+Parfum"">FragranceNet</a> | <a href=""https://www.fragrancex.com/search/search_results?search=Versace+Eros+Eau+de+Parfum"">FragranceX</a> | <a href=""https://www.perfume.com/search?keyword=Versace+Eros+Eau+de+Parfum"">Perfume.com</a></p>",Versace,Cologne,"cologne,men,versace,set9,year-round,warm-aromatic-vanilla",TRUE,Title,Default Title,SET9-VRS-010-372595,350,14,deny,manual,139.24,178.23,TRUE,TRUE,https://cdn.fragrancenet.com/images/photos/900x900/372595.jpg,1,Versace Eros Eau de Parfum - Gift Set product image 1,active
set9-versace-eros-eau-de-parfum-gift-set,,,,,,,,,,,,,,,,,,https://cdn.fragrancenet.com/images/photos/600x600/372595.jpg,2,Versace Eros Eau de Parfum - Gift Set product image 2,
set9-versace-eros-eau-de-parfum-gift-set,,,,,,,,,,,,,,,,,,https://cdn.fragrancenet.com/images/photos/500x500/372595.jpg,3,Versace Eros Eau de Parfum - Gift Set product image 3,
set9-versace-eros-eau-de-parfum-gift-set,,,,,,,,,,,,,,,,,,https://cdn.fragrancenet.com/images/photos/300x300/372595.jpg,4,Versace Eros Eau de Parfum - Gift Set product image 4,
set9-versace-eros-eau-de-parfum-gift-set,,,,,,,,,,,,,,,,,,https://cdn.fragrancenet.com/images/photos/250x250/372595.jpg,5,Versace Eros Eau de Parfum - Gift Set product image 5,
set9-versace-eros-flame-eau-de-parfum-travel-spray-10ml,Versace Eros Flame Eau de Parfum - Travel Spray 10ml,"<p><strong>Versace Eros Flame Eau de Parfum - Travel Spray 10ml</strong> by Versace is built for <strong>winter</strong> wear with a spicy amber woody profile.</p><p><strong>Fragrance notes:</strong> mandarin, black pepper, rosemary, tonka bean, sandalwood.</p><p>This listing is optimized for third-party resellers: high-search designer profile, gift-friendly packaging, and repeat-order demand.</p><p><strong>Supplier links:</strong> <a href=""https://www.fragrancenet.com/search/?gsearch=Versace+Eros+Flame+Eau+de+Parfum"">FragranceNet</a> | <a href=""https://www.fragrancex.com/search/search_results?search=Versace+Eros+Flame+Eau+de+Parfum"">FragranceX</a> | <a href=""https://www.perfume.com/search?keyword=Versace+Eros+Flame+Eau+de+Parfum"">Perfume.com</a></p>",Versace,Cologne,"cologne,men,versace,set9,winter,spicy-amber-woody",TRUE,Title,Default Title,SET9-VRS-011-332213,350,16,deny,manual,30.24,38.71,TRUE,TRUE,https://cdn.fragrancenet.com/images/photos/900x900/332213.jpg,1,Versace Eros Flame Eau de Parfum - Travel Spray 10ml product image 1,active
set9-versace-eros-flame-eau-de-parfum-travel-spray-10ml,,,,,,,,,,,,,,,,,,https://cdn.fragrancenet.com/images/photos/600x600/332213.jpg,2,Versace Eros Flame Eau de Parfum - Travel Spray 10ml product image 2,
set9-versace-eros-flame-eau-de-parfum-travel-spray-10ml,,,,,,,,,,,,,,,,,,https://cdn.fragrancenet.com/images/photos/500x500/332213.jpg,3,Versace Eros Flame Eau de Parfum - Travel Spray 10ml product image 3,
set9-versace-eros-flame-eau-de-parfum-travel-spray-10ml,,,,,,,,,,,,,,,,,,https://cdn.fragrancenet.com/images/photos/300x300/332213.jpg,4,Versace Eros Flame Eau de Parfum - Travel Spray 10ml product image 4,
set9-versace-eros-flame-eau-de-parfum-travel-spray-10ml,,,,,,,,,,,,,,,,,,https://cdn.fragrancenet.com/images/photos/250x250/332213.jpg,5,Versace Eros Flame Eau de Parfum - Travel Spray 10ml product image 5,
set9-versace-eros-flame-eau-de-parfum-eau-de-toilette-parfum-50ml,Versace Eros Flame Eau de Parfum - Eau de Toilette / Parfum 50ml,"<p><strong>Versace Eros Flame Eau de Parfum - Eau de Toilette / Parfum 50ml</strong> by Versace is built for <strong>winter</strong> wear with a spicy amber woody profile.</p><p><strong>Fragrance notes:</strong> mandarin, black pepper, rosemary, tonka bean, sandalwood.</p><p>This listing is optimized for third-party resellers: high-search designer profile, gift-friendly packaging, and repeat-order demand.</p><p><strong>Supplier links:</strong> <a href=""https://www.fragrancenet.com/search/?gsearch=Versace+Eros+Flame+Eau+de+Parfum"">FragranceNet</a> | <a href=""https://www.fragrancex.com/search/search_results?search=Versace+Eros+Flame+Eau+de+Parfum"">FragranceX</a> | <a href=""https://www.perfume.com/search?keyword=Versace+Eros+Flame+Eau+de+Parfum"">Perfume.com</a></p>",Versace,Cologne,"cologne,men,versace,set9,winter,spicy-amber-woody",TRUE,Title,Default Title,SET9-VRS-012-332213,350,22,deny,manual,81.00,103.68,TRUE,TRUE,https://cdn.fragrancenet.com/images/photos/900x900/332213.jpg,1,Versace Eros Flame Eau de Parfum - Eau de Toilette / Parfum 50ml product image 1,active
set9-versace-eros-flame-eau-de-parfum-eau-de-toilette-parfum-50ml,,,,,,,,,,,,,,,,,,https://cdn.fragrancenet.com/images/photos/600x600/332213.jpg,2,Versace Eros Flame Eau de Parfum - Eau de Toilette / Parfum 50ml product image 2,
set9-versace-eros-flame-eau-de-parfum-eau-de-toilette-parfum-50ml,,,,,,,,,,,,,,,,,,https://cdn.fragrancenet.com/images/photos/500x500/332213.jpg,3,Versace Eros Flame Eau de Parfum - Eau de Toilette / Parfum 50ml product image 3,
set9-versace-eros-flame-eau-de-parfum-eau-de-toilette-parfum-50ml,,,,,,,,,,,,,,,,,,https://cdn.fragrancenet.com/images/photos/300x300/332213.jpg,4,Versace Eros Flame Eau de Parfum - Eau de Toilette / Parfum 50ml product image 4,
set9-versace-eros-flame-eau-de-parfum-eau-de-toilette-parfum-50ml,,,,,,,,,,,,,,,,,,https://cdn.fragrancenet.com/images/photos/250x250/332213.jpg,5,Versace Eros Flame Eau de Parfum - Eau de Toilette / Parfum 50ml product image 5,
set9-versace-eros-flame-eau-de-parfum-eau-de-toilette-parfum-100ml,Versace Eros Flame Eau de Parfum - Eau de Toilette / Parfum 100ml,"<p><strong>Versace Eros Flame Eau de Parfum - Eau de Toilette / Parfum 100ml</strong> by Versace is built for <strong>winter</strong> wear with a spicy amber woody profile.</p><p><strong>Fragrance notes:</strong> mandarin, black pepper, rosemary, tonka bean, sandalwood.</p><p>This listing is optimized for third-party resellers: high-search designer profile, gift-friendly packaging, and repeat-order demand.</p><p><strong>Supplier links:</strong> <a href=""https://www.fragrancenet.com/search/?gsearch=Versace+Eros+Flame+Eau+de+Parfum"">FragranceNet</a> | <a href=""https://www.fragrancex.com/search/search_results?search=Versace+Eros+Flame+Eau+de+Parfum"">FragranceX</a> | <a href=""https://www.perfume.com/search?keyword=Versace+Eros+Flame+Eau+de+Parfum"">Perfume.com</a></p>",Versace,Cologne,"cologne,men,versace,set9,winter,spicy-amber-woody",TRUE,Title,Default Title,SET9-VRS-013-332213,350,30,deny,manual,108.00,138.24,TRUE,TRUE,https://cdn.fragrancenet.com/images/photos/900x900/332213.jpg,1,Versace Eros Flame Eau de Parfum - Eau de Toilette / Parfum 100ml product image 1,active
set9-versace-eros-flame-eau-de-parfum-eau-de-toilette-parfum-100ml,,,,,,,,,,,,,,,,,,https://cdn.fragrancenet.com/images/photos/600x600/332213.jpg,2,Versace Eros Flame Eau de Parfum - Eau de Toilette / Parfum 100ml product image 2,
set9-versace-eros-flame-eau-de-parfum-eau-de-toilette-parfum-100ml,,,,,,,,,,,,,,,,,,https://cdn.fragrancenet.com/images/photos/500x500/332213.jpg,3,Versace Eros Flame Eau de Parfum - Eau de Toilette / Parfum 100ml product image 3,
set9-versace-eros-flame-eau-de-parfum-eau-de-toilette-parfum-100ml,,,,,,,,,,,,,,,,,,https://cdn.fragrancenet.com/images/photos/300x300/332213.jpg,4,Versace Eros Flame Eau de Parfum - Eau de Toilette / Parfum 100ml product image 4,
set9-versace-eros-flame-eau-de-parfum-eau-de-toilette-parfum-100ml,,,,,,,,,,,,,,,,,,https://cdn.fragrancenet.com/images/photos/250x250/332213.jpg,5,Versace Eros Flame Eau de Parfum - Eau de Toilette / Parfum 100ml product image 5,
set9-versace-eros-flame-eau-de-parfum-large-bottle-150ml,Versace Eros Flame Eau de Parfum - Large Bottle 150ml,"<p><strong>Versace Eros Flame Eau de Parfum - Large Bottle 150ml</strong> by Versace is built for <strong>winter</strong> wear with a spicy amber woody profile.</p><p><strong>Fragrance notes:</strong> mandarin, black pepper, rosemary, tonka bean, sandalwood.</p><p>This listing is optimized for third-party resellers: high-search designer profile, gift-friendly packaging, and repeat-order demand.</p><p><strong>Supplier links:</strong> <a href=""https://www.fragrancenet.com/search/?gsearch=Versace+Eros+Flame+Eau+de+Parfum"">FragranceNet</a> | <a href=""https://www.fragrancex.com/search/search_results?search=Versace+Eros+Flame+Eau+de+Parfum"">FragranceX</a> | <a href=""https://www.perfume.com/search?keyword=Versace+Eros+Flame+Eau+de+Parfum"">Perfume.com</a></p>",Versace,Cologne,"cologne,men,versace,set9,winter,spicy-amber-woody",TRUE,Title,Default Title,SET9-VRS-014-332213,350,18,deny,manual,135.00,172.80,TRUE,TRUE,https://cdn.fragrancenet.com/images/photos/900x900/332213.jpg,1,Versace Eros Flame Eau de Parfum - Large Bottle 150ml product image 1,active
set9-versace-eros-flame-eau-de-parfum-large-bottle-150ml,,,,,,,,,,,,,,,,,,https://cdn.fragrancenet.com/images/photos/600x600/332213.jpg,2,Versace Eros Flame Eau de Parfum - Large Bottle 150ml product image 2,
set9-versace-eros-flame-eau-de-parfum-large-bottle-150ml,,,,,,,,,,,,,,,,,,https://cdn.fragrancenet.com/images/photos/500x500/332213.jpg,3,Versace Eros Flame Eau de Parfum - Large Bottle 150ml product image 3,
set9-versace-eros-flame-eau-de-parfum-large-bottle-150ml,,,,,,,,,,,,,,,,,,https://cdn.fragrancenet.com/images/photos/300x300/332213.jpg,4,Versace Eros Flame Eau de Parfum - Large Bottle 150ml product image 4,
set9-versace-eros-flame-eau-de-parfum-large-bottle-150ml,,,,,,,,,,,,,,,,,,https://cdn.fragrancenet.com/images/photos/250x250/332213.jpg,5,Versace Eros Flame Eau de Parfum - Large Bottle 150ml product image 5,
set9-versace-eros-flame-eau-de-parfum-gift-set,Versace Eros Flame Eau de Parfum - Gift Set,"<p><strong>Versace Eros Flame Eau de Parfum - Gift Set</strong> by Versace is built for <strong>winter</strong> wear with a spicy amber woody profile.</p><p><strong>Fragrance notes:</strong> mandarin, black pepper, rosemary, tonka bean, sandalwood.</p><p>This listing is optimized for third-party resellers: high-search designer profile, gift-friendly packaging, and repeat-order demand.</p><p><strong>Supplier links:</strong> <a href=""https://www.fragrancenet.com/search/?gsearch=Versace+Eros+Flame+Eau+de+Parfum"">FragranceNet</a> | <a href=""https://www.fragrancex.com/search/search_results?search=Versace+Eros+Flame+Eau+de+Parfum"">FragranceX</a> | <a href=""https://www.perfume.com/search?keyword=Versace+Eros+Flame+Eau+de+Parfum"">Perfume.com</a></p>",Versace,Cologne,"cologne,men,versace,set9,winter,spicy-amber-woody",TRUE,Title,Default Title,SET9-VRS-015-332213,350,14,deny,manual,127.44,163.12,TRUE,TRUE,https://cdn.fragrancenet.com/images/photos/900x900/332213.jpg,1,Versace Eros Flame Eau de Parfum - Gift Set product image 1,active
set9-versace-eros-flame-eau-de-parfum-gift-set,,,,,,,,,,,,,,,,,,https://cdn.fragrancenet.com/images/photos/600x600/332213.jpg,2,Versace Eros Flame Eau de Parfum - Gift Set product image 2,
set9-versace-eros-flame-eau-de-parfum-gift-set,,,,,,,,,,,,,,,,,,https://cdn.fragrancenet.com/images/photos/500x500/332213.jpg,3,Versace Eros Flame Eau de Parfum - Gift Set product image 3,
set9-versace-eros-flame-eau-de-parfum-gift-set,,,,,,,,,,,,,,,,,,https://cdn.fragrancenet.com/images/photos/300x300/332213.jpg,4,Versace Eros Flame Eau de Parfum - Gift Set product image 4,
set9-versace-eros-flame-eau-de-parfum-gift-set,,,,,,,,,,,,,,,,,,https://cdn.fragrancenet.com/images/photos/250x250/332213.jpg,5,Versace Eros Flame Eau de Parfum - Gift Set product image 5,
set9-versace-eros-parfum-travel-spray-10ml,Versace Eros Parfum - Travel Spray 10ml,"<p><strong>Versace Eros Parfum - Travel Spray 10ml</strong> by Versace is built for <strong>winter</strong> wear with a rich sweet woody profile.</p><p><strong>Fragrance notes:</strong> apple, mint, geranium, cedar, vanilla.</p><p>This listing is optimized for third-party resellers: high-search designer profile, gift-friendly packaging, and repeat-order demand.</p><p><strong>Supplier links:</strong> <a href=""https://www.fragrancenet.com/search/?gsearch=Versace+Eros+Parfum"">FragranceNet</a> | <a href=""https://www.fragrancex.com/search/search_results?search=Versace+Eros+Parfum"">FragranceX</a> | <a href=""https://www.perfume.com/search?keyword=Versace+Eros+Parfum"">Perfume.com</a></p>",Versace,Cologne,"cologne,men,versace,set9,winter,rich-sweet-woody",TRUE,Title,Default Title,SET9-VRS-016-421287,350,16,deny,manual,35.00,44.80,TRUE,TRUE,https://cdn.fragrancenet.com/images/photos/900x900/421287.jpg,1,Versace Eros Parfum - Travel Spray 10ml product image 1,active
set9-versace-eros-parfum-travel-spray-10ml,,,,,,,,,,,,,,,,,,https://cdn.fragrancenet.com/images/photos/600x600/421287.jpg,2,Versace Eros Parfum - Travel Spray 10ml product image 2,
set9-versace-eros-parfum-travel-spray-10ml,,,,,,,,,,,,,,,,,,https://cdn.fragrancenet.com/images/photos/500x500/421287.jpg,3,Versace Eros Parfum - Travel Spray 10ml product image 3,
set9-versace-eros-parfum-travel-spray-10ml,,,,,,,,,,,,,,,,,,https://cdn.fragrancenet.com/images/photos/300x300/421287.jpg,4,Versace Eros Parfum - Travel Spray 10ml product image 4,
set9-versace-eros-parfum-travel-spray-10ml,,,,,,,,,,,,,,,,,,https://cdn.fragrancenet.com/images/photos/250x250/421287.jpg,5,Versace Eros Parfum - Travel Spray 10ml product image 5,
set9-versace-eros-parfum-eau-de-toilette-parfum-50ml,Versace Eros Parfum - Eau de Toilette / Parfum 50ml,"<p><strong>Versace Eros Parfum - Eau de Toilette / Parfum 50ml</strong> by Versace is built for <strong>winter</strong> wear with a rich sweet woody profile.</p><p><strong>Fragrance notes:</strong> apple, mint, geranium, cedar, vanilla.</p><p>This listing is optimized for third-party resellers: high-search designer profile, gift-friendly packaging, and repeat-order demand.</p><p><strong>Supplier links:</strong> <a href=""https://www.fragrancenet.com/search/?gsearch=Versace+Eros+Parfum"">FragranceNet</a> | <a href=""https://www.fragrancex.com/search/search_results?search=Versace+Eros+Parfum"">FragranceX</a> | <a href=""https://www.perfume.com/search?keyword=Versace+Eros+Parfum"">Perfume.com</a></p>",Versace,Cologne,"cologne,men,versace,set9,winter,rich-sweet-woody",TRUE,Title,Default Title,SET9-VRS-017-421287,350,22,deny,manual,93.75,120.00,TRUE,TRUE,https://cdn.fragrancenet.com/images/photos/900x900/421287.jpg,1,Versace Eros Parfum - Eau de Toilette / Parfum 50ml product image 1,active
set9-versace-eros-parfum-eau-de-toilette-parfum-50ml,,,,,,,,,,,,,,,,,,https://cdn.fragrancenet.com/images/photos/600x600/421287.jpg,2,Versace Eros Parfum - Eau de Toilette / Parfum 50ml product image 2,
set9-versace-eros-parfum-eau-de-toilette-parfum-50ml,,,,,,,,,,,,,,,,,,https://cdn.fragrancenet.com/images/photos/500x500/421287.jpg,3,Versace Eros Parfum - Eau de Toilette / Parfum 50ml product image 3,
set9-versace-eros-parfum-eau-de-toilette-parfum-50ml,,,,,,,,,,,,,,,,,,https://cdn.fragrancenet.com/images/photos/300x300/421287.jpg,4,Versace Eros Parfum - Eau de Toilette / Parfum 50ml product image 4,
set9-versace-eros-parfum-eau-de-toilette-parfum-50ml,,,,,,,,,,,,,,,,,,https://cdn.fragrancenet.com/images/photos/250x250/421287.jpg,5,Versace Eros Parfum - Eau de Toilette / Parfum 50ml product image 5,
set9-versace-eros-parfum-eau-de-toilette-parfum-100ml,Versace Eros Parfum - Eau de Toilette / Parfum 100ml,"<p><strong>Versace Eros Parfum - Eau de Toilette / Parfum 100ml</strong> by Versace is built for <strong>winter</strong> wear with a rich sweet woody profile.</p><p><strong>Fragrance notes:</strong> apple, mint, geranium, cedar, vanilla.</p><p>This listing is optimized for third-party resellers: high-search designer profile, gift-friendly packaging, and repeat-order demand.</p><p><strong>Supplier links:</strong> <a href=""https://www.fragrancenet.com/search/?gsearch=Versace+Eros+Parfum"">FragranceNet</a> | <a href=""https://www.fragrancex.com/search/search_results?search=Versace+Eros+Parfum"">FragranceX</a> | <a href=""https://www.perfume.com/search?keyword=Versace+Eros+Parfum"">Perfume.com</a></p>",Versace,Cologne,"cologne,men,versace,set9,winter,rich-sweet-woody",TRUE,Title,Default Title,SET9-VRS-018-421287,350,30,deny,manual,125.00,160.00,TRUE,TRUE,https://cdn.fragrancenet.com/images/photos/900x900/421287.jpg,1,Versace Eros Parfum - Eau de Toilette / Parfum 100ml product image 1,active
set9-versace-eros-parfum-eau-de-toilette-parfum-100ml,,,,,,,,,,,,,,,,,,https://cdn.fragrancenet.com/images/photos/600x600/421287.jpg,2,Versace Eros Parfum - Eau de Toilette / Parfum 100ml product image 2,
set9-versace-eros-parfum-eau-de-toilette-parfum-100ml,,,,,,,,,,,,,,,,,,https://cdn.fragrancenet.com/images/photos/500x500/421287.jpg,3,Versace Eros Parfum - Eau de Toilette / Parfum 100ml product image 3,
set9-versace-eros-parfum-eau-de-toilette-parfum-100ml,,,,,,,,,,,,,,,,,,https://cdn.fragrancenet.com/images/photos/300x300/421287.jpg,4,Versace Eros Parfum - Eau de Toilette / Parfum 100ml product image 4,
set9-versace-eros-parfum-eau-de-toilette-parfum-100ml,,,,,,,,,,,,,,,,,,https://cdn.fragrancenet.com/images/photos/250x250/421287.jpg,5,Versace Eros Parfum - Eau de Toilette / Parfum 100ml product image 5,
set9-versace-eros-parfum-large-bottle-150ml,Versace Eros Parfum - Large Bottle 150ml,"<p><strong>Versace Eros Parfum - Large Bottle 150ml</strong> by Versace is built for <strong>winter</strong> wear with a rich sweet woody profile.</p><p><strong>Fragrance notes:</strong> apple, mint, geranium, cedar, vanilla.</p><p>This listing is optimized for third-party resellers: high-search designer profile, gift-friendly packaging, and repeat-order demand.</p><p><strong>Supplier links:</strong> <a href=""https://www.fragrancenet.com/search/?gsearch=Versace+Eros+Parfum"">FragranceNet</a> | <a href=""https://www.fragrancex.com/search/search_results?search=Versace+Eros+Parfum"">FragranceX</a> | <a href=""https://www.perfume.com/search?keyword=Versace+Eros+Parfum"">Perfume.com</a></p>",Versace,Cologne,"cologne,men,versace,set9,winter,rich-sweet-woody",TRUE,Title,Default Title,SET9-VRS-019-421287,350,18,deny,manual,156.25,200.00,TRUE,TRUE,https://cdn.fragrancenet.com/images/photos/900x900/421287.jpg,1,Versace Eros Parfum - Large Bottle 150ml product image 1,active
set9-versace-eros-parfum-large-bottle-150ml,,,,,,,,,,,,,,,,,,https://cdn.fragrancenet.com/images/photos/600x600/421287.jpg,2,Versace Eros Parfum - Large Bottle 150ml product image 2,
set9-versace-eros-parfum-large-bottle-150ml,,,,,,,,,,,,,,,,,,https://cdn.fragrancenet.com/images/photos/500x500/421287.jpg,3,Versace Eros Parfum - Large Bottle 150ml product image 3,
set9-versace-eros-parfum-large-bottle-150ml,,,,,,,,,,,,,,,,,,https://cdn.fragrancenet.com/images/photos/300x300/421287.jpg,4,Versace Eros Parfum - Large Bottle 150ml product image 4,
set9-versace-eros-parfum-large-bottle-150ml,,,,,,,,,,,,,,,,,,https://cdn.fragrancenet.com/images/photos/250x250/421287.jpg,5,Versace Eros Parfum - Large Bottle 150ml product image 5,
set9-versace-eros-parfum-gift-set,Versace Eros Parfum - Gift Set,"<p><strong>Versace Eros Parfum - Gift Set</strong> by Versace is built for <strong>winter</strong> wear with a rich sweet woody profile.</p><p><strong>Fragrance notes:</strong> apple, mint, geranium, cedar, vanilla.</p><p>This listing is optimized for third-party resellers: high-search designer profile, gift-friendly packaging, and repeat-order demand.</p><p><strong>Supplier links:</strong> <a href=""https://www.fragrancenet.com/search/?gsearch=Versace+Eros+Parfum"">FragranceNet</a> | <a href=""https://www.fragrancex.com/search/search_results?search=Versace+Eros+Parfum"">FragranceX</a> | <a href=""https://www.perfume.com/search?keyword=Versace+Eros+Parfum"">Perfume.com</a></p>",Versace,Cologne,"cologne,men,versace,set9,winter,rich-sweet-woody",TRUE,Title,Default Title,SET9-VRS-020-421287,350,14,deny,manual,147.50,188.80,TRUE,TRUE,https://cdn.fragrancenet.com/images/photos/900x900/421287.jpg,1,Versace Eros Parfum - Gift Set product image 1,active
set9-versace-eros-parfum-gift-set,,,,,,,,,,,,,,,,,,https://cdn.fragrancenet.com/images/photos/600x600/421287.jpg,2,Versace Eros Parfum - Gift Set product image 2,
set9-versace-eros-parfum-gift-set,,,,,,,,,,,,,,,,,,https://cdn.fragrancenet.com/images/photos/500x500/421287.jpg,3,Versace Eros Parfum - Gift Set product image 3,
set9-versace-eros-parfum-gift-set,,,,,,,,,,,,,,,,,,https://cdn.fragrancenet.com/images/photos/300x300/421287.jpg,4,Versace Eros Parfum - Gift Set product image 4,
set9-versace-eros-parfum-gift-set,,,,,,,,,,,,,,,,,,https://cdn.fragrancenet.com/images/photos/250x250/421287.jpg,5,Versace Eros Parfum - Gift Set product image 5,
set9-versace-eros-energy-eau-de-parfum-travel-spray-10ml,Versace Eros Energy Eau de Parfum - Travel Spray 10ml,"<p><strong>Versace Eros Energy Eau de Parfum - Travel Spray 10ml</strong> by Versace is built for <strong>summer</strong> wear with a citrus aromatic bright profile.</p><p><strong>Fragrance notes:</strong> sicilian bergamot, black currant, pink pepper, oakmoss.</p><p>This listing is optimized for third-party resellers: high-search designer profile, gift-friendly packaging, and repeat-order demand.</p><p><strong>Supplier links:</strong> <a href=""https://www.fragrancenet.com/search/?gsearch=Versace+Eros+Energy+Eau+de+Parfum"">FragranceNet</a> | <a href=""https://www.fragrancex.com/search/search_results?search=Versace+Eros+Energy+Eau+de+Parfum"">FragranceX</a> | <a href=""https://www.perfume.com/search?keyword=Versace+Eros+Energy+Eau+de+Parfum"">Perfume.com</a></p>",Versace,Cologne,"cologne,men,versace,set9,summer,citrus-aromatic-bright",TRUE,Title,Default Title,SET9-VRS-021-485448,350,16,deny,manual,37.80,48.38,TRUE,TRUE,https://cdn.fragrancenet.com/images/photos/900x900/485448.jpg,1,Versace Eros Energy Eau de Parfum - Travel Spray 10ml product image 1,active
set9-versace-eros-energy-eau-de-parfum-travel-spray-10ml,,,,,,,,,,,,,,,,,,https://cdn.fragrancenet.com/images/photos/600x600/485448.jpg,2,Versace Eros Energy Eau de Parfum - Travel Spray 10ml product image 2,
set9-versace-eros-energy-eau-de-parfum-travel-spray-10ml,,,,,,,,,,,,,,,,,,https://cdn.fragrancenet.com/images/photos/500x500/485448.jpg,3,Versace Eros Energy Eau de Parfum - Travel Spray 10ml product image 3,
set9-versace-eros-energy-eau-de-parfum-travel-spray-10ml,,,,,,,,,,,,,,,,,,https://cdn.fragrancenet.com/images/photos/300x300/485448.jpg,4,Versace Eros Energy Eau de Parfum - Travel Spray 10ml product image 4,
set9-versace-eros-energy-eau-de-parfum-travel-spray-10ml,,,,,,,,,,,,,,,,,,https://cdn.fragrancenet.com/images/photos/250x250/485448.jpg,5,Versace Eros Energy Eau de Parfum - Travel Spray 10ml product image 5,
set9-versace-eros-energy-eau-de-parfum-eau-de-toilette-parfum-50ml,Versace Eros Energy Eau de Parfum - Eau de Toilette / Parfum 50ml,"<p><strong>Versace Eros Energy Eau de Parfum - Eau de Toilette / Parfum 50ml</strong> by Versace is built for <strong>summer</strong> wear with a citrus aromatic bright profile.</p><p><strong>Fragrance notes:</strong> sicilian bergamot, black currant, pink pepper, oakmoss.</p><p>This listing is optimized for third-party resellers: high-search designer profile, gift-friendly packaging, and repeat-order demand.</p><p><strong>Supplier links:</strong> <a href=""https://www.fragrancenet.com/search/?gsearch=Versace+Eros+Energy+Eau+de+Parfum"">FragranceNet</a> | <a href=""https://www.fragrancex.com/search/search_results?search=Versace+Eros+Energy+Eau+de+Parfum"">FragranceX</a> | <a href=""https://www.perfume.com/search?keyword=Versace+Eros+Energy+Eau+de+Parfum"">Perfume.com</a></p>",Versace,Cologne,"cologne,men,versace,set9,summer,citrus-aromatic-bright",TRUE,Title,Default Title,SET9-VRS-022-485448,350,22,deny,manual,101.25,129.60,TRUE,TRUE,https://cdn.fragrancenet.com/images/photos/900x900/485448.jpg,1,Versace Eros Energy Eau de Parfum - Eau de Toilette / Parfum 50ml product image 1,active
set9-versace-eros-energy-eau-de-parfum-eau-de-toilette-parfum-50ml,,,,,,,,,,,,,,,,,,https://cdn.fragrancenet.com/images/photos/600x600/485448.jpg,2,Versace Eros Energy Eau de Parfum - Eau de Toilette / Parfum 50ml product image 2,
set9-versace-eros-energy-eau-de-parfum-eau-de-toilette-parfum-50ml,,,,,,,,,,,,,,,,,,https://cdn.fragrancenet.com/images/photos/500x500/485448.jpg,3,Versace Eros Energy Eau de Parfum - Eau de Toilette / Parfum 50ml product image 3,
set9-versace-eros-energy-eau-de-parfum-eau-de-toilette-parfum-50ml,,,,,,,,,,,,,,,,,,https://cdn.fragrancenet.com/images/photos/300x300/485448.jpg,4,Versace Eros Energy Eau de Parfum - Eau de Toilette / Parfum 50ml product image 4,
set9-versace-eros-energy-eau-de-parfum-eau-de-toilette-parfum-50ml,,,,,,,,,,,,,,,,,,https://cdn.fragrancenet.com/images/photos/250x250/485448.jpg,5,Versace Eros Energy Eau de Parfum - Eau de Toilette / Parfum 50ml product image 5,
set9-versace-eros-energy-eau-de-parfum-eau-de-toilette-parfum-100ml,Versace Eros Energy Eau de Parfum - Eau de Toilette / Parfum 100ml,"<p><strong>Versace Eros Energy Eau de Parfum - Eau de Toilette / Parfum 100ml</strong> by Versace is built for <strong>summer</strong> wear with a citrus aromatic bright profile.</p><p><strong>Fragrance notes:</strong> sicilian bergamot, black currant, pink pepper, oakmoss.</p><p>This listing is optimized for third-party resellers: high-search designer profile, gift-friendly packaging, and repeat-order demand.</p><p><strong>Supplier links:</strong> <a href=""https://www.fragrancenet.com/search/?gsearch=Versace+Eros+Energy+Eau+de+Parfum"">FragranceNet</a> | <a href=""https://www.fragrancex.com/search/search_results?search=Versace+Eros+Energy+Eau+de+Parfum"">FragranceX</a> | <a href=""https://www.perfume.com/search?keyword=Versace+Eros+Energy+Eau+de+Parfum"">Perfume.com</a></p>",Versace,Cologne,"cologne,men,versace,set9,summer,citrus-aromatic-bright",TRUE,Title,Default Title,SET9-VRS-023-485448,350,30,deny,manual,135.00,172.80,TRUE,TRUE,https://cdn.fragrancenet.com/images/photos/900x900/485448.jpg,1,Versace Eros Energy Eau de Parfum - Eau de Toilette / Parfum 100ml product image 1,active
set9-versace-eros-energy-eau-de-parfum-eau-de-toilette-parfum-100ml,,,,,,,,,,,,,,,,,,https://cdn.fragrancenet.com/images/photos/600x600/485448.jpg,2,Versace Eros Energy Eau de Parfum - Eau de Toilette / Parfum 100ml product image 2,
set9-versace-eros-energy-eau-de-parfum-eau-de-toilette-parfum-100ml,,,,,,,,,,,,,,,,,,https://cdn.fragrancenet.com/images/photos/500x500/485448.jpg,3,Versace Eros Energy Eau de Parfum - Eau de Toilette / Parfum 100ml product image 3,
set9-versace-eros-energy-eau-de-parfum-eau-de-toilette-parfum-100ml,,,,,,,,,,,,,,,,,,https://cdn.fragrancenet.com/images/photos/300x300/485448.jpg,4,Versace Eros Energy Eau de Parfum - Eau de Toilette / Parfum 100ml product image 4,
set9-versace-eros-energy-eau-de-parfum-eau-de-toilette-parfum-100ml,,,,,,,,,,,,,,,,,,https://cdn.fragrancenet.com/images/photos/250x250/485448.jpg,5,Versace Eros Energy Eau de Parfum - Eau de Toilette / Parfum 100ml product image 5,
set9-versace-eros-energy-eau-de-parfum-large-bottle-150ml,Versace Eros Energy Eau de Parfum - Large Bottle 150ml,"<p><strong>Versace Eros Energy Eau de Parfum - Large Bottle 150ml</strong> by Versace is built for <strong>summer</strong> wear with a citrus aromatic bright profile.</p><p><strong>Fragrance notes:</strong> sicilian bergamot, black currant, pink pepper, oakmoss.</p><p>This listing is optimized for third-party resellers: high-search designer profile, gift-friendly packaging, and repeat-order demand.</p><p><strong>Supplier links:</strong> <a href=""https://www.fragrancenet.com/search/?gsearch=Versace+Eros+Energy+Eau+de+Parfum"">FragranceNet</a> | <a href=""https://www.fragrancex.com/search/search_results?search=Versace+Eros+Energy+Eau+de+Parfum"">FragranceX</a> | <a href=""https://www.perfume.com/search?keyword=Versace+Eros+Energy+Eau+de+Parfum"">Perfume.com</a></p>",Versace,Cologne,"cologne,men,versace,set9,summer,citrus-aromatic-bright",TRUE,Title,Default Title,SET9-VRS-024-485448,350,18,deny,manual,168.75,216.00,TRUE,TRUE,https://cdn.fragrancenet.com/images/photos/900x900/485448.jpg,1,Versace Eros Energy Eau de Parfum - Large Bottle 150ml product image 1,active
set9-versace-eros-energy-eau-de-parfum-large-bottle-150ml,,,,,,,,,,,,,,,,,,https://cdn.fragrancenet.com/images/photos/600x600/485448.jpg,2,Versace Eros Energy Eau de Parfum - Large Bottle 150ml product image 2,
set9-versace-eros-energy-eau-de-parfum-large-bottle-150ml,,,,,,,,,,,,,,,,,,https://cdn.fragrancenet.com/images/photos/500x500/485448.jpg,3,Versace Eros Energy Eau de Parfum - Large Bottle 150ml product image 3,
set9-versace-eros-energy-eau-de-parfum-large-bottle-150ml,,,,,,,,,,,,,,,,,,https://cdn.fragrancenet.com/images/photos/300x300/485448.jpg,4,Versace Eros Energy Eau de Parfum - Large Bottle 150ml product image 4,
set9-versace-eros-energy-eau-de-parfum-large-bottle-150ml,,,,,,,,,,,,,,,,,,https://cdn.fragrancenet.com/images/photos/250x250/485448.jpg,5,Versace Eros Energy Eau de Parfum - Large Bottle 150ml product image 5,
set9-versace-eros-energy-eau-de-parfum-gift-set,Versace Eros Energy Eau de Parfum - Gift Set,"<p><strong>Versace Eros Energy Eau de Parfum - Gift Set</strong> by Versace is built for <strong>summer</strong> wear with a citrus aromatic bright profile.</p><p><strong>Fragrance notes:</strong> sicilian bergamot, black currant, pink pepper, oakmoss.</p><p>This listing is optimized for third-party resellers: high-search designer profile, gift-friendly packaging, and repeat-order demand.</p><p><strong>Supplier links:</strong> <a href=""https://www.fragrancenet.com/search/?gsearch=Versace+Eros+Energy+Eau+de+Parfum"">FragranceNet</a> | <a href=""https://www.fragrancex.com/search/search_results?search=Versace+Eros+Energy+Eau+de+Parfum"">FragranceX</a> | <a href=""https://www.perfume.com/search?keyword=Versace+Eros+Energy+Eau+de+Parfum"">Perfume.com</a></p>",Versace,Cologne,"cologne,men,versace,set9,summer,citrus-aromatic-bright",TRUE,Title,Default Title,SET9-VRS-025-485448,350,14,deny,manual,159.30,203.90,TRUE,TRUE,https://cdn.fragrancenet.com/images/photos/900x900/485448.jpg,1,Versace Eros Energy Eau de Parfum - Gift Set product image 1,active
set9-versace-eros-energy-eau-de-parfum-gift-set,,,,,,,,,,,,,,,,,,https://cdn.fragrancenet.com/images/photos/600x600/485448.jpg,2,Versace Eros Energy Eau de Parfum - Gift Set product image 2,
set9-versace-eros-energy-eau-de-parfum-gift-set,,,,,,,,,,,,,,,,,,https://cdn.fragrancenet.com/images/photos/500x500/485448.jpg,3,Versace Eros Energy Eau de Parfum - Gift Set product image 3,
set9-versace-eros-energy-eau-de-parfum-gift-set,,,,,,,,,,,,,,,,,,https://cdn.fragrancenet.com/images/photos/300x300/485448.jpg,4,Versace Eros Energy Eau de Parfum - Gift Set product image 4,
set9-versace-eros-energy-eau-de-parfum-gift-set,,,,,,,,,,,,,,,,,,https://cdn.fragrancenet.com/images/photos/250x250/485448.jpg,5,Versace Eros Energy Eau de Parfum - Gift Set product image 5,
set9-versace-dylan-blue-eau-de-toilette-travel-spray-10ml,Versace Dylan Blue Eau de Toilette - Travel Spray 10ml,"<p><strong>Versace Dylan Blue Eau de Toilette - Travel Spray 10ml</strong> by Versace is built for <strong>year-round</strong> wear with a marine aromatic woody profile.</p><p><strong>Fragrance notes:</strong> bergamot, grapefruit, fig leaf, violet leaf, musk.</p><p>This listing is optimized for third-party resellers: high-search designer profile, gift-friendly packaging, and repeat-order demand.</p><p><strong>Supplier links:</strong> <a href=""https://www.fragrancenet.com/search/?gsearch=Versace+Dylan+Blue+Eau+de+Toilette"">FragranceNet</a> | <a href=""https://www.fragrancex.com/search/search_results?search=Versace+Dylan+Blue+Eau+de+Toilette"">FragranceX</a> | <a href=""https://www.perfume.com/search?keyword=Versace+Dylan+Blue+Eau+de+Toilette"">Perfume.com</a></p>",Versace,Cologne,"cologne,men,versace,set9,year-round,marine-aromatic-woody",TRUE,Title,Default Title,SET9-VRS-026-291563,350,16,deny,manual,26.60,34.05,TRUE,TRUE,https://cdn.fragrancenet.com/images/photos/900x900/291563.jpg,1,Versace Dylan Blue Eau de Toilette - Travel Spray 10ml product image 1,active
set9-versace-dylan-blue-eau-de-toilette-travel-spray-10ml,,,,,,,,,,,,,,,,,,https://cdn.fragrancenet.com/images/photos/600x600/291563.jpg,2,Versace Dylan Blue Eau de Toilette - Travel Spray 10ml product image 2,
set9-versace-dylan-blue-eau-de-toilette-travel-spray-10ml,,,,,,,,,,,,,,,,,,https://cdn.fragrancenet.com/images/photos/500x500/291563.jpg,3,Versace Dylan Blue Eau de Toilette - Travel Spray 10ml product image 3,
set9-versace-dylan-blue-eau-de-toilette-travel-spray-10ml,,,,,,,,,,,,,,,,,,https://cdn.fragrancenet.com/images/photos/300x300/291563.jpg,4,Versace Dylan Blue Eau de Toilette - Travel Spray 10ml product image 4,
set9-versace-dylan-blue-eau-de-toilette-travel-spray-10ml,,,,,,,,,,,,,,,,,,https://cdn.fragrancenet.com/images/photos/250x250/291563.jpg,5,Versace Dylan Blue Eau de Toilette - Travel Spray 10ml product image 5,
set9-versace-dylan-blue-eau-de-toilette-eau-de-toilette-parfum-50ml,Versace Dylan Blue Eau de Toilette - Eau de Toilette / Parfum 50ml,"<p><strong>Versace Dylan Blue Eau de Toilette - Eau de Toilette / Parfum 50ml</strong> by Versace is built for <strong>year-round</strong> wear with a marine aromatic woody profile.</p><p><strong>Fragrance notes:</strong> bergamot, grapefruit, fig leaf, violet leaf, musk.</p><p>This listing is optimized for third-party resellers: high-search designer profile, gift-friendly packaging, and repeat-order demand.</p><p><strong>Supplier links:</strong> <a href=""https://www.fragrancenet.com/search/?gsearch=Versace+Dylan+Blue+Eau+de+Toilette"">FragranceNet</a> | <a href=""https://www.fragrancex.com/search/search_results?search=Versace+Dylan+Blue+Eau+de+Toilette"">FragranceX</a> | <a href=""https://www.perfume.com/search?keyword=Versace+Dylan+Blue+Eau+de+Toilette"">Perfume.com</a></p>",Versace,Cologne,"cologne,men,versace,set9,year-round,marine-aromatic-woody",TRUE,Title,Default Title,SET9-VRS-027-291563,350,22,deny,manual,71.25,91.20,TRUE,TRUE,https://cdn.fragrancenet.com/images/photos/900x900/291563.jpg,1,Versace Dylan Blue Eau de Toilette - Eau de Toilette / Parfum 50ml product image 1,active
set9-versace-dylan-blue-eau-de-toilette-eau-de-toilette-parfum-50ml,,,,,,,,,,,,,,,,,,https://cdn.fragrancenet.com/images/photos/600x600/291563.jpg,2,Versace Dylan Blue Eau de Toilette - Eau de Toilette / Parfum 50ml product image 2,
set9-versace-dylan-blue-eau-de-toilette-eau-de-toilette-parfum-50ml,,,,,,,,,,,,,,,,,,https://cdn.fragrancenet.com/images/photos/500x500/291563.jpg,3,Versace Dylan Blue Eau de Toilette - Eau de Toilette / Parfum 50ml product image 3,
set9-versace-dylan-blue-eau-de-toilette-eau-de-toilette-parfum-50ml,,,,,,,,,,,,,,,,,,https://cdn.fragrancenet.com/images/photos/300x300/291563.jpg,4,Versace Dylan Blue Eau de Toilette - Eau de Toilette / Parfum 50ml product image 4,
set9-versace-dylan-blue-eau-de-toilette-eau-de-toilette-parfum-50ml,,,,,,,,,,,,,,,,,,https://cdn.fragrancenet.com/images/photos/250x250/291563.jpg,5,Versace Dylan Blue Eau de Toilette - Eau de Toilette / Parfum 50ml product image 5,
set9-versace-dylan-blue-eau-de-toilette-eau-de-toilette-parfum-100ml,Versace Dylan Blue Eau de Toilette - Eau de Toilette / Parfum 100ml,"<p><strong>Versace Dylan Blue Eau de Toilette - Eau de Toilette / Parfum 100ml</strong> by Versace is built for <strong>year-round</strong> wear with a marine aromatic woody profile.</p><p><strong>Fragrance notes:</strong> bergamot, grapefruit, fig leaf, violet leaf, musk.</p><p>This listing is optimized for third-party resellers: high-search designer profile, gift-friendly packaging, and repeat-order demand.</p><p><strong>Supplier links:</strong> <a href=""https://www.fragrancenet.com/search/?gsearch=Versace+Dylan+Blue+Eau+de+Toilette"">FragranceNet</a> | <a href=""https://www.fragrancex.com/search/search_results?search=Versace+Dylan+Blue+Eau+de+Toilette"">FragranceX</a> | <a href=""https://www.perfume.com/search?keyword=Versace+Dylan+Blue+Eau+de+Toilette"">Perfume.com</a></p>",Versace,Cologne,"cologne,men,versace,set9,year-round,marine-aromatic-woody",TRUE,Title,Default Title,SET9-VRS-028-291563,350,30,deny,manual,95.00,121.60,TRUE,TRUE,https://cdn.fragrancenet.com/images/photos/900x900/291563.jpg,1,Versace Dylan Blue Eau de Toilette - Eau de Toilette / Parfum 100ml product image 1,active
set9-versace-dylan-blue-eau-de-toilette-eau-de-toilette-parfum-100ml,,,,,,,,,,,,,,,,,,https://cdn.fragrancenet.com/images/photos/600x600/291563.jpg,2,Versace Dylan Blue Eau de Toilette - Eau de Toilette / Parfum 100ml product image 2,
set9-versace-dylan-blue-eau-de-toilette-eau-de-toilette-parfum-100ml,,,,,,,,,,,,,,,,,,https://cdn.fragrancenet.com/images/photos/500x500/291563.jpg,3,Versace Dylan Blue Eau de Toilette - Eau de Toilette / Parfum 100ml product image 3,
set9-versace-dylan-blue-eau-de-toilette-eau-de-toilette-parfum-100ml,,,,,,,,,,,,,,,,,,https://cdn.fragrancenet.com/images/photos/300x300/291563.jpg,4,Versace Dylan Blue Eau de Toilette - Eau de Toilette / Parfum 100ml product image 4,
set9-versace-dylan-blue-eau-de-toilette-eau-de-toilette-parfum-100ml,,,,,,,,,,,,,,,,,,https://cdn.fragrancenet.com/images/photos/250x250/291563.jpg,5,Versace Dylan Blue Eau de Toilette - Eau de Toilette / Parfum 100ml product image 5,
set9-versace-dylan-blue-eau-de-toilette-large-bottle-150ml,Versace Dylan Blue Eau de Toilette - Large Bottle 150ml,"<p><strong>Versace Dylan Blue Eau de Toilette - Large Bottle 150ml</strong> by Versace is built for <strong>year-round</strong> wear with a marine aromatic woody profile.</p><p><strong>Fragrance notes:</strong> bergamot, grapefruit, fig leaf, violet leaf, musk.</p><p>This listing is optimized for third-party resellers: high-search designer profile, gift-friendly packaging, and repeat-order demand.</p><p><strong>Supplier links:</strong> <a href=""https://www.fragrancenet.com/search/?gsearch=Versace+Dylan+Blue+Eau+de+Toilette"">FragranceNet</a> | <a href=""https://www.fragrancex.com/search/search_results?search=Versace+Dylan+Blue+Eau+de+Toilette"">FragranceX</a> | <a href=""https://www.perfume.com/search?keyword=Versace+Dylan+Blue+Eau+de+Toilette"">Perfume.com</a></p>",Versace,Cologne,"cologne,men,versace,set9,year-round,marine-aromatic-woody",TRUE,Title,Default Title,SET9-VRS-029-291563,350,18,deny,manual,118.75,152.00,TRUE,TRUE,https://cdn.fragrancenet.com/images/photos/900x900/291563.jpg,1,Versace Dylan Blue Eau de Toilette - Large Bottle 150ml product image 1,active
set9-versace-dylan-blue-eau-de-toilette-large-bottle-150ml,,,,,,,,,,,,,,,,,,https://cdn.fragrancenet.com/images/photos/600x600/291563.jpg,2,Versace Dylan Blue Eau de Toilette - Large Bottle 150ml product image 2,
set9-versace-dylan-blue-eau-de-toilette-large-bottle-150ml,,,,,,,,,,,,,,,,,,https://cdn.fragrancenet.com/images/photos/500x500/291563.jpg,3,Versace Dylan Blue Eau de Toilette - Large Bottle 150ml product image 3,
set9-versace-dylan-blue-eau-de-toilette-large-bottle-150ml,,,,,,,,,,,,,,,,,,https://cdn.fragrancenet.com/images/photos/300x300/291563.jpg,4,Versace Dylan Blue Eau de Toilette - Large Bottle 150ml product image 4,
set9-versace-dylan-blue-eau-de-toilette-large-bottle-150ml,,,,,,,,,,,,,,,,,,https://cdn.fragrancenet.com/images/photos/250x250/291563.jpg,5,Versace Dylan Blue Eau de Toilette - Large Bottle 150ml product image 5,
set9-versace-dylan-blue-eau-de-toilette-gift-set,Versace Dylan Blue Eau de Toilette - Gift Set,"<p><strong>Versace Dylan Blue Eau de Toilette - Gift Set</strong> by Versace is built for <strong>year-round</strong> wear with a marine aromatic woody profile.</p><p><strong>Fragrance notes:</strong> bergamot, grapefruit, fig leaf, violet leaf, musk.</p><p>This listing is optimized for third-party resellers: high-search designer profile, gift-friendly packaging, and repeat-order demand.</p><p><strong>Supplier links:</strong> <a href=""https://www.fragrancenet.com/search/?gsearch=Versace+Dylan+Blue+Eau+de+Toilette"">FragranceNet</a> | <a href=""https://www.fragrancex.com/search/search_results?search=Versace+Dylan+Blue+Eau+de+Toilette"">FragranceX</a> | <a href=""https://www.perfume.com/search?keyword=Versace+Dylan+Blue+Eau+de+Toilette"">Perfume.com</a></p>",Versace,Cologne,"cologne,men,versace,set9,year-round,marine-aromatic-woody",TRUE,Title,Default Title,SET9-VRS-030-291563,350,14,deny,manual,112.10,143.49,TRUE,TRUE,https://cdn.fragrancenet.com/images/photos/900x900/291563.jpg,1,Versace Dylan Blue Eau de Toilette - Gift Set product image 1,active
set9-versace-dylan-blue-eau-de-toilette-gift-set,,,,,,,,,,,,,,,,,,https://cdn.fragrancenet.com/images/photos/600x600/291563.jpg,2,Versace Dylan Blue Eau de Toilette - Gift Set product image 2,
set9-versace-dylan-blue-eau-de-toilette-gift-set,,,,,,,,,,,,,,,,,,https://cdn.fragrancenet.com/images/photos/500x500/291563.jpg,3,Versace Dylan Blue Eau de Toilette - Gift Set product image 3,
set9-versace-dylan-blue-eau-de-toilette-gift-set,,,,,,,,,,,,,,,,,,https://cdn.fragrancenet.com/images/photos/300x300/291563.jpg,4,Versace Dylan Blue Eau de Toilette - Gift Set product image 4,
set9-versace-dylan-blue-eau-de-toilette-gift-set,,,,,,,,,,,,,,,,,,https://cdn.fragrancenet.com/images/photos/250x250/291563.jpg,5,Versace Dylan Blue Eau de Toilette - Gift Set product image 5,
set9-versace-pour-homme-eau-de-toilette-travel-spray-10ml,Versace Pour Homme Eau de Toilette - Travel Spray 10ml,"<p><strong>Versace Pour Homme Eau de Toilette - Travel Spray 10ml</strong> by Versace is built for <strong>summer</strong> wear with a clean citrus aromatic profile.</p><p><strong>Fragrance notes:</strong> lemon, bergamot, neroli, clary sage, musk.</p><p>This listing is optimized for third-party resellers: high-search designer profile, gift-friendly packaging, and repeat-order demand.</p><p><strong>Supplier links:</strong> <a href=""https://www.fragrancenet.com/search/?gsearch=Versace+Pour+Homme+Eau+de+Toilette"">FragranceNet</a> | <a href=""https://www.fragrancex.com/search/search_results?search=Versace+Pour+Homme+Eau+de+Toilette"">FragranceX</a> | <a href=""https://www.perfume.com/search?keyword=Versace+Pour+Homme+Eau+de+Toilette"">Perfume.com</a></p>",Versace,Cologne,"cologne,men,versace,set9,summer,clean-citrus-aromatic",TRUE,Title,Default Title,SET9-VRS-031-159890,350,16,deny,manual,22.68,29.03,TRUE,TRUE,https://cdn.fragrancenet.com/images/photos/900x900/159890.jpg,1,Versace Pour Homme Eau de Toilette - Travel Spray 10ml product image 1,active
set9-versace-pour-homme-eau-de-toilette-travel-spray-10ml,,,,,,,,,,,,,,,,,,https://cdn.fragrancenet.com/images/photos/600x600/159890.jpg,2,Versace Pour Homme Eau de Toilette - Travel Spray 10ml product image 2,
set9-versace-pour-homme-eau-de-toilette-travel-spray-10ml,,,,,,,,,,,,,,,,,,https://cdn.fragrancenet.com/images/photos/500x500/159890.jpg,3,Versace Pour Homme Eau de Toilette - Travel Spray 10ml product image 3,
set9-versace-pour-homme-eau-de-toilette-travel-spray-10ml,,,,,,,,,,,,,,,,,,https://cdn.fragrancenet.com/images/photos/300x300/159890.jpg,4,Versace Pour Homme Eau de Toilette - Travel Spray 10ml product image 4,
set9-versace-pour-homme-eau-de-toilette-travel-spray-10ml,,,,,,,,,,,,,,,,,,https://cdn.fragrancenet.com/images/photos/250x250/159890.jpg,5,Versace Pour Homme Eau de Toilette - Travel Spray 10ml product image 5,
set9-versace-pour-homme-eau-de-toilette-eau-de-toilette-parfum-50ml,Versace Pour Homme Eau de Toilette - Eau de Toilette / Parfum 50ml,"<p><strong>Versace Pour Homme Eau de Toilette - Eau de Toilette / Parfum 50ml</strong> by Versace is built for <strong>summer</strong> wear with a clean citrus aromatic profile.</p><p><strong>Fragrance notes:</strong> lemon, bergamot, neroli, clary sage, musk.</p><p>This listing is optimized for third-party resellers: high-search designer profile, gift-friendly packaging, and repeat-order demand.</p><p><strong>Supplier links:</strong> <a href=""https://www.fragrancenet.com/search/?gsearch=Versace+Pour+Homme+Eau+de+Toilette"">FragranceNet</a> | <a href=""https://www.fragrancex.com/search/search_results?search=Versace+Pour+Homme+Eau+de+Toilette"">FragranceX</a> | <a href=""https://www.perfume.com/search?keyword=Versace+Pour+Homme+Eau+de+Toilette"">Perfume.com</a></p>",Versace,Cologne,"cologne,men,versace,set9,summer,clean-citrus-aromatic",TRUE,Title,Default Title,SET9-VRS-032-159890,350,22,deny,manual,60.75,77.76,TRUE,TRUE,https://cdn.fragrancenet.com/images/photos/900x900/159890.jpg,1,Versace Pour Homme Eau de Toilette - Eau de Toilette / Parfum 50ml product image 1,active
set9-versace-pour-homme-eau-de-toilette-eau-de-toilette-parfum-50ml,,,,,,,,,,,,,,,,,,https://cdn.fragrancenet.com/images/photos/600x600/159890.jpg,2,Versace Pour Homme Eau de Toilette - Eau de Toilette / Parfum 50ml product image 2,
set9-versace-pour-homme-eau-de-toilette-eau-de-toilette-parfum-50ml,,,,,,,,,,,,,,,,,,https://cdn.fragrancenet.com/images/photos/500x500/159890.jpg,3,Versace Pour Homme Eau de Toilette - Eau de Toilette / Parfum 50ml product image 3,
set9-versace-pour-homme-eau-de-toilette-eau-de-toilette-parfum-50ml,,,,,,,,,,,,,,,,,,https://cdn.fragrancenet.com/images/photos/300x300/159890.jpg,4,Versace Pour Homme Eau de Toilette - Eau de Toilette / Parfum 50ml product image 4,
set9-versace-pour-homme-eau-de-toilette-eau-de-toilette-parfum-50ml,,,,,,,,,,,,,,,,,,https://cdn.fragrancenet.com/images/photos/250x250/159890.jpg,5,Versace Pour Homme Eau de Toilette - Eau de Toilette / Parfum 50ml product image 5,
set9-versace-pour-homme-eau-de-toilette-eau-de-toilette-parfum-100ml,Versace Pour Homme Eau de Toilette - Eau de Toilette / Parfum 100ml,"<p><strong>Versace Pour Homme Eau de Toilette - Eau de Toilette / Parfum 100ml</strong> by Versace is built for <strong>summer</strong> wear with a clean citrus aromatic profile.</p><p><strong>Fragrance notes:</strong> lemon, bergamot, neroli, clary sage, musk.</p><p>This listing is optimized for third-party resellers: high-search designer profile, gift-friendly packaging, and repeat-order demand.</p><p><strong>Supplier links:</strong> <a href=""https://www.fragrancenet.com/search/?gsearch=Versace+Pour+Homme+Eau+de+Toilette"">FragranceNet</a> | <a href=""https://www.fragrancex.com/search/search_results?search=Versace+Pour+Homme+Eau+de+Toilette"">FragranceX</a> | <a href=""https://www.perfume.com/search?keyword=Versace+Pour+Homme+Eau+de+Toilette"">Perfume.com</a></p>",Versace,Cologne,"cologne,men,versace,set9,summer,clean-citrus-aromatic",TRUE,Title,Default Title,SET9-VRS-033-159890,350,30,deny,manual,81.00,103.68,TRUE,TRUE,https://cdn.fragrancenet.com/images/photos/900x900/159890.jpg,1,Versace Pour Homme Eau de Toilette - Eau de Toilette / Parfum 100ml product image 1,active
set9-versace-pour-homme-eau-de-toilette-eau-de-toilette-parfum-100ml,,,,,,,,,,,,,,,,,,https://cdn.fragrancenet.com/images/photos/600x600/159890.jpg,2,Versace Pour Homme Eau de Toilette - Eau de Toilette / Parfum 100ml product image 2,
set9-versace-pour-homme-eau-de-toilette-eau-de-toilette-parfum-100ml,,,,,,,,,,,,,,,,,,https://cdn.fragrancenet.com/images/photos/500x500/159890.jpg,3,Versace Pour Homme Eau de Toilette - Eau de Toilette / Parfum 100ml product image 3,
set9-versace-pour-homme-eau-de-toilette-eau-de-toilette-parfum-100ml,,,,,,,,,,,,,,,,,,https://cdn.fragrancenet.com/images/photos/300x300/159890.jpg,4,Versace Pour Homme Eau de Toilette - Eau de Toilette / Parfum 100ml product image 4,
set9-versace-pour-homme-eau-de-toilette-eau-de-toilette-parfum-100ml,,,,,,,,,,,,,,,,,,https://cdn.fragrancenet.com/images/photos/250x250/159890.jpg,5,Versace Pour Homme Eau de Toilette - Eau de Toilette / Parfum 100ml product image 5,
set9-versace-pour-homme-eau-de-toilette-large-bottle-150ml,Versace Pour Homme Eau de Toilette - Large Bottle 150ml,"<p><strong>Versace Pour Homme Eau de Toilette - Large Bottle 150ml</strong> by Versace is built for <strong>summer</strong> wear with a clean citrus aromatic profile.</p><p><strong>Fragrance notes:</strong> lemon, bergamot, neroli, clary sage, musk.</p><p>This listing is optimized for third-party resellers: high-search designer profile, gift-friendly packaging, and repeat-order demand.</p><p><strong>Supplier links:</strong> <a href=""https://www.fragrancenet.com/search/?gsearch=Versace+Pour+Homme+Eau+de+Toilette"">FragranceNet</a> | <a href=""https://www.fragrancex.com/search/search_results?search=Versace+Pour+Homme+Eau+de+Toilette"">FragranceX</a> | <a href=""https://www.perfume.com/search?keyword=Versace+Pour+Homme+Eau+de+Toilette"">Perfume.com</a></p>",Versace,Cologne,"cologne,men,versace,set9,summer,clean-citrus-aromatic",TRUE,Title,Default Title,SET9-VRS-034-159890,350,18,deny,manual,101.25,129.60,TRUE,TRUE,https://cdn.fragrancenet.com/images/photos/900x900/159890.jpg,1,Versace Pour Homme Eau de Toilette - Large Bottle 150ml product image 1,active
set9-versace-pour-homme-eau-de-toilette-large-bottle-150ml,,,,,,,,,,,,,,,,,,https://cdn.fragrancenet.com/images/photos/600x600/159890.jpg,2,Versace Pour Homme Eau de Toilette - Large Bottle 150ml product image 2,
set9-versace-pour-homme-eau-de-toilette-large-bottle-150ml,,,,,,,,,,,,,,,,,,https://cdn.fragrancenet.com/images/photos/500x500/159890.jpg,3,Versace Pour Homme Eau de Toilette - Large Bottle 150ml product image 3,
set9-versace-pour-homme-eau-de-toilette-large-bottle-150ml,,,,,,,,,,,,,,,,,,https://cdn.fragrancenet.com/images/photos/300x300/159890.jpg,4,Versace Pour Homme Eau de Toilette - Large Bottle 150ml product image 4,
set9-versace-pour-homme-eau-de-toilette-large-bottle-150ml,,,,,,,,,,,,,,,,,,https://cdn.fragrancenet.com/images/photos/250x250/159890.jpg,5,Versace Pour Homme Eau de Toilette - Large Bottle 150ml product image 5,
set9-versace-pour-homme-eau-de-toilette-gift-set,Versace Pour Homme Eau de Toilette - Gift Set,"<p><strong>Versace Pour Homme Eau de Toilette - Gift Set</strong> by Versace is built for <strong>summer</strong> wear with a clean citrus aromatic profile.</p><p><strong>Fragrance notes:</strong> lemon, bergamot, neroli, clary sage, musk.</p><p>This listing is optimized for third-party resellers: high-search designer profile, gift-friendly packaging, and repeat-order demand.</p><p><strong>Supplier links:</strong> <a href=""https://www.fragrancenet.com/search/?gsearch=Versace+Pour+Homme+Eau+de+Toilette"">FragranceNet</a> | <a href=""https://www.fragrancex.com/search/search_results?search=Versace+Pour+Homme+Eau+de+Toilette"">FragranceX</a> | <a href=""https://www.perfume.com/search?keyword=Versace+Pour+Homme+Eau+de+Toilette"">Perfume.com</a></p>",Versace,Cologne,"cologne,men,versace,set9,summer,clean-citrus-aromatic",TRUE,Title,Default Title,SET9-VRS-035-159890,350,14,deny,manual,95.58,122.34,TRUE,TRUE,https://cdn.fragrancenet.com/images/photos/900x900/159890.jpg,1,Versace Pour Homme Eau de Toilette - Gift Set product image 1,active
set9-versace-pour-homme-eau-de-toilette-gift-set,,,,,,,,,,,,,,,,,,https://cdn.fragrancenet.com/images/photos/600x600/159890.jpg,2,Versace Pour Homme Eau de Toilette - Gift Set product image 2,
set9-versace-pour-homme-eau-de-toilette-gift-set,,,,,,,,,,,,,,,,,,https://cdn.fragrancenet.com/images/photos/500x500/159890.jpg,3,Versace Pour Homme Eau de Toilette - Gift Set product image 3,
set9-versace-pour-homme-eau-de-toilette-gift-set,,,,,,,,,,,,,,,,,,https://cdn.fragrancenet.com/images/photos/300x300/159890.jpg,4,Versace Pour Homme Eau de Toilette - Gift Set product image 4,
set9-versace-pour-homme-eau-de-toilette-gift-set,,,,,,,,,,,,,,,,,,https://cdn.fragrancenet.com/images/photos/250x250/159890.jpg,5,Versace Pour Homme Eau de Toilette - Gift Set product image 5,
set9-versace-man-eau-fraiche-eau-de-toilette-travel-spray-10ml,Versace Man Eau Fraiche Eau de Toilette - Travel Spray 10ml,"<p><strong>Versace Man Eau Fraiche Eau de Toilette - Travel Spray 10ml</strong> by Versace is built for <strong>summer</strong> wear with a aquatic fresh citrus profile.</p><p><strong>Fragrance notes:</strong> bergamot, cardamom, brazilian rosewood, cedar, musk.</p><p>This listing is optimized for third-party resellers: high-search designer profile, gift-friendly packaging, and repeat-order demand.</p><p><strong>Supplier links:</strong> <a href=""https://www.fragrancenet.com/search/?gsearch=Versace+Man+Eau+Fraiche+Eau+de+Toilette"">FragranceNet</a> | <a href=""https://www.fragrancex.com/search/search_results?search=Versace+Man+Eau+Fraiche+Eau+de+Toilette"">FragranceX</a> | <a href=""https://www.perfume.com/search?keyword=Versace+Man+Eau+Fraiche+Eau+de+Toilette"">Perfume.com</a></p>",Versace,Cologne,"cologne,men,versace,set9,summer,aquatic-fresh-citrus",TRUE,Title,Default Title,SET9-VRS-036-157245,350,16,deny,manual,26.88,34.41,TRUE,TRUE,https://cdn.fragrancenet.com/images/photos/900x900/157245.jpg,1,Versace Man Eau Fraiche Eau de Toilette - Travel Spray 10ml product image 1,active
set9-versace-man-eau-fraiche-eau-de-toilette-travel-spray-10ml,,,,,,,,,,,,,,,,,,https://cdn.fragrancenet.com/images/photos/600x600/157245.jpg,2,Versace Man Eau Fraiche Eau de Toilette - Travel Spray 10ml product image 2,
set9-versace-man-eau-fraiche-eau-de-toilette-travel-spray-10ml,,,,,,,,,,,,,,,,,,https://cdn.fragrancenet.com/images/photos/500x500/157245.jpg,3,Versace Man Eau Fraiche Eau de Toilette - Travel Spray 10ml product image 3,
set9-versace-man-eau-fraiche-eau-de-toilette-travel-spray-10ml,,,,,,,,,,,,,,,,,,https://cdn.fragrancenet.com/images/photos/300x300/157245.jpg,4,Versace Man Eau Fraiche Eau de Toilette - Travel Spray 10ml product image 4,
set9-versace-man-eau-fraiche-eau-de-toilette-travel-spray-10ml,,,,,,,,,,,,,,,,,,https://cdn.fragrancenet.com/images/photos/250x250/157245.jpg,5,Versace Man Eau Fraiche Eau de Toilette - Travel Spray 10ml product image 5,
set9-versace-man-eau-fraiche-eau-de-toilette-eau-de-toilette-parfum-50ml,Versace Man Eau Fraiche Eau de Toilette - Eau de Toilette / Parfum 50ml,"<p><strong>Versace Man Eau Fraiche Eau de Toilette - Eau de Toilette / Parfum 50ml</strong> by Versace is built for <strong>summer</strong> wear with a aquatic fresh citrus profile.</p><p><strong>Fragrance notes:</strong> bergamot, cardamom, brazilian rosewood, cedar, musk.</p><p>This listing is optimized for third-party resellers: high-search designer profile, gift-friendly packaging, and repeat-order demand.</p><p><strong>Supplier links:</strong> <a href=""https://www.fragrancenet.com/search/?gsearch=Versace+Man+Eau+Fraiche+Eau+de+Toilette"">FragranceNet</a> | <a href=""https://www.fragrancex.com/search/search_results?search=Versace+Man+Eau+Fraiche+Eau+de+Toilette"">FragranceX</a> | <a href=""https://www.perfume.com/search?keyword=Versace+Man+Eau+Fraiche+Eau+de+Toilette"">Perfume.com</a></p>",Versace,Cologne,"cologne,men,versace,set9,summer,aquatic-fresh-citrus",TRUE,Title,Default Title,SET9-VRS-037-157245,350,22,deny,manual,72.00,92.16,TRUE,TRUE,https://cdn.fragrancenet.com/images/photos/900x900/157245.jpg,1,Versace Man Eau Fraiche Eau de Toilette - Eau de Toilette / Parfum 50ml product image 1,active
set9-versace-man-eau-fraiche-eau-de-toilette-eau-de-toilette-parfum-50ml,,,,,,,,,,,,,,,,,,https://cdn.fragrancenet.com/images/photos/600x600/157245.jpg,2,Versace Man Eau Fraiche Eau de Toilette - Eau de Toilette / Parfum 50ml product image 2,
set9-versace-man-eau-fraiche-eau-de-toilette-eau-de-toilette-parfum-50ml,,,,,,,,,,,,,,,,,,https://cdn.fragrancenet.com/images/photos/500x500/157245.jpg,3,Versace Man Eau Fraiche Eau de Toilette - Eau de Toilette / Parfum 50ml product image 3,
set9-versace-man-eau-fraiche-eau-de-toilette-eau-de-toilette-parfum-50ml,,,,,,,,,,,,,,,,,,https://cdn.fragrancenet.com/images/photos/300x300/157245.jpg,4,Versace Man Eau Fraiche Eau de Toilette - Eau de Toilette / Parfum 50ml product image 4,
set9-versace-man-eau-fraiche-eau-de-toilette-eau-de-toilette-parfum-50ml,,,,,,,,,,,,,,,,,,https://cdn.fragrancenet.com/images/photos/250x250/157245.jpg,5,Versace Man Eau Fraiche Eau de Toilette - Eau de Toilette / Parfum 50ml product image 5,
set9-versace-man-eau-fraiche-eau-de-toilette-eau-de-toilette-parfum-100ml,Versace Man Eau Fraiche Eau de Toilette - Eau de Toilette / Parfum 100ml,"<p><strong>Versace Man Eau Fraiche Eau de Toilette - Eau de Toilette / Parfum 100ml</strong> by Versace is built for <strong>summer</strong> wear with a aquatic fresh citrus profile.</p><p><strong>Fragrance notes:</strong> bergamot, cardamom, brazilian rosewood, cedar, musk.</p><p>This listing is optimized for third-party resellers: high-search designer profile, gift-friendly packaging, and repeat-order demand.</p><p><strong>Supplier links:</strong> <a href=""https://www.fragrancenet.com/search/?gsearch=Versace+Man+Eau+Fraiche+Eau+de+Toilette"">FragranceNet</a> | <a href=""https://www.fragrancex.com/search/search_results?search=Versace+Man+Eau+Fraiche+Eau+de+Toilette"">FragranceX</a> | <a href=""https://www.perfume.com/search?keyword=Versace+Man+Eau+Fraiche+Eau+de+Toilette"">Perfume.com</a></p>",Versace,Cologne,"cologne,men,versace,set9,summer,aquatic-fresh-citrus",TRUE,Title,Default Title,SET9-VRS-038-157245,350,30,deny,manual,96.00,122.88,TRUE,TRUE,https://cdn.fragrancenet.com/images/photos/900x900/157245.jpg,1,Versace Man Eau Fraiche Eau de Toilette - Eau de Toilette / Parfum 100ml product image 1,active
set9-versace-man-eau-fraiche-eau-de-toilette-eau-de-toilette-parfum-100ml,,,,,,,,,,,,,,,,,,https://cdn.fragrancenet.com/images/photos/600x600/157245.jpg,2,Versace Man Eau Fraiche Eau de Toilette - Eau de Toilette / Parfum 100ml product image 2,
set9-versace-man-eau-fraiche-eau-de-toilette-eau-de-toilette-parfum-100ml,,,,,,,,,,,,,,,,,,https://cdn.fragrancenet.com/images/photos/500x500/157245.jpg,3,Versace Man Eau Fraiche Eau de Toilette - Eau de Toilette / Parfum 100ml product image 3,
set9-versace-man-eau-fraiche-eau-de-toilette-eau-de-toilette-parfum-100ml,,,,,,,,,,,,,,,,,,https://cdn.fragrancenet.com/images/photos/300x300/157245.jpg,4,Versace Man Eau Fraiche Eau de Toilette - Eau de Toilette / Parfum 100ml product image 4,
set9-versace-man-eau-fraiche-eau-de-toilette-eau-de-toilette-parfum-100ml,,,,,,,,,,,,,,,,,,https://cdn.fragrancenet.com/images/photos/250x250/157245.jpg,5,Versace Man Eau Fraiche Eau de Toilette - Eau de Toilette / Parfum 100ml product image 5,
set9-versace-man-eau-fraiche-eau-de-toilette-large-bottle-150ml,Versace Man Eau Fraiche Eau de Toilette - Large Bottle 150ml,"<p><strong>Versace Man Eau Fraiche Eau de Toilette - Large Bottle 150ml</strong> by Versace is built for <strong>summer</strong> wear with a aquatic fresh citrus profile.</p><p><strong>Fragrance notes:</strong> bergamot, cardamom, brazilian rosewood, cedar, musk.</p><p>This listing is optimized for third-party resellers: high-search designer profile, gift-friendly packaging, and repeat-order demand.</p><p><strong>Supplier links:</strong> <a href=""https://www.fragrancenet.com/search/?gsearch=Versace+Man+Eau+Fraiche+Eau+de+Toilette"">FragranceNet</a> | <a href=""https://www.fragrancex.com/search/search_results?search=Versace+Man+Eau+Fraiche+Eau+de+Toilette"">FragranceX</a> | <a href=""https://www.perfume.com/search?keyword=Versace+Man+Eau+Fraiche+Eau+de+Toilette"">Perfume.com</a></p>",Versace,Cologne,"cologne,men,versace,set9,summer,aquatic-fresh-citrus",TRUE,Title,Default Title,SET9-VRS-039-157245,350,18,deny,manual,120.00,153.60,TRUE,TRUE,https://cdn.fragrancenet.com/images/photos/900x900/157245.jpg,1,Versace Man Eau Fraiche Eau de Toilette - Large Bottle 150ml product image 1,active
set9-versace-man-eau-fraiche-eau-de-toilette-large-bottle-150ml,,,,,,,,,,,,,,,,,,https://cdn.fragrancenet.com/images/photos/600x600/157245.jpg,2,Versace Man Eau Fraiche Eau de Toilette - Large Bottle 150ml product image 2,
set9-versace-man-eau-fraiche-eau-de-toilette-large-bottle-150ml,,,,,,,,,,,,,,,,,,https://cdn.fragrancenet.com/images/photos/500x500/157245.jpg,3,Versace Man Eau Fraiche Eau de Toilette - Large Bottle 150ml product image 3,
set9-versace-man-eau-fraiche-eau-de-toilette-large-bottle-150ml,,,,,,,,,,,,,,,,,,https://cdn.fragrancenet.com/images/photos/300x300/157245.jpg,4,Versace Man Eau Fraiche Eau de Toilette - Large Bottle 150ml product image 4,
set9-versace-man-eau-fraiche-eau-de-toilette-large-bottle-150ml,,,,,,,,,,,,,,,,,,https://cdn.fragrancenet.com/images/photos/250x250/157245.jpg,5,Versace Man Eau Fraiche Eau de Toilette - Large Bottle 150ml product image 5,
set9-versace-man-eau-fraiche-eau-de-toilette-gift-set,Versace Man Eau Fraiche Eau de Toilette - Gift Set,"<p><strong>Versace Man Eau Fraiche Eau de Toilette - Gift Set</strong> by Versace is built for <strong>summer</strong> wear with a aquatic fresh citrus profile.</p><p><strong>Fragrance notes:</strong> bergamot, cardamom, brazilian rosewood, cedar, musk.</p><p>This listing is optimized for third-party resellers: high-search designer profile, gift-friendly packaging, and repeat-order demand.</p><p><strong>Supplier links:</strong> <a href=""https://www.fragrancenet.com/search/?gsearch=Versace+Man+Eau+Fraiche+Eau+de+Toilette"">FragranceNet</a> | <a href=""https://www.fragrancex.com/search/search_results?search=Versace+Man+Eau+Fraiche+Eau+de+Toilette"">FragranceX</a> | <a href=""https://www.perfume.com/search?keyword=Versace+Man+Eau+Fraiche+Eau+de+Toilette"">Perfume.com</a></p>",Versace,Cologne,"cologne,men,versace,set9,summer,aquatic-fresh-citrus",TRUE,Title,Default Title,SET9-VRS-040-157245,350,14,deny,manual,113.28,145.00,TRUE,TRUE,https://cdn.fragrancenet.com/images/photos/900x900/157245.jpg,1,Versace Man Eau Fraiche Eau de Toilette - Gift Set product image 1,active
set9-versace-man-eau-fraiche-eau-de-toilette-gift-set,,,,,,,,,,,,,,,,,,https://cdn.fragrancenet.com/images/photos/600x600/157245.jpg,2,Versace Man Eau Fraiche Eau de Toilette - Gift Set product image 2,
set9-versace-man-eau-fraiche-eau-de-toilette-gift-set,,,,,,,,,,,,,,,,,,https://cdn.fragrancenet.com/images/photos/500x500/157245.jpg,3,Versace Man Eau Fraiche Eau de Toilette - Gift Set product image 3,
set9-versace-man-eau-fraiche-eau-de-toilette-gift-set,,,,,,,,,,,,,,,,,,https://cdn.fragrancenet.com/images/photos/300x300/157245.jpg,4,Versace Man Eau Fraiche Eau de Toilette - Gift Set product image 4,
set9-versace-man-eau-fraiche-eau-de-toilette-gift-set,,,,,,,,,,,,,,,,,,https://cdn.fragrancenet.com/images/photos/250x250/157245.jpg,5,Versace Man Eau Fraiche Eau de Toilette - Gift Set product image 5,
set9-versace-oud-noir-eau-de-parfum-travel-spray-10ml,Versace Oud Noir Eau de Parfum - Travel Spray 10ml,"<p><strong>Versace Oud Noir Eau de Parfum - Travel Spray 10ml</strong> by Versace is built for <strong>winter</strong> wear with a dark oud oriental profile.</p><p><strong>Fragrance notes:</strong> agarwood, spices, leather, oriental woods.</p><p>This listing is optimized for third-party resellers: high-search designer profile, gift-friendly packaging, and repeat-order demand.</p><p><strong>Supplier links:</strong> <a href=""https://www.fragrancenet.com/search/?gsearch=Versace+Oud+Noir+Eau+de+Parfum"">FragranceNet</a> | <a href=""https://www.fragrancex.com/search/search_results?search=Versace+Oud+Noir+Eau+de+Parfum"">FragranceX</a> | <a href=""https://www.perfume.com/search?keyword=Versace+Oud+Noir+Eau+de+Parfum"">Perfume.com</a></p>",Versace,Cologne,"cologne,men,versace,set9,winter,dark-oud-oriental",TRUE,Title,Default Title,SET9-VRS-041-237817,350,16,deny,manual,33.60,43.01,TRUE,TRUE,https://cdn.fragrancenet.com/images/photos/900x900/237817.jpg,1,Versace Oud Noir Eau de Parfum - Travel Spray 10ml product image 1,active
set9-versace-oud-noir-eau-de-parfum-travel-spray-10ml,,,,,,,,,,,,,,,,,,https://cdn.fragrancenet.com/images/photos/600x600/237817.jpg,2,Versace Oud Noir Eau de Parfum - Travel Spray 10ml product image 2,
set9-versace-oud-noir-eau-de-parfum-travel-spray-10ml,,,,,,,,,,,,,,,,,,https://cdn.fragrancenet.com/images/photos/500x500/237817.jpg,3,Versace Oud Noir Eau de Parfum - Travel Spray 10ml product image 3,
set9-versace-oud-noir-eau-de-parfum-travel-spray-10ml,,,,,,,,,,,,,,,,,,https://cdn.fragrancenet.com/images/photos/300x300/237817.jpg,4,Versace Oud Noir Eau de Parfum - Travel Spray 10ml product image 4,
set9-versace-oud-noir-eau-de-parfum-travel-spray-10ml,,,,,,,,,,,,,,,,,,https://cdn.fragrancenet.com/images/photos/250x250/237817.jpg,5,Versace Oud Noir Eau de Parfum - Travel Spray 10ml product image 5,
set9-versace-oud-noir-eau-de-parfum-eau-de-toilette-parfum-50ml,Versace Oud Noir Eau de Parfum - Eau de Toilette / Parfum 50ml,"<p><strong>Versace Oud Noir Eau de Parfum - Eau de Toilette / Parfum 50ml</strong> by Versace is built for <strong>winter</strong> wear with a dark oud oriental profile.</p><p><strong>Fragrance notes:</strong> agarwood, spices, leather, oriental woods.</p><p>This listing is optimized for third-party resellers: high-search designer profile, gift-friendly packaging, and repeat-order demand.</p><p><strong>Supplier links:</strong> <a href=""https://www.fragrancenet.com/search/?gsearch=Versace+Oud+Noir+Eau+de+Parfum"">FragranceNet</a> | <a href=""https://www.fragrancex.com/search/search_results?search=Versace+Oud+Noir+Eau+de+Parfum"">FragranceX</a> | <a href=""https://www.perfume.com/search?keyword=Versace+Oud+Noir+Eau+de+Parfum"">Perfume.com</a></p>",Versace,Cologne,"cologne,men,versace,set9,winter,dark-oud-oriental",TRUE,Title,Default Title,SET9-VRS-042-237817,350,22,deny,manual,90.00,115.20,TRUE,TRUE,https://cdn.fragrancenet.com/images/photos/900x900/237817.jpg,1,Versace Oud Noir Eau de Parfum - Eau de Toilette / Parfum 50ml product image 1,active
set9-versace-oud-noir-eau-de-parfum-eau-de-toilette-parfum-50ml,,,,,,,,,,,,,,,,,,https://cdn.fragrancenet.com/images/photos/600x600/237817.jpg,2,Versace Oud Noir Eau de Parfum - Eau de Toilette / Parfum 50ml product image 2,
set9-versace-oud-noir-eau-de-parfum-eau-de-toilette-parfum-50ml,,,,,,,,,,,,,,,,,,https://cdn.fragrancenet.com/images/photos/500x500/237817.jpg,3,Versace Oud Noir Eau de Parfum - Eau de Toilette / Parfum 50ml product image 3,
set9-versace-oud-noir-eau-de-parfum-eau-de-toilette-parfum-50ml,,,,,,,,,,,,,,,,,,https://cdn.fragrancenet.com/images/photos/300x300/237817.jpg,4,Versace Oud Noir Eau de Parfum - Eau de Toilette / Parfum 50ml product image 4,
set9-versace-oud-noir-eau-de-parfum-eau-de-toilette-parfum-50ml,,,,,,,,,,,,,,,,,,https://cdn.fragrancenet.com/images/photos/250x250/237817.jpg,5,Versace Oud Noir Eau de Parfum - Eau de Toilette / Parfum 50ml product image 5,
set9-versace-oud-noir-eau-de-parfum-eau-de-toilette-parfum-100ml,Versace Oud Noir Eau de Parfum - Eau de Toilette / Parfum 100ml,"<p><strong>Versace Oud Noir Eau de Parfum - Eau de Toilette / Parfum 100ml</strong> by Versace is built for <strong>winter</strong> wear with a dark oud oriental profile.</p><p><strong>Fragrance notes:</strong> agarwood, spices, leather, oriental woods.</p><p>This listing is optimized for third-party resellers: high-search designer profile, gift-friendly packaging, and repeat-order demand.</p><p><strong>Supplier links:</strong> <a href=""https://www.fragrancenet.com/search/?gsearch=Versace+Oud+Noir+Eau+de+Parfum"">FragranceNet</a> | <a href=""https://www.fragrancex.com/search/search_results?search=Versace+Oud+Noir+Eau+de+Parfum"">FragranceX</a> | <a href=""https://www.perfume.com/search?keyword=Versace+Oud+Noir+Eau+de+Parfum"">Perfume.com</a></p>",Versace,Cologne,"cologne,men,versace,set9,winter,dark-oud-oriental",TRUE,Title,Default Title,SET9-VRS-043-237817,350,30,deny,manual,120.00,153.60,TRUE,TRUE,https://cdn.fragrancenet.com/images/photos/900x900/237817.jpg,1,Versace Oud Noir Eau de Parfum - Eau de Toilette / Parfum 100ml product image 1,active
set9-versace-oud-noir-eau-de-parfum-eau-de-toilette-parfum-100ml,,,,,,,,,,,,,,,,,,https://cdn.fragrancenet.com/images/photos/600x600/237817.jpg,2,Versace Oud Noir Eau de Parfum - Eau de Toilette / Parfum 100ml product image 2,
set9-versace-oud-noir-eau-de-parfum-eau-de-toilette-parfum-100ml,,,,,,,,,,,,,,,,,,https://cdn.fragrancenet.com/images/photos/500x500/237817.jpg,3,Versace Oud Noir Eau de Parfum - Eau de Toilette / Parfum 100ml product image 3,
set9-versace-oud-noir-eau-de-parfum-eau-de-toilette-parfum-100ml,,,,,,,,,,,,,,,,,,https://cdn.fragrancenet.com/images/photos/300x300/237817.jpg,4,Versace Oud Noir Eau de Parfum - Eau de Toilette / Parfum 100ml product image 4,
set9-versace-oud-noir-eau-de-parfum-eau-de-toilette-parfum-100ml,,,,,,,,,,,,,,,,,,https://cdn.fragrancenet.com/images/photos/250x250/237817.jpg,5,Versace Oud Noir Eau de Parfum - Eau de Toilette / Parfum 100ml product image 5,
set9-versace-oud-noir-eau-de-parfum-large-bottle-150ml,Versace Oud Noir Eau de Parfum - Large Bottle 150ml,"<p><strong>Versace Oud Noir Eau de Parfum - Large Bottle 150ml</strong> by Versace is built for <strong>winter</strong> wear with a dark oud oriental profile.</p><p><strong>Fragrance notes:</strong> agarwood, spices, leather, oriental woods.</p><p>This listing is optimized for third-party resellers: high-search designer profile, gift-friendly packaging, and repeat-order demand.</p><p><strong>Supplier links:</strong> <a href=""https://www.fragrancenet.com/search/?gsearch=Versace+Oud+Noir+Eau+de+Parfum"">FragranceNet</a> | <a href=""https://www.fragrancex.com/search/search_results?search=Versace+Oud+Noir+Eau+de+Parfum"">FragranceX</a> | <a href=""https://www.perfume.com/search?keyword=Versace+Oud+Noir+Eau+de+Parfum"">Perfume.com</a></p>",Versace,Cologne,"cologne,men,versace,set9,winter,dark-oud-oriental",TRUE,Title,Default Title,SET9-VRS-044-237817,350,18,deny,manual,150.00,192.00,TRUE,TRUE,https://cdn.fragrancenet.com/images/photos/900x900/237817.jpg,1,Versace Oud Noir Eau de Parfum - Large Bottle 150ml product image 1,active
set9-versace-oud-noir-eau-de-parfum-large-bottle-150ml,,,,,,,,,,,,,,,,,,https://cdn.fragrancenet.com/images/photos/600x600/237817.jpg,2,Versace Oud Noir Eau de Parfum - Large Bottle 150ml product image 2,
set9-versace-oud-noir-eau-de-parfum-large-bottle-150ml,,,,,,,,,,,,,,,,,,https://cdn.fragrancenet.com/images/photos/500x500/237817.jpg,3,Versace Oud Noir Eau de Parfum - Large Bottle 150ml product image 3,
set9-versace-oud-noir-eau-de-parfum-large-bottle-150ml,,,,,,,,,,,,,,,,,,https://cdn.fragrancenet.com/images/photos/300x300/237817.jpg,4,Versace Oud Noir Eau de Parfum - Large Bottle 150ml product image 4,
set9-versace-oud-noir-eau-de-parfum-large-bottle-150ml,,,,,,,,,,,,,,,,,,https://cdn.fragrancenet.com/images/photos/250x250/237817.jpg,5,Versace Oud Noir Eau de Parfum - Large Bottle 150ml product image 5,
set9-versace-oud-noir-eau-de-parfum-gift-set,Versace Oud Noir Eau de Parfum - Gift Set,"<p><strong>Versace Oud Noir Eau de Parfum - Gift Set</strong> by Versace is built for <strong>winter</strong> wear with a dark oud oriental profile.</p><p><strong>Fragrance notes:</strong> agarwood, spices, leather, oriental woods.</p><p>This listing is optimized for third-party resellers: high-search designer profile, gift-friendly packaging, and repeat-order demand.</p><p><strong>Supplier links:</strong> <a href=""https://www.fragrancenet.com/search/?gsearch=Versace+Oud+Noir+Eau+de+Parfum"">FragranceNet</a> | <a href=""https://www.fragrancex.com/search/search_results?search=Versace+Oud+Noir+Eau+de+Parfum"">FragranceX</a> | <a href=""https://www.perfume.com/search?keyword=Versace+Oud+Noir+Eau+de+Parfum"">Perfume.com</a></p>",Versace,Cologne,"cologne,men,versace,set9,winter,dark-oud-oriental",TRUE,Title,Default Title,SET9-VRS-045-237817,350,14,deny,manual,141.60,181.25,TRUE,TRUE,https://cdn.fragrancenet.com/images/photos/900x900/237817.jpg,1,Versace Oud Noir Eau de Parfum - Gift Set product image 1,active
set9-versace-oud-noir-eau-de-parfum-gift-set,,,,,,,,,,,,,,,,,,https://cdn.fragrancenet.com/images/photos/600x600/237817.jpg,2,Versace Oud Noir Eau de Parfum - Gift Set product image 2,
set9-versace-oud-noir-eau-de-parfum-gift-set,,,,,,,,,,,,,,,,,,https://cdn.fragrancenet.com/images/photos/500x500/237817.jpg,3,Versace Oud Noir Eau de Parfum - Gift Set product image 3,
set9-versace-oud-noir-eau-de-parfum-gift-set,,,,,,,,,,,,,,,,,,https://cdn.fragrancenet.com/images/photos/300x300/237817.jpg,4,Versace Oud Noir Eau de Parfum - Gift Set product image 4,
set9-versace-oud-noir-eau-de-parfum-gift-set,,,,,,,,,,,,,,,,,,https://cdn.fragrancenet.com/images/photos/250x250/237817.jpg,5,Versace Oud Noir Eau de Parfum - Gift Set product image 5,
set9-versace-lhomme-eau-de-toilette-travel-spray-10ml,Versace L'Homme Eau de Toilette - Travel Spray 10ml,"<p><strong>Versace L'Homme Eau de Toilette - Travel Spray 10ml</strong> by Versace is built for <strong>year-round</strong> wear with a vintage spicy leather profile.</p><p><strong>Fragrance notes:</strong> lemon, basil, patchouli, oakmoss, leather.</p><p>This listing is optimized for third-party resellers: high-search designer profile, gift-friendly packaging, and repeat-order demand.</p><p><strong>Supplier links:</strong> <a href=""https://www.fragrancenet.com/search/?gsearch=Versace+L%27Homme+Eau+de+Toilette"">FragranceNet</a> | <a href=""https://www.fragrancex.com/search/search_results?search=Versace+L%27Homme+Eau+de+Toilette"">FragranceX</a> | <a href=""https://www.perfume.com/search?keyword=Versace+L%27Homme+Eau+de+Toilette"">Perfume.com</a></p>",Versace,Cologne,"cologne,men,versace,set9,year-round,vintage-spicy-leather",TRUE,Title,Default Title,SET9-VRS-046-174784,350,16,deny,manual,19.60,25.09,TRUE,TRUE,https://cdn.fragrancenet.com/images/photos/900x900/174784.jpg,1,Versace L'Homme Eau de Toilette - Travel Spray 10ml product image 1,active
set9-versace-lhomme-eau-de-toilette-travel-spray-10ml,,,,,,,,,,,,,,,,,,https://cdn.fragrancenet.com/images/photos/600x600/174784.jpg,2,Versace L'Homme Eau de Toilette - Travel Spray 10ml product image 2,
set9-versace-lhomme-eau-de-toilette-travel-spray-10ml,,,,,,,,,,,,,,,,,,https://cdn.fragrancenet.com/images/photos/500x500/174784.jpg,3,Versace L'Homme Eau de Toilette - Travel Spray 10ml product image 3,
set9-versace-lhomme-eau-de-toilette-travel-spray-10ml,,,,,,,,,,,,,,,,,,https://cdn.fragrancenet.com/images/photos/300x300/174784.jpg,4,Versace L'Homme Eau de Toilette - Travel Spray 10ml product image 4,
set9-versace-lhomme-eau-de-toilette-travel-spray-10ml,,,,,,,,,,,,,,,,,,https://cdn.fragrancenet.com/images/photos/250x250/174784.jpg,5,Versace L'Homme Eau de Toilette - Travel Spray 10ml product image 5,
set9-versace-lhomme-eau-de-toilette-eau-de-toilette-parfum-50ml,Versace L'Homme Eau de Toilette - Eau de Toilette / Parfum 50ml,"<p><strong>Versace L'Homme Eau de Toilette - Eau de Toilette / Parfum 50ml</strong> by Versace is built for <strong>year-round</strong> wear with a vintage spicy leather profile.</p><p><strong>Fragrance notes:</strong> lemon, basil, patchouli, oakmoss, leather.</p><p>This listing is optimized for third-party resellers: high-search designer profile, gift-friendly packaging, and repeat-order demand.</p><p><strong>Supplier links:</strong> <a href=""https://www.fragrancenet.com/search/?gsearch=Versace+L%27Homme+Eau+de+Toilette"">FragranceNet</a> | <a href=""https://www.fragrancex.com/search/search_results?search=Versace+L%27Homme+Eau+de+Toilette"">FragranceX</a> | <a href=""https://www.perfume.com/search?keyword=Versace+L%27Homme+Eau+de+Toilette"">Perfume.com</a></p>",Versace,Cologne,"cologne,men,versace,set9,year-round,vintage-spicy-leather",TRUE,Title,Default Title,SET9-VRS-047-174784,350,22,deny,manual,52.50,67.20,TRUE,TRUE,https://cdn.fragrancenet.com/images/photos/900x900/174784.jpg,1,Versace L'Homme Eau de Toilette - Eau de Toilette / Parfum 50ml product image 1,active
set9-versace-lhomme-eau-de-toilette-eau-de-toilette-parfum-50ml,,,,,,,,,,,,,,,,,,https://cdn.fragrancenet.com/images/photos/600x600/174784.jpg,2,Versace L'Homme Eau de Toilette - Eau de Toilette / Parfum 50ml product image 2,
set9-versace-lhomme-eau-de-toilette-eau-de-toilette-parfum-50ml,,,,,,,,,,,,,,,,,,https://cdn.fragrancenet.com/images/photos/500x500/174784.jpg,3,Versace L'Homme Eau de Toilette - Eau de Toilette / Parfum 50ml product image 3,
set9-versace-lhomme-eau-de-toilette-eau-de-toilette-parfum-50ml,,,,,,,,,,,,,,,,,,https://cdn.fragrancenet.com/images/photos/300x300/174784.jpg,4,Versace L'Homme Eau de Toilette - Eau de Toilette / Parfum 50ml product image 4,
set9-versace-lhomme-eau-de-toilette-eau-de-toilette-parfum-50ml,,,,,,,,,,,,,,,,,,https://cdn.fragrancenet.com/images/photos/250x250/174784.jpg,5,Versace L'Homme Eau de Toilette - Eau de Toilette / Parfum 50ml product image 5,
set9-versace-lhomme-eau-de-toilette-eau-de-toilette-parfum-100ml,Versace L'Homme Eau de Toilette - Eau de Toilette / Parfum 100ml,"<p><strong>Versace L'Homme Eau de Toilette - Eau de Toilette / Parfum 100ml</strong> by Versace is built for <strong>year-round</strong> wear with a vintage spicy leather profile.</p><p><strong>Fragrance notes:</strong> lemon, basil, patchouli, oakmoss, leather.</p><p>This listing is optimized for third-party resellers: high-search designer profile, gift-friendly packaging, and repeat-order demand.</p><p><strong>Supplier links:</strong> <a href=""https://www.fragrancenet.com/search/?gsearch=Versace+L%27Homme+Eau+de+Toilette"">FragranceNet</a> | <a href=""https://www.fragrancex.com/search/search_results?search=Versace+L%27Homme+Eau+de+Toilette"">FragranceX</a> | <a href=""https://www.perfume.com/search?keyword=Versace+L%27Homme+Eau+de+Toilette"">Perfume.com</a></p>",Versace,Cologne,"cologne,men,versace,set9,year-round,vintage-spicy-leather",TRUE,Title,Default Title,SET9-VRS-048-174784,350,30,deny,manual,70.00,89.60,TRUE,TRUE,https://cdn.fragrancenet.com/images/photos/900x900/174784.jpg,1,Versace L'Homme Eau de Toilette - Eau de Toilette / Parfum 100ml product image 1,active
set9-versace-lhomme-eau-de-toilette-eau-de-toilette-parfum-100ml,,,,,,,,,,,,,,,,,,https://cdn.fragrancenet.com/images/photos/600x600/174784.jpg,2,Versace L'Homme Eau de Toilette - Eau de Toilette / Parfum 100ml product image 2,
set9-versace-lhomme-eau-de-toilette-eau-de-toilette-parfum-100ml,,,,,,,,,,,,,,,,,,https://cdn.fragrancenet.com/images/photos/500x500/174784.jpg,3,Versace L'Homme Eau de Toilette - Eau de Toilette / Parfum 100ml product image 3,
set9-versace-lhomme-eau-de-toilette-eau-de-toilette-parfum-100ml,,,,,,,,,,,,,,,,,,https://cdn.fragrancenet.com/images/photos/300x300/174784.jpg,4,Versace L'Homme Eau de Toilette - Eau de Toilette / Parfum 100ml product image 4,
set9-versace-lhomme-eau-de-toilette-eau-de-toilette-parfum-100ml,,,,,,,,,,,,,,,,,,https://cdn.fragrancenet.com/images/photos/250x250/174784.jpg,5,Versace L'Homme Eau de Toilette - Eau de Toilette / Parfum 100ml product image 5,
set9-versace-lhomme-eau-de-toilette-large-bottle-150ml,Versace L'Homme Eau de Toilette - Large Bottle 150ml,"<p><strong>Versace L'Homme Eau de Toilette - Large Bottle 150ml</strong> by Versace is built for <strong>year-round</strong> wear with a vintage spicy leather profile.</p><p><strong>Fragrance notes:</strong> lemon, basil, patchouli, oakmoss, leather.</p><p>This listing is optimized for third-party resellers: high-search designer profile, gift-friendly packaging, and repeat-order demand.</p><p><strong>Supplier links:</strong> <a href=""https://www.fragrancenet.com/search/?gsearch=Versace+L%27Homme+Eau+de+Toilette"">FragranceNet</a> | <a href=""https://www.fragrancex.com/search/search_results?search=Versace+L%27Homme+Eau+de+Toilette"">FragranceX</a> | <a href=""https://www.perfume.com/search?keyword=Versace+L%27Homme+Eau+de+Toilette"">Perfume.com</a></p>",Versace,Cologne,"cologne,men,versace,set9,year-round,vintage-spicy-leather",TRUE,Title,Default Title,SET9-VRS-049-174784,350,18,deny,manual,87.50,112.00,TRUE,TRUE,https://cdn.fragrancenet.com/images/photos/900x900/174784.jpg,1,Versace L'Homme Eau de Toilette - Large Bottle 150ml product image 1,active
set9-versace-lhomme-eau-de-toilette-large-bottle-150ml,,,,,,,,,,,,,,,,,,https://cdn.fragrancenet.com/images/photos/600x600/174784.jpg,2,Versace L'Homme Eau de Toilette - Large Bottle 150ml product image 2,
set9-versace-lhomme-eau-de-toilette-large-bottle-150ml,,,,,,,,,,,,,,,,,,https://cdn.fragrancenet.com/images/photos/500x500/174784.jpg,3,Versace L'Homme Eau de Toilette - Large Bottle 150ml product image 3,
set9-versace-lhomme-eau-de-toilette-large-bottle-150ml,,,,,,,,,,,,,,,,,,https://cdn.fragrancenet.com/images/photos/300x300/174784.jpg,4,Versace L'Homme Eau de Toilette - Large Bottle 150ml product image 4,
set9-versace-lhomme-eau-de-toilette-large-bottle-150ml,,,,,,,,,,,,,,,,,,https://cdn.fragrancenet.com/images/photos/250x250/174784.jpg,5,Versace L'Homme Eau de Toilette - Large Bottle 150ml product image 5,
set9-versace-lhomme-eau-de-toilette-gift-set,Versace L'Homme Eau de Toilette - Gift Set,"<p><strong>Versace L'Homme Eau de Toilette - Gift Set</strong> by Versace is built for <strong>year-round</strong> wear with a vintage spicy leather profile.</p><p><strong>Fragrance notes:</strong> lemon, basil, patchouli, oakmoss, leather.</p><p>This listing is optimized for third-party resellers: high-search designer profile, gift-friendly packaging, and repeat-order demand.</p><p><strong>Supplier links:</strong> <a href=""https://www.fragrancenet.com/search/?gsearch=Versace+L%27Homme+Eau+de+Toilette"">FragranceNet</a> | <a href=""https://www.fragrancex.com/search/search_results?search=Versace+L%27Homme+Eau+de+Toilette"">FragranceX</a> | <a href=""https://www.perfume.com/search?keyword=Versace+L%27Homme+Eau+de+Toilette"">Perfume.com</a></p>",Versace,Cologne,"cologne,men,versace,set9,year-round,vintage-spicy-leather",TRUE,Title,Default Title,SET9-VRS-050-174784,350,14,deny,manual,82.60,105.73,TRUE,TRUE,https://cdn.fragrancenet.com/images/photos/900x900/174784.jpg,1,Versace L'Homme Eau de Toilette - Gift Set product image 1,active
set9-versace-lhomme-eau-de-toilette-gift-set,,,,,,,,,,,,,,,,,,https://cdn.fragrancenet.com/images/photos/600x600/174784.jpg,2,Versace L'Homme Eau de Toilette - Gift Set product image 2,
set9-versace-lhomme-eau-de-toilette-gift-set,,,,,,,,,,,,,,,,,,https://cdn.fragrancenet.com/images/photos/500x500/174784.jpg,3,Versace L'Homme Eau de Toilette - Gift Set product image 3,
set9-versace-lhomme-eau-de-toilette-gift-set,,,,,,,,,,,,,,,,,,https://cdn.fragrancenet.com/images/photos/300x300/174784.jpg,4,Versace L'Homme Eau de Toilette - Gift Set product image 4,
set9-versace-lhomme-eau-de-toilette-gift-set,,,,,,,,,,,,,,,,,,https://cdn.fragrancenet.com/images/photos/250x250/174784.jpg,5,Versace L'Homme Eau de Toilette - Gift Set product image 5,
set9-versace-blue-jeans-eau-de-toilette-travel-spray-10ml,Versace Blue Jeans Eau de Toilette - Travel Spray 10ml,"<p><strong>Versace Blue Jeans Eau de Toilette - Travel Spray 10ml</strong> by Versace is built for <strong>summer</strong> wear with a citrus lavender casual profile.</p><p><strong>Fragrance notes:</strong> bergamot, lavender, rosewood, vanilla, sandalwood.</p><p>This listing is optimized for third-party resellers: high-search designer profile, gift-friendly packaging, and repeat-order demand.</p><p><strong>Supplier links:</strong> <a href=""https://www.fragrancenet.com/search/?gsearch=Versace+Blue+Jeans+Eau+de+Toilette"">FragranceNet</a> | <a href=""https://www.fragrancex.com/search/search_results?search=Versace+Blue+Jeans+Eau+de+Toilette"">FragranceX</a> | <a href=""https://www.perfume.com/search?keyword=Versace+Blue+Jeans+Eau+de+Toilette"">Perfume.com</a></p>",Versace,Cologne,"cologne,men,versace,set9,summer,citrus-lavender-casual",TRUE,Title,Default Title,SET9-VRS-051-118108,350,16,deny,manual,15.96,20.43,TRUE,TRUE,https://cdn.fragrancenet.com/images/photos/900x900/118108.jpg,1,Versace Blue Jeans Eau de Toilette - Travel Spray 10ml product image 1,active
set9-versace-blue-jeans-eau-de-toilette-travel-spray-10ml,,,,,,,,,,,,,,,,,,https://cdn.fragrancenet.com/images/photos/600x600/118108.jpg,2,Versace Blue Jeans Eau de Toilette - Travel Spray 10ml product image 2,
set9-versace-blue-jeans-eau-de-toilette-travel-spray-10ml,,,,,,,,,,,,,,,,,,https://cdn.fragrancenet.com/images/photos/500x500/118108.jpg,3,Versace Blue Jeans Eau de Toilette - Travel Spray 10ml product image 3,
set9-versace-blue-jeans-eau-de-toilette-travel-spray-10ml,,,,,,,,,,,,,,,,,,https://cdn.fragrancenet.com/images/photos/300x300/118108.jpg,4,Versace Blue Jeans Eau de Toilette - Travel Spray 10ml product image 4,
set9-versace-blue-jeans-eau-de-toilette-travel-spray-10ml,,,,,,,,,,,,,,,,,,https://cdn.fragrancenet.com/images/photos/250x250/118108.jpg,5,Versace Blue Jeans Eau de Toilette - Travel Spray 10ml product image 5,
set9-versace-blue-jeans-eau-de-toilette-eau-de-toilette-parfum-50ml,Versace Blue Jeans Eau de Toilette - Eau de Toilette / Parfum 50ml,"<p><strong>Versace Blue Jeans Eau de Toilette - Eau de Toilette / Parfum 50ml</strong> by Versace is built for <strong>summer</strong> wear with a citrus lavender casual profile.</p><p><strong>Fragrance notes:</strong> bergamot, lavender, rosewood, vanilla, sandalwood.</p><p>This listing is optimized for third-party resellers: high-search designer profile, gift-friendly packaging, and repeat-order demand.</p><p><strong>Supplier links:</strong> <a href=""https://www.fragrancenet.com/search/?gsearch=Versace+Blue+Jeans+Eau+de+Toilette"">FragranceNet</a> | <a href=""https://www.fragrancex.com/search/search_results?search=Versace+Blue+Jeans+Eau+de+Toilette"">FragranceX</a> | <a href=""https://www.perfume.com/search?keyword=Versace+Blue+Jeans+Eau+de+Toilette"">Perfume.com</a></p>",Versace,Cologne,"cologne,men,versace,set9,summer,citrus-lavender-casual",TRUE,Title,Default Title,SET9-VRS-052-118108,350,22,deny,manual,42.75,54.72,TRUE,TRUE,https://cdn.fragrancenet.com/images/photos/900x900/118108.jpg,1,Versace Blue Jeans Eau de Toilette - Eau de Toilette / Parfum 50ml product image 1,active
set9-versace-blue-jeans-eau-de-toilette-eau-de-toilette-parfum-50ml,,,,,,,,,,,,,,,,,,https://cdn.fragrancenet.com/images/photos/600x600/118108.jpg,2,Versace Blue Jeans Eau de Toilette - Eau de Toilette / Parfum 50ml product image 2,
set9-versace-blue-jeans-eau-de-toilette-eau-de-toilette-parfum-50ml,,,,,,,,,,,,,,,,,,https://cdn.fragrancenet.com/images/photos/500x500/118108.jpg,3,Versace Blue Jeans Eau de Toilette - Eau de Toilette / Parfum 50ml product image 3,
set9-versace-blue-jeans-eau-de-toilette-eau-de-toilette-parfum-50ml,,,,,,,,,,,,,,,,,,https://cdn.fragrancenet.com/images/photos/300x300/118108.jpg,4,Versace Blue Jeans Eau de Toilette - Eau de Toilette / Parfum 50ml product image 4,
set9-versace-blue-jeans-eau-de-toilette-eau-de-toilette-parfum-50ml,,,,,,,,,,,,,,,,,,https://cdn.fragrancenet.com/images/photos/250x250/118108.jpg,5,Versace Blue Jeans Eau de Toilette - Eau de Toilette / Parfum 50ml product image 5,
set9-versace-blue-jeans-eau-de-toilette-eau-de-toilette-parfum-100ml,Versace Blue Jeans Eau de Toilette - Eau de Toilette / Parfum 100ml,"<p><strong>Versace Blue Jeans Eau de Toilette - Eau de Toilette / Parfum 100ml</strong> by Versace is built for <strong>summer</strong> wear with a citrus lavender casual profile.</p><p><strong>Fragrance notes:</strong> bergamot, lavender, rosewood, vanilla, sandalwood.</p><p>This listing is optimized for third-party resellers: high-search designer profile, gift-friendly packaging, and repeat-order demand.</p><p><strong>Supplier links:</strong> <a href=""https://www.fragrancenet.com/search/?gsearch=Versace+Blue+Jeans+Eau+de+Toilette"">FragranceNet</a> | <a href=""https://www.fragrancex.com/search/search_results?search=Versace+Blue+Jeans+Eau+de+Toilette"">FragranceX</a> | <a href=""https://www.perfume.com/search?keyword=Versace+Blue+Jeans+Eau+de+Toilette"">Perfume.com</a></p>",Versace,Cologne,"cologne,men,versace,set9,summer,citrus-lavender-casual",TRUE,Title,Default Title,SET9-VRS-053-118108,350,30,deny,manual,57.00,72.96,TRUE,TRUE,https://cdn.fragrancenet.com/images/photos/900x900/118108.jpg,1,Versace Blue Jeans Eau de Toilette - Eau de Toilette / Parfum 100ml product image 1,active
set9-versace-blue-jeans-eau-de-toilette-eau-de-toilette-parfum-100ml,,,,,,,,,,,,,,,,,,https://cdn.fragrancenet.com/images/photos/600x600/118108.jpg,2,Versace Blue Jeans Eau de Toilette - Eau de Toilette / Parfum 100ml product image 2,
set9-versace-blue-jeans-eau-de-toilette-eau-de-toilette-parfum-100ml,,,,,,,,,,,,,,,,,,https://cdn.fragrancenet.com/images/photos/500x500/118108.jpg,3,Versace Blue Jeans Eau de Toilette - Eau de Toilette / Parfum 100ml product image 3,
set9-versace-blue-jeans-eau-de-toilette-eau-de-toilette-parfum-100ml,,,,,,,,,,,,,,,,,,https://cdn.fragrancenet.com/images/photos/300x300/118108.jpg,4,Versace Blue Jeans Eau de Toilette - Eau de Toilette / Parfum 100ml product image 4,
set9-versace-blue-jeans-eau-de-toilette-eau-de-toilette-parfum-100ml,,,,,,,,,,,,,,,,,,https://cdn.fragrancenet.com/images/photos/250x250/118108.jpg,5,Versace Blue Jeans Eau de Toilette - Eau de Toilette / Parfum 100ml product image 5,
set9-versace-blue-jeans-eau-de-toilette-large-bottle-150ml,Versace Blue Jeans Eau de Toilette - Large Bottle 150ml,"<p><strong>Versace Blue Jeans Eau de Toilette - Large Bottle 150ml</strong> by Versace is built for <strong>summer</strong> wear with a citrus lavender casual profile.</p><p><strong>Fragrance notes:</strong> bergamot, lavender, rosewood, vanilla, sandalwood.</p><p>This listing is optimized for third-party resellers: high-search designer profile, gift-friendly packaging, and repeat-order demand.</p><p><strong>Supplier links:</strong> <a href=""https://www.fragrancenet.com/search/?gsearch=Versace+Blue+Jeans+Eau+de+Toilette"">FragranceNet</a> | <a href=""https://www.fragrancex.com/search/search_results?search=Versace+Blue+Jeans+Eau+de+Toilette"">FragranceX</a> | <a href=""https://www.perfume.com/search?keyword=Versace+Blue+Jeans+Eau+de+Toilette"">Perfume.com</a></p>",Versace,Cologne,"cologne,men,versace,set9,summer,citrus-lavender-casual",TRUE,Title,Default Title,SET9-VRS-054-118108,350,18,deny,manual,71.25,91.20,TRUE,TRUE,https://cdn.fragrancenet.com/images/photos/900x900/118108.jpg,1,Versace Blue Jeans Eau de Toilette - Large Bottle 150ml product image 1,active
set9-versace-blue-jeans-eau-de-toilette-large-bottle-150ml,,,,,,,,,,,,,,,,,,https://cdn.fragrancenet.com/images/photos/600x600/118108.jpg,2,Versace Blue Jeans Eau de Toilette - Large Bottle 150ml product image 2,
set9-versace-blue-jeans-eau-de-toilette-large-bottle-150ml,,,,,,,,,,,,,,,,,,https://cdn.fragrancenet.com/images/photos/500x500/118108.jpg,3,Versace Blue Jeans Eau de Toilette - Large Bottle 150ml product image 3,
set9-versace-blue-jeans-eau-de-toilette-large-bottle-150ml,,,,,,,,,,,,,,,,,,https://cdn.fragrancenet.com/images/photos/300x300/118108.jpg,4,Versace Blue Jeans Eau de Toilette - Large Bottle 150ml product image 4,
set9-versace-blue-jeans-eau-de-toilette-large-bottle-150ml,,,,,,,,,,,,,,,,,,https://cdn.fragrancenet.com/images/photos/250x250/118108.jpg,5,Versace Blue Jeans Eau de Toilette - Large Bottle 150ml product image 5,
set9-versace-blue-jeans-eau-de-toilette-gift-set,Versace Blue Jeans Eau de Toilette - Gift Set,"<p><strong>Versace Blue Jeans Eau de Toilette - Gift Set</strong> by Versace is built for <strong>summer</strong> wear with a citrus lavender casual profile.</p><p><strong>Fragrance notes:</strong> bergamot, lavender, rosewood, vanilla, sandalwood.</p><p>This listing is optimized for third-party resellers: high-search designer profile, gift-friendly packaging, and repeat-order demand.</p><p><strong>Supplier links:</strong> <a href=""https://www.fragrancenet.com/search/?gsearch=Versace+Blue+Jeans+Eau+de+Toilette"">FragranceNet</a> | <a href=""https://www.fragrancex.com/search/search_results?search=Versace+Blue+Jeans+Eau+de+Toilette"">FragranceX</a> | <a href=""https://www.perfume.com/search?keyword=Versace+Blue+Jeans+Eau+de+Toilette"">Perfume.com</a></p>",Versace,Cologne,"cologne,men,versace,set9,summer,citrus-lavender-casual",TRUE,Title,Default Title,SET9-VRS-055-118108,350,14,deny,manual,67.26,86.09,TRUE,TRUE,https://cdn.fragrancenet.com/images/photos/900x900/118108.jpg,1,Versace Blue Jeans Eau de Toilette - Gift Set product image 1,active
set9-versace-blue-jeans-eau-de-toilette-gift-set,,,,,,,,,,,,,,,,,,https://cdn.fragrancenet.com/images/photos/600x600/118108.jpg,2,Versace Blue Jeans Eau de Toilette - Gift Set product image 2,
set9-versace-blue-jeans-eau-de-toilette-gift-set,,,,,,,,,,,,,,,,,,https://cdn.fragrancenet.com/images/photos/500x500/118108.jpg,3,Versace Blue Jeans Eau de Toilette - Gift Set product image 3,
set9-versace-blue-jeans-eau-de-toilette-gift-set,,,,,,,,,,,,,,,,,,https://cdn.fragrancenet.com/images/photos/300x300/118108.jpg,4,Versace Blue Jeans Eau de Toilette - Gift Set product image 4,
set9-versace-blue-jeans-eau-de-toilette-gift-set,,,,,,,,,,,,,,,,,,https://cdn.fragrancenet.com/images/photos/250x250/118108.jpg,5,Versace Blue Jeans Eau de Toilette - Gift Set product image 5,
set9-versace-dreamer-eau-de-toilette-travel-spray-10ml,Versace Dreamer Eau de Toilette - Travel Spray 10ml,"<p><strong>Versace Dreamer Eau de Toilette - Travel Spray 10ml</strong> by Versace is built for <strong>year-round</strong> wear with a soft tobacco aromatic profile.</p><p><strong>Fragrance notes:</strong> mandarin, lavender, tobacco, cedar, tonka bean.</p><p>This listing is optimized for third-party resellers: high-search designer profile, gift-friendly packaging, and repeat-order demand.</p><p><strong>Supplier links:</strong> <a href=""https://www.fragrancenet.com/search/?gsearch=Versace+Dreamer+Eau+de+Toilette"">FragranceNet</a> | <a href=""https://www.fragrancex.com/search/search_results?search=Versace+Dreamer+Eau+de+Toilette"">FragranceX</a> | <a href=""https://www.perfume.com/search?keyword=Versace+Dreamer+Eau+de+Toilette"">Perfume.com</a></p>",Versace,Cologne,"cologne,men,versace,set9,year-round,soft-tobacco-aromatic",TRUE,Title,Default Title,SET9-VRS-056-122041,350,16,deny,manual,15.96,20.43,TRUE,TRUE,https://cdn.fragrancenet.com/images/photos/900x900/122041.jpg,1,Versace Dreamer Eau de Toilette - Travel Spray 10ml product image 1,active
set9-versace-dreamer-eau-de-toilette-travel-spray-10ml,,,,,,,,,,,,,,,,,,https://cdn.fragrancenet.com/images/photos/600x600/122041.jpg,2,Versace Dreamer Eau de Toilette - Travel Spray 10ml product image 2,
set9-versace-dreamer-eau-de-toilette-travel-spray-10ml,,,,,,,,,,,,,,,,,,https://cdn.fragrancenet.com/images/photos/500x500/122041.jpg,3,Versace Dreamer Eau de Toilette - Travel Spray 10ml product image 3,
set9-versace-dreamer-eau-de-toilette-travel-spray-10ml,,,,,,,,,,,,,,,,,,https://cdn.fragrancenet.com/images/photos/300x300/122041.jpg,4,Versace Dreamer Eau de Toilette - Travel Spray 10ml product image 4,
set9-versace-dreamer-eau-de-toilette-travel-spray-10ml,,,,,,,,,,,,,,,,,,https://cdn.fragrancenet.com/images/photos/250x250/122041.jpg,5,Versace Dreamer Eau de Toilette - Travel Spray 10ml product image 5,
set9-versace-dreamer-eau-de-toilette-eau-de-toilette-parfum-50ml,Versace Dreamer Eau de Toilette - Eau de Toilette / Parfum 50ml,"<p><strong>Versace Dreamer Eau de Toilette - Eau de Toilette / Parfum 50ml</strong> by Versace is built for <strong>year-round</strong> wear with a soft tobacco aromatic profile.</p><p><strong>Fragrance notes:</strong> mandarin, lavender, tobacco, cedar, tonka bean.</p><p>This listing is optimized for third-party resellers: high-search designer profile, gift-friendly packaging, and repeat-order demand.</p><p><strong>Supplier links:</strong> <a href=""https://www.fragrancenet.com/search/?gsearch=Versace+Dreamer+Eau+de+Toilette"">FragranceNet</a> | <a href=""https://www.fragrancex.com/search/search_results?search=Versace+Dreamer+Eau+de+Toilette"">FragranceX</a> | <a href=""https://www.perfume.com/search?keyword=Versace+Dreamer+Eau+de+Toilette"">Perfume.com</a></p>",Versace,Cologne,"cologne,men,versace,set9,year-round,soft-tobacco-aromatic",TRUE,Title,Default Title,SET9-VRS-057-122041,350,22,deny,manual,42.75,54.72,TRUE,TRUE,https://cdn.fragrancenet.com/images/photos/900x900/122041.jpg,1,Versace Dreamer Eau de Toilette - Eau de Toilette / Parfum 50ml product image 1,active
set9-versace-dreamer-eau-de-toilette-eau-de-toilette-parfum-50ml,,,,,,,,,,,,,,,,,,https://cdn.fragrancenet.com/images/photos/600x600/122041.jpg,2,Versace Dreamer Eau de Toilette - Eau de Toilette / Parfum 50ml product image 2,
set9-versace-dreamer-eau-de-toilette-eau-de-toilette-parfum-50ml,,,,,,,,,,,,,,,,,,https://cdn.fragrancenet.com/images/photos/500x500/122041.jpg,3,Versace Dreamer Eau de Toilette - Eau de Toilette / Parfum 50ml product image 3,
set9-versace-dreamer-eau-de-toilette-eau-de-toilette-parfum-50ml,,,,,,,,,,,,,,,,,,https://cdn.fragrancenet.com/images/photos/300x300/122041.jpg,4,Versace Dreamer Eau de Toilette - Eau de Toilette / Parfum 50ml product image 4,
set9-versace-dreamer-eau-de-toilette-eau-de-toilette-parfum-50ml,,,,,,,,,,,,,,,,,,https://cdn.fragrancenet.com/images/photos/250x250/122041.jpg,5,Versace Dreamer Eau de Toilette - Eau de Toilette / Parfum 50ml product image 5,
set9-versace-dreamer-eau-de-toilette-eau-de-toilette-parfum-100ml,Versace Dreamer Eau de Toilette - Eau de Toilette / Parfum 100ml,"<p><strong>Versace Dreamer Eau de Toilette - Eau de Toilette / Parfum 100ml</strong> by Versace is built for <strong>year-round</strong> wear with a soft tobacco aromatic profile.</p><p><strong>Fragrance notes:</strong> mandarin, lavender, tobacco, cedar, tonka bean.</p><p>This listing is optimized for third-party resellers: high-search designer profile, gift-friendly packaging, and repeat-order demand.</p><p><strong>Supplier links:</strong> <a href=""https://www.fragrancenet.com/search/?gsearch=Versace+Dreamer+Eau+de+Toilette"">FragranceNet</a> | <a href=""https://www.fragrancex.com/search/search_results?search=Versace+Dreamer+Eau+de+Toilette"">FragranceX</a> | <a href=""https://www.perfume.com/search?keyword=Versace+Dreamer+Eau+de+Toilette"">Perfume.com</a></p>",Versace,Cologne,"cologne,men,versace,set9,year-round,soft-tobacco-aromatic",TRUE,Title,Default Title,SET9-VRS-058-122041,350,30,deny,manual,57.00,72.96,TRUE,TRUE,https://cdn.fragrancenet.com/images/photos/900x900/122041.jpg,1,Versace Dreamer Eau de Toilette - Eau de Toilette / Parfum 100ml product image 1,active
set9-versace-dreamer-eau-de-toilette-eau-de-toilette-parfum-100ml,,,,,,,,,,,,,,,,,,https://cdn.fragrancenet.com/images/photos/600x600/122041.jpg,2,Versace Dreamer Eau de Toilette - Eau de Toilette / Parfum 100ml product image 2,
set9-versace-dreamer-eau-de-toilette-eau-de-toilette-parfum-100ml,,,,,,,,,,,,,,,,,,https://cdn.fragrancenet.com/images/photos/500x500/122041.jpg,3,Versace Dreamer Eau de Toilette - Eau de Toilette / Parfum 100ml product image 3,
set9-versace-dreamer-eau-de-toilette-eau-de-toilette-parfum-100ml,,,,,,,,,,,,,,,,,,https://cdn.fragrancenet.com/images/photos/300x300/122041.jpg,4,Versace Dreamer Eau de Toilette - Eau de Toilette / Parfum 100ml product image 4,
set9-versace-dreamer-eau-de-toilette-eau-de-toilette-parfum-100ml,,,,,,,,,,,,,,,,,,https://cdn.fragrancenet.com/images/photos/250x250/122041.jpg,5,Versace Dreamer Eau de Toilette - Eau de Toilette / Parfum 100ml product image 5,
set9-versace-dreamer-eau-de-toilette-large-bottle-150ml,Versace Dreamer Eau de Toilette - Large Bottle 150ml,"<p><strong>Versace Dreamer Eau de Toilette - Large Bottle 150ml</strong> by Versace is built for <strong>year-round</strong> wear with a soft tobacco aromatic profile.</p><p><strong>Fragrance notes:</strong> mandarin, lavender, tobacco, cedar, tonka bean.</p><p>This listing is optimized for third-party resellers: high-search designer profile, gift-friendly packaging, and repeat-order demand.</p><p><strong>Supplier links:</strong> <a href=""https://www.fragrancenet.com/search/?gsearch=Versace+Dreamer+Eau+de+Toilette"">FragranceNet</a> | <a href=""https://www.fragrancex.com/search/search_results?search=Versace+Dreamer+Eau+de+Toilette"">FragranceX</a> | <a href=""https://www.perfume.com/search?keyword=Versace+Dreamer+Eau+de+Toilette"">Perfume.com</a></p>",Versace,Cologne,"cologne,men,versace,set9,year-round,soft-tobacco-aromatic",TRUE,Title,Default Title,SET9-VRS-059-122041,350,18,deny,manual,71.25,91.20,TRUE,TRUE,https://cdn.fragrancenet.com/images/photos/900x900/122041.jpg,1,Versace Dreamer Eau de Toilette - Large Bottle 150ml product image 1,active
set9-versace-dreamer-eau-de-toilette-large-bottle-150ml,,,,,,,,,,,,,,,,,,https://cdn.fragrancenet.com/images/photos/600x600/122041.jpg,2,Versace Dreamer Eau de Toilette - Large Bottle 150ml product image 2,
set9-versace-dreamer-eau-de-toilette-large-bottle-150ml,,,,,,,,,,,,,,,,,,https://cdn.fragrancenet.com/images/photos/500x500/122041.jpg,3,Versace Dreamer Eau de Toilette - Large Bottle 150ml product image 3,
set9-versace-dreamer-eau-de-toilette-large-bottle-150ml,,,,,,,,,,,,,,,,,,https://cdn.fragrancenet.com/images/photos/300x300/122041.jpg,4,Versace Dreamer Eau de Toilette - Large Bottle 150ml product image 4,
set9-versace-dreamer-eau-de-toilette-large-bottle-150ml,,,,,,,,,,,,,,,,,,https://cdn.fragrancenet.com/images/photos/250x250/122041.jpg,5,Versace Dreamer Eau de Toilette - Large Bottle 150ml product image 5,
set9-versace-dreamer-eau-de-toilette-gift-set,Versace Dreamer Eau de Toilette - Gift Set,"<p><strong>Versace Dreamer Eau de Toilette - Gift Set</strong> by Versace is built for <strong>year-round</strong> wear with a soft tobacco aromatic profile.</p><p><strong>Fragrance notes:</strong> mandarin, lavender, tobacco, cedar, tonka bean.</p><p>This listing is optimized for third-party resellers: high-search designer profile, gift-friendly packaging, and repeat-order demand.</p><p><strong>Supplier links:</strong> <a href=""https://www.fragrancenet.com/search/?gsearch=Versace+Dreamer+Eau+de+Toilette"">FragranceNet</a> | <a href=""https://www.fragrancex.com/search/search_results?search=Versace+Dreamer+Eau+de+Toilette"">FragranceX</a> | <a href=""https://www.perfume.com/search?keyword=Versace+Dreamer+Eau+de+Toilette"">Perfume.com</a></p>",Versace,Cologne,"cologne,men,versace,set9,year-round,soft-tobacco-aromatic",TRUE,Title,Default Title,SET9-VRS-060-122041,350,14,deny,manual,67.26,86.09,TRUE,TRUE,https://cdn.fragrancenet.com/images/photos/900x900/122041.jpg,1,Versace Dreamer Eau de Toilette - Gift Set product image 1,active
set9-versace-dreamer-eau-de-toilette-gift-set,,,,,,,,,,,,,,,,,,https://cdn.fragrancenet.com/images/photos/600x600/122041.jpg,2,Versace Dreamer Eau de Toilette - Gift Set product image 2,
set9-versace-dreamer-eau-de-toilette-gift-set,,,,,,,,,,,,,,,,,,https://cdn.fragrancenet.com/images/photos/500x500/122041.jpg,3,Versace Dreamer Eau de Toilette - Gift Set product image 3,
set9-versace-dreamer-eau-de-toilette-gift-set,,,,,,,,,,,,,,,,,,https://cdn.fragrancenet.com/images/photos/300x300/122041.jpg,4,Versace Dreamer Eau de Toilette - Gift Set product image 4,
set9-versace-dreamer-eau-de-toilette-gift-set,,,,,,,,,,,,,,,,,,https://cdn.fragrancenet.com/images/photos/250x250/122041.jpg,5,Versace Dreamer Eau de Toilette - Gift Set product image 5,
set9-valentino-uomo-eau-de-toilette-travel-spray-10ml,Valentino Uomo Eau de Toilette - Travel Spray 10ml,"<p><strong>Valentino Uomo Eau de Toilette - Travel Spray 10ml</strong> by Valentino is built for <strong>year-round</strong> wear with a sweet leather gourmand profile.</p><p><strong>Fragrance notes:</strong> bergamot, hazelnut, chocolate, coffee bean, cedar.</p><p>This listing is optimized for third-party resellers: high-search designer profile, gift-friendly packaging, and repeat-order demand.</p><p><strong>Supplier links:</strong> <a href=""https://www.fragrancenet.com/search/?gsearch=Valentino+Uomo+Eau+de+Toilette"">FragranceNet</a> | <a href=""https://www.fragrancex.com/search/search_results?search=Valentino+Uomo+Eau+de+Toilette"">FragranceX</a> | <a href=""https://www.perfume.com/search?keyword=Valentino+Uomo+Eau+de+Toilette"">Perfume.com</a></p>",Valentino,Cologne,"cologne,men,valentino,set9,year-round,sweet-leather-gourmand",TRUE,Title,Default Title,SET9-VLT-061-252897,350,15,deny,manual,34.50,44.85,TRUE,TRUE,https://cdn.fragrancenet.com/images/photos/900x900/252897.jpg,1,Valentino Uomo Eau de Toilette - Travel Spray 10ml product image 1,active
set9-valentino-uomo-eau-de-toilette-travel-spray-10ml,,,,,,,,,,,,,,,,,,https://cdn.fragrancenet.com/images/photos/600x600/252897.jpg,2,Valentino Uomo Eau de Toilette - Travel Spray 10ml product image 2,
set9-valentino-uomo-eau-de-toilette-travel-spray-10ml,,,,,,,,,,,,,,,,,,https://cdn.fragrancenet.com/images/photos/500x500/252897.jpg,3,Valentino Uomo Eau de Toilette - Travel Spray 10ml product image 3,
set9-valentino-uomo-eau-de-toilette-travel-spray-10ml,,,,,,,,,,,,,,,,,,https://cdn.fragrancenet.com/images/photos/300x300/252897.jpg,4,Valentino Uomo Eau de Toilette - Travel Spray 10ml product image 4,
set9-valentino-uomo-eau-de-toilette-travel-spray-10ml,,,,,,,,,,,,,,,,,,https://cdn.fragrancenet.com/images/photos/250x250/252897.jpg,5,Valentino Uomo Eau de Toilette - Travel Spray 10ml product image 5,
set9-valentino-uomo-eau-de-toilette-bottle-50ml,Valentino Uomo Eau de Toilette - Bottle 50ml,"<p><strong>Valentino Uomo Eau de Toilette - Bottle 50ml</strong> by Valentino is built for <strong>year-round</strong> wear with a sweet leather gourmand profile.</p><p><strong>Fragrance notes:</strong> bergamot, hazelnut, chocolate, coffee bean, cedar.</p><p>This listing is optimized for third-party resellers: high-search designer profile, gift-friendly packaging, and repeat-order demand.</p><p><strong>Supplier links:</strong> <a href=""https://www.fragrancenet.com/search/?gsearch=Valentino+Uomo+Eau+de+Toilette"">FragranceNet</a> | <a href=""https://www.fragrancex.com/search/search_results?search=Valentino+Uomo+Eau+de+Toilette"">FragranceX</a> | <a href=""https://www.perfume.com/search?keyword=Valentino+Uomo+Eau+de+Toilette"">Perfume.com</a></p>",Valentino,Cologne,"cologne,men,valentino,set9,year-round,sweet-leather-gourmand",TRUE,Title,Default Title,SET9-VLT-062-252897,350,20,deny,manual,94.30,122.59,TRUE,TRUE,https://cdn.fragrancenet.com/images/photos/900x900/252897.jpg,1,Valentino Uomo Eau de Toilette - Bottle 50ml product image 1,active
set9-valentino-uomo-eau-de-toilette-bottle-50ml,,,,,,,,,,,,,,,,,,https://cdn.fragrancenet.com/images/photos/600x600/252897.jpg,2,Valentino Uomo Eau de Toilette - Bottle 50ml product image 2,
set9-valentino-uomo-eau-de-toilette-bottle-50ml,,,,,,,,,,,,,,,,,,https://cdn.fragrancenet.com/images/photos/500x500/252897.jpg,3,Valentino Uomo Eau de Toilette - Bottle 50ml product image 3,
set9-valentino-uomo-eau-de-toilette-bottle-50ml,,,,,,,,,,,,,,,,,,https://cdn.fragrancenet.com/images/photos/300x300/252897.jpg,4,Valentino Uomo Eau de Toilette - Bottle 50ml product image 4,
set9-valentino-uomo-eau-de-toilette-bottle-50ml,,,,,,,,,,,,,,,,,,https://cdn.fragrancenet.com/images/photos/250x250/252897.jpg,5,Valentino Uomo Eau de Toilette - Bottle 50ml product image 5,
set9-valentino-uomo-eau-de-toilette-bottle-100ml,Valentino Uomo Eau de Toilette - Bottle 100ml,"<p><strong>Valentino Uomo Eau de Toilette - Bottle 100ml</strong> by Valentino is built for <strong>year-round</strong> wear with a sweet leather gourmand profile.</p><p><strong>Fragrance notes:</strong> bergamot, hazelnut, chocolate, coffee bean, cedar.</p><p>This listing is optimized for third-party resellers: high-search designer profile, gift-friendly packaging, and repeat-order demand.</p><p><strong>Supplier links:</strong> <a href=""https://www.fragrancenet.com/search/?gsearch=Valentino+Uomo+Eau+de+Toilette"">FragranceNet</a> | <a href=""https://www.fragrancex.com/search/search_results?search=Valentino+Uomo+Eau+de+Toilette"">FragranceX</a> | <a href=""https://www.perfume.com/search?keyword=Valentino+Uomo+Eau+de+Toilette"">Perfume.com</a></p>",Valentino,Cologne,"cologne,men,valentino,set9,year-round,sweet-leather-gourmand",TRUE,Title,Default Title,SET9-VLT-063-252897,350,28,deny,manual,115.00,149.50,TRUE,TRUE,https://cdn.fragrancenet.com/images/photos/900x900/252897.jpg,1,Valentino Uomo Eau de Toilette - Bottle 100ml product image 1,active
set9-valentino-uomo-eau-de-toilette-bottle-100ml,,,,,,,,,,,,,,,,,,https://cdn.fragrancenet.com/images/photos/600x600/252897.jpg,2,Valentino Uomo Eau de Toilette - Bottle 100ml product image 2,
set9-valentino-uomo-eau-de-toilette-bottle-100ml,,,,,,,,,,,,,,,,,,https://cdn.fragrancenet.com/images/photos/500x500/252897.jpg,3,Valentino Uomo Eau de Toilette - Bottle 100ml product image 3,
set9-valentino-uomo-eau-de-toilette-bottle-100ml,,,,,,,,,,,,,,,,,,https://cdn.fragrancenet.com/images/photos/300x300/252897.jpg,4,Valentino Uomo Eau de Toilette - Bottle 100ml product image 4,
set9-valentino-uomo-eau-de-toilette-bottle-100ml,,,,,,,,,,,,,,,,,,https://cdn.fragrancenet.com/images/photos/250x250/252897.jpg,5,Valentino Uomo Eau de Toilette - Bottle 100ml product image 5,
set9-valentino-uomo-eau-de-toilette-gift-set,Valentino Uomo Eau de Toilette - Gift Set,"<p><strong>Valentino Uomo Eau de Toilette - Gift Set</strong> by Valentino is built for <strong>year-round</strong> wear with a sweet leather gourmand profile.</p><p><strong>Fragrance notes:</strong> bergamot, hazelnut, chocolate, coffee bean, cedar.</p><p>This listing is optimized for third-party resellers: high-search designer profile, gift-friendly packaging, and repeat-order demand.</p><p><strong>Supplier links:</strong> <a href=""https://www.fragrancenet.com/search/?gsearch=Valentino+Uomo+Eau+de+Toilette"">FragranceNet</a> | <a href=""https://www.fragrancex.com/search/search_results?search=Valentino+Uomo+Eau+de+Toilette"">FragranceX</a> | <a href=""https://www.perfume.com/search?keyword=Valentino+Uomo+Eau+de+Toilette"">Perfume.com</a></p>",Valentino,Cologne,"cologne,men,valentino,set9,year-round,sweet-leather-gourmand",TRUE,Title,Default Title,SET9-VLT-064-252897,350,12,deny,manual,138.00,179.40,TRUE,TRUE,https://cdn.fragrancenet.com/images/photos/900x900/252897.jpg,1,Valentino Uomo Eau de Toilette - Gift Set product image 1,active
set9-valentino-uomo-eau-de-toilette-gift-set,,,,,,,,,,,,,,,,,,https://cdn.fragrancenet.com/images/photos/600x600/252897.jpg,2,Valentino Uomo Eau de Toilette - Gift Set product image 2,
set9-valentino-uomo-eau-de-toilette-gift-set,,,,,,,,,,,,,,,,,,https://cdn.fragrancenet.com/images/photos/500x500/252897.jpg,3,Valentino Uomo Eau de Toilette - Gift Set product image 3,
set9-valentino-uomo-eau-de-toilette-gift-set,,,,,,,,,,,,,,,,,,https://cdn.fragrancenet.com/images/photos/300x300/252897.jpg,4,Valentino Uomo Eau de Toilette - Gift Set product image 4,
set9-valentino-uomo-eau-de-toilette-gift-set,,,,,,,,,,,,,,,,,,https://cdn.fragrancenet.com/images/photos/250x250/252897.jpg,5,Valentino Uomo Eau de Toilette - Gift Set product image 5,
set9-valentino-uomo-intense-eau-de-parfum-travel-spray-10ml,Valentino Uomo Intense Eau de Parfum - Travel Spray 10ml,"<p><strong>Valentino Uomo Intense Eau de Parfum - Travel Spray 10ml</strong> by Valentino is built for <strong>winter</strong> wear with a powdery leather amber profile.</p><p><strong>Fragrance notes:</strong> mandarin, clary sage, iris, tonka bean, leather.</p><p>This listing is optimized for third-party resellers: high-search designer profile, gift-friendly packaging, and repeat-order demand.</p><p><strong>Supplier links:</strong> <a href=""https://www.fragrancenet.com/search/?gsearch=Valentino+Uomo+Intense+Eau+de+Parfum"">FragranceNet</a> | <a href=""https://www.fragrancex.com/search/search_results?search=Valentino+Uomo+Intense+Eau+de+Parfum"">FragranceX</a> | <a href=""https://www.perfume.com/search?keyword=Valentino+Uomo+Intense+Eau+de+Parfum"">Perfume.com</a></p>",Valentino,Cologne,"cologne,men,valentino,set9,winter,powdery-leather-amber",TRUE,Title,Default Title,SET9-VLT-065-326371,350,15,deny,manual,34.20,44.46,TRUE,TRUE,https://cdn.fragrancenet.com/images/photos/900x900/326371.jpg,1,Valentino Uomo Intense Eau de Parfum - Travel Spray 10ml product image 1,active
set9-valentino-uomo-intense-eau-de-parfum-travel-spray-10ml,,,,,,,,,,,,,,,,,,https://cdn.fragrancenet.com/images/photos/600x600/326371.jpg,2,Valentino Uomo Intense Eau de Parfum - Travel Spray 10ml product image 2,
set9-valentino-uomo-intense-eau-de-parfum-travel-spray-10ml,,,,,,,,,,,,,,,,,,https://cdn.fragrancenet.com/images/photos/500x500/326371.jpg,3,Valentino Uomo Intense Eau de Parfum - Travel Spray 10ml product image 3,
set9-valentino-uomo-intense-eau-de-parfum-travel-spray-10ml,,,,,,,,,,,,,,,,,,https://cdn.fragrancenet.com/images/photos/300x300/326371.jpg,4,Valentino Uomo Intense Eau de Parfum - Travel Spray 10ml product image 4,
set9-valentino-uomo-intense-eau-de-parfum-travel-spray-10ml,,,,,,,,,,,,,,,,,,https://cdn.fragrancenet.com/images/photos/250x250/326371.jpg,5,Valentino Uomo Intense Eau de Parfum - Travel Spray 10ml product image 5,
set9-valentino-uomo-intense-eau-de-parfum-bottle-50ml,Valentino Uomo Intense Eau de Parfum - Bottle 50ml,"<p><strong>Valentino Uomo Intense Eau de Parfum - Bottle 50ml</strong> by Valentino is built for <strong>winter</strong> wear with a powdery leather amber profile.</p><p><strong>Fragrance notes:</strong> mandarin, clary sage, iris, tonka bean, leather.</p><p>This listing is optimized for third-party resellers: high-search designer profile, gift-friendly packaging, and repeat-order demand.</p><p><strong>Supplier links:</strong> <a href=""https://www.fragrancenet.com/search/?gsearch=Valentino+Uomo+Intense+Eau+de+Parfum"">FragranceNet</a> | <a href=""https://www.fragrancex.com/search/search_results?search=Valentino+Uomo+Intense+Eau+de+Parfum"">FragranceX</a> | <a href=""https://www.perfume.com/search?keyword=Valentino+Uomo+Intense+Eau+de+Parfum"">Perfume.com</a></p>",Valentino,Cologne,"cologne,men,valentino,set9,winter,powdery-leather-amber",TRUE,Title,Default Title,SET9-VLT-066-326371,350,20,deny,manual,93.48,121.52,TRUE,TRUE,https://cdn.fragrancenet.com/images/photos/900x900/326371.jpg,1,Valentino Uomo Intense Eau de Parfum - Bottle 50ml product image 1,active
set9-valentino-uomo-intense-eau-de-parfum-bottle-50ml,,,,,,,,,,,,,,,,,,https://cdn.fragrancenet.com/images/photos/600x600/326371.jpg,2,Valentino Uomo Intense Eau de Parfum - Bottle 50ml product image 2,
set9-valentino-uomo-intense-eau-de-parfum-bottle-50ml,,,,,,,,,,,,,,,,,,https://cdn.fragrancenet.com/images/photos/500x500/326371.jpg,3,Valentino Uomo Intense Eau de Parfum - Bottle 50ml product image 3,
set9-valentino-uomo-intense-eau-de-parfum-bottle-50ml,,,,,,,,,,,,,,,,,,https://cdn.fragrancenet.com/images/photos/300x300/326371.jpg,4,Valentino Uomo Intense Eau de Parfum - Bottle 50ml product image 4,
set9-valentino-uomo-intense-eau-de-parfum-bottle-50ml,,,,,,,,,,,,,,,,,,https://cdn.fragrancenet.com/images/photos/250x250/326371.jpg,5,Valentino Uomo Intense Eau de Parfum - Bottle 50ml product image 5,
set9-valentino-uomo-intense-eau-de-parfum-bottle-100ml,Valentino Uomo Intense Eau de Parfum - Bottle 100ml,"<p><strong>Valentino Uomo Intense Eau de Parfum - Bottle 100ml</strong> by Valentino is built for <strong>winter</strong> wear with a powdery leather amber profile.</p><p><strong>Fragrance notes:</strong> mandarin, clary sage, iris, tonka bean, leather.</p><p>This listing is optimized for third-party resellers: high-search designer profile, gift-friendly packaging, and repeat-order demand.</p><p><strong>Supplier links:</strong> <a href=""https://www.fragrancenet.com/search/?gsearch=Valentino+Uomo+Intense+Eau+de+Parfum"">FragranceNet</a> | <a href=""https://www.fragrancex.com/search/search_results?search=Valentino+Uomo+Intense+Eau+de+Parfum"">FragranceX</a> | <a href=""https://www.perfume.com/search?keyword=Valentino+Uomo+Intense+Eau+de+Parfum"">Perfume.com</a></p>",Valentino,Cologne,"cologne,men,valentino,set9,winter,powdery-leather-amber",TRUE,Title,Default Title,SET9-VLT-067-326371,350,28,deny,manual,114.00,148.20,TRUE,TRUE,https://cdn.fragrancenet.com/images/photos/900x900/326371.jpg,1,Valentino Uomo Intense Eau de Parfum - Bottle 100ml product image 1,active
set9-valentino-uomo-intense-eau-de-parfum-bottle-100ml,,,,,,,,,,,,,,,,,,https://cdn.fragrancenet.com/images/photos/600x600/326371.jpg,2,Valentino Uomo Intense Eau de Parfum - Bottle 100ml product image 2,
set9-valentino-uomo-intense-eau-de-parfum-bottle-100ml,,,,,,,,,,,,,,,,,,https://cdn.fragrancenet.com/images/photos/500x500/326371.jpg,3,Valentino Uomo Intense Eau de Parfum - Bottle 100ml product image 3,
set9-valentino-uomo-intense-eau-de-parfum-bottle-100ml,,,,,,,,,,,,,,,,,,https://cdn.fragrancenet.com/images/photos/300x300/326371.jpg,4,Valentino Uomo Intense Eau de Parfum - Bottle 100ml product image 4,
set9-valentino-uomo-intense-eau-de-parfum-bottle-100ml,,,,,,,,,,,,,,,,,,https://cdn.fragrancenet.com/images/photos/250x250/326371.jpg,5,Valentino Uomo Intense Eau de Parfum - Bottle 100ml product image 5,
set9-valentino-uomo-intense-eau-de-parfum-gift-set,Valentino Uomo Intense Eau de Parfum - Gift Set,"<p><strong>Valentino Uomo Intense Eau de Parfum - Gift Set</strong> by Valentino is built for <strong>winter</strong> wear with a powdery leather amber profile.</p><p><strong>Fragrance notes:</strong> mandarin, clary sage, iris, tonka bean, leather.</p><p>This listing is optimized for third-party resellers: high-search designer profile, gift-friendly packaging, and repeat-order demand.</p><p><strong>Supplier links:</strong> <a href=""https://www.fragrancenet.com/search/?gsearch=Valentino+Uomo+Intense+Eau+de+Parfum"">FragranceNet</a> | <a href=""https://www.fragrancex.com/search/search_results?search=Valentino+Uomo+Intense+Eau+de+Parfum"">FragranceX</a> | <a href=""https://www.perfume.com/search?keyword=Valentino+Uomo+Intense+Eau+de+Parfum"">Perfume.com</a></p>",Valentino,Cologne,"cologne,men,valentino,set9,winter,powdery-leather-amber",TRUE,Title,Default Title,SET9-VLT-068-326371,350,12,deny,manual,136.80,177.84,TRUE,TRUE,https://cdn.fragrancenet.com/images/photos/900x900/326371.jpg,1,Valentino Uomo Intense Eau de Parfum - Gift Set product image 1,active
set9-valentino-uomo-intense-eau-de-parfum-gift-set,,,,,,,,,,,,,,,,,,https://cdn.fragrancenet.com/images/photos/600x600/326371.jpg,2,Valentino Uomo Intense Eau de Parfum - Gift Set product image 2,
set9-valentino-uomo-intense-eau-de-parfum-gift-set,,,,,,,,,,,,,,,,,,https://cdn.fragrancenet.com/images/photos/500x500/326371.jpg,3,Valentino Uomo Intense Eau de Parfum - Gift Set product image 3,
set9-valentino-uomo-intense-eau-de-parfum-gift-set,,,,,,,,,,,,,,,,,,https://cdn.fragrancenet.com/images/photos/300x300/326371.jpg,4,Valentino Uomo Intense Eau de Parfum - Gift Set product image 4,
set9-valentino-uomo-intense-eau-de-parfum-gift-set,,,,,,,,,,,,,,,,,,https://cdn.fragrancenet.com/images/photos/250x250/326371.jpg,5,Valentino Uomo Intense Eau de Parfum - Gift Set product image 5,
set9-valentino-uomo-born-in-roma-eau-de-toilette-travel-spray-10ml,Valentino Uomo Born In Roma Eau de Toilette - Travel Spray 10ml,"<p><strong>Valentino Uomo Born In Roma Eau de Toilette - Travel Spray 10ml</strong> by Valentino is built for <strong>year-round</strong> wear with a mineral aromatic woody profile.</p><p><strong>Fragrance notes:</strong> violet leaf, ginger, sage, vetiver, woody notes.</p><p>This listing is optimized for third-party resellers: high-search designer profile, gift-friendly packaging, and repeat-order demand.</p><p><strong>Supplier links:</strong> <a href=""https://www.fragrancenet.com/search/?gsearch=Valentino+Uomo+Born+In+Roma+Eau+de+Toilette"">FragranceNet</a> | <a href=""https://www.fragrancex.com/search/search_results?search=Valentino+Uomo+Born+In+Roma+Eau+de+Toilette"">FragranceX</a> | <a href=""https://www.perfume.com/search?keyword=Valentino+Uomo+Born+In+Roma+Eau+de+Toilette"">Perfume.com</a></p>",Valentino,Cologne,"cologne,men,valentino,set9,year-round,mineral-aromatic-woody",TRUE,Title,Default Title,SET9-VLT-069-353183,350,15,deny,manual,49.50,64.35,TRUE,TRUE,https://cdn.fragrancenet.com/images/photos/900x900/353183.jpg,1,Valentino Uomo Born In Roma Eau de Toilette - Travel Spray 10ml product image 1,active
set9-valentino-uomo-born-in-roma-eau-de-toilette-travel-spray-10ml,,,,,,,,,,,,,,,,,,https://cdn.fragrancenet.com/images/photos/600x600/353183.jpg,2,Valentino Uomo Born In Roma Eau de Toilette - Travel Spray 10ml product image 2,
set9-valentino-uomo-born-in-roma-eau-de-toilette-travel-spray-10ml,,,,,,,,,,,,,,,,,,https://cdn.fragrancenet.com/images/photos/500x500/353183.jpg,3,Valentino Uomo Born In Roma Eau de Toilette - Travel Spray 10ml product image 3,
set9-valentino-uomo-born-in-roma-eau-de-toilette-travel-spray-10ml,,,,,,,,,,,,,,,,,,https://cdn.fragrancenet.com/images/photos/300x300/353183.jpg,4,Valentino Uomo Born In Roma Eau de Toilette - Travel Spray 10ml product image 4,
set9-valentino-uomo-born-in-roma-eau-de-toilette-travel-spray-10ml,,,,,,,,,,,,,,,,,,https://cdn.fragrancenet.com/images/photos/250x250/353183.jpg,5,Valentino Uomo Born In Roma Eau de Toilette - Travel Spray 10ml product image 5,
set9-valentino-uomo-born-in-roma-eau-de-toilette-bottle-50ml,Valentino Uomo Born In Roma Eau de Toilette - Bottle 50ml,"<p><strong>Valentino Uomo Born In Roma Eau de Toilette - Bottle 50ml</strong> by Valentino is built for <strong>year-round</strong> wear with a mineral aromatic woody profile.</p><p><strong>Fragrance notes:</strong> violet leaf, ginger, sage, vetiver, woody notes.</p><p>This listing is optimized for third-party resellers: high-search designer profile, gift-friendly packaging, and repeat-order demand.</p><p><strong>Supplier links:</strong> <a href=""https://www.fragrancenet.com/search/?gsearch=Valentino+Uomo+Born+In+Roma+Eau+de+Toilette"">FragranceNet</a> | <a href=""https://www.fragrancex.com/search/search_results?search=Valentino+Uomo+Born+In+Roma+Eau+de+Toilette"">FragranceX</a> | <a href=""https://www.perfume.com/search?keyword=Valentino+Uomo+Born+In+Roma+Eau+de+Toilette"">Perfume.com</a></p>",Valentino,Cologne,"cologne,men,valentino,set9,year-round,mineral-aromatic-woody",TRUE,Title,Default Title,SET9-VLT-070-353183,350,20,deny,manual,135.30,175.89,TRUE,TRUE,https://cdn.fragrancenet.com/images/photos/900x900/353183.jpg,1,Valentino Uomo Born In Roma Eau de Toilette - Bottle 50ml product image 1,active
set9-valentino-uomo-born-in-roma-eau-de-toilette-bottle-50ml,,,,,,,,,,,,,,,,,,https://cdn.fragrancenet.com/images/photos/600x600/353183.jpg,2,Valentino Uomo Born In Roma Eau de Toilette - Bottle 50ml product image 2,
set9-valentino-uomo-born-in-roma-eau-de-toilette-bottle-50ml,,,,,,,,,,,,,,,,,,https://cdn.fragrancenet.com/images/photos/500x500/353183.jpg,3,Valentino Uomo Born In Roma Eau de Toilette - Bottle 50ml product image 3,
set9-valentino-uomo-born-in-roma-eau-de-toilette-bottle-50ml,,,,,,,,,,,,,,,,,,https://cdn.fragrancenet.com/images/photos/300x300/353183.jpg,4,Valentino Uomo Born In Roma Eau de Toilette - Bottle 50ml product image 4,
set9-valentino-uomo-born-in-roma-eau-de-toilette-bottle-50ml,,,,,,,,,,,,,,,,,,https://cdn.fragrancenet.com/images/photos/250x250/353183.jpg,5,Valentino Uomo Born In Roma Eau de Toilette - Bottle 50ml product image 5,
set9-valentino-uomo-born-in-roma-eau-de-toilette-bottle-100ml,Valentino Uomo Born In Roma Eau de Toilette - Bottle 100ml,"<p><strong>Valentino Uomo Born In Roma Eau de Toilette - Bottle 100ml</strong> by Valentino is built for <strong>year-round</strong> wear with a mineral aromatic woody profile.</p><p><strong>Fragrance notes:</strong> violet leaf, ginger, sage, vetiver, woody notes.</p><p>This listing is optimized for third-party resellers: high-search designer profile, gift-friendly packaging, and repeat-order demand.</p><p><strong>Supplier links:</strong> <a href=""https://www.fragrancenet.com/search/?gsearch=Valentino+Uomo+Born+In+Roma+Eau+de+Toilette"">FragranceNet</a> | <a href=""https://www.fragrancex.com/search/search_results?search=Valentino+Uomo+Born+In+Roma+Eau+de+Toilette"">FragranceX</a> | <a href=""https://www.perfume.com/search?keyword=Valentino+Uomo+Born+In+Roma+Eau+de+Toilette"">Perfume.com</a></p>",Valentino,Cologne,"cologne,men,valentino,set9,year-round,mineral-aromatic-woody",TRUE,Title,Default Title,SET9-VLT-071-353183,350,28,deny,manual,165.00,214.50,TRUE,TRUE,https://cdn.fragrancenet.com/images/photos/900x900/353183.jpg,1,Valentino Uomo Born In Roma Eau de Toilette - Bottle 100ml product image 1,active
set9-valentino-uomo-born-in-roma-eau-de-toilette-bottle-100ml,,,,,,,,,,,,,,,,,,https://cdn.fragrancenet.com/images/photos/600x600/353183.jpg,2,Valentino Uomo Born In Roma Eau de Toilette - Bottle 100ml product image 2,
set9-valentino-uomo-born-in-roma-eau-de-toilette-bottle-100ml,,,,,,,,,,,,,,,,,,https://cdn.fragrancenet.com/images/photos/500x500/353183.jpg,3,Valentino Uomo Born In Roma Eau de Toilette - Bottle 100ml product image 3,
set9-valentino-uomo-born-in-roma-eau-de-toilette-bottle-100ml,,,,,,,,,,,,,,,,,,https://cdn.fragrancenet.com/images/photos/300x300/353183.jpg,4,Valentino Uomo Born In Roma Eau de Toilette - Bottle 100ml product image 4,
set9-valentino-uomo-born-in-roma-eau-de-toilette-bottle-100ml,,,,,,,,,,,,,,,,,,https://cdn.fragrancenet.com/images/photos/250x250/353183.jpg,5,Valentino Uomo Born In Roma Eau de Toilette - Bottle 100ml product image 5,
set9-valentino-uomo-born-in-roma-eau-de-toilette-gift-set,Valentino Uomo Born In Roma Eau de Toilette - Gift Set,"<p><strong>Valentino Uomo Born In Roma Eau de Toilette - Gift Set</strong> by Valentino is built for <strong>year-round</strong> wear with a mineral aromatic woody profile.</p><p><strong>Fragrance notes:</strong> violet leaf, ginger, sage, vetiver, woody notes.</p><p>This listing is optimized for third-party resellers: high-search designer profile, gift-friendly packaging, and repeat-order demand.</p><p><strong>Supplier links:</strong> <a href=""https://www.fragrancenet.com/search/?gsearch=Valentino+Uomo+Born+In+Roma+Eau+de+Toilette"">FragranceNet</a> | <a href=""https://www.fragrancex.com/search/search_results?search=Valentino+Uomo+Born+In+Roma+Eau+de+Toilette"">FragranceX</a> | <a href=""https://www.perfume.com/search?keyword=Valentino+Uomo+Born+In+Roma+Eau+de+Toilette"">Perfume.com</a></p>",Valentino,Cologne,"cologne,men,valentino,set9,year-round,mineral-aromatic-woody",TRUE,Title,Default Title,SET9-VLT-072-353183,350,12,deny,manual,198.00,257.40,TRUE,TRUE,https://cdn.fragrancenet.com/images/photos/900x900/353183.jpg,1,Valentino Uomo Born In Roma Eau de Toilette - Gift Set product image 1,active
set9-valentino-uomo-born-in-roma-eau-de-toilette-gift-set,,,,,,,,,,,,,,,,,,https://cdn.fragrancenet.com/images/photos/600x600/353183.jpg,2,Valentino Uomo Born In Roma Eau de Toilette - Gift Set product image 2,
set9-valentino-uomo-born-in-roma-eau-de-toilette-gift-set,,,,,,,,,,,,,,,,,,https://cdn.fragrancenet.com/images/photos/500x500/353183.jpg,3,Valentino Uomo Born In Roma Eau de Toilette - Gift Set product image 3,
set9-valentino-uomo-born-in-roma-eau-de-toilette-gift-set,,,,,,,,,,,,,,,,,,https://cdn.fragrancenet.com/images/photos/300x300/353183.jpg,4,Valentino Uomo Born In Roma Eau de Toilette - Gift Set product image 4,
set9-valentino-uomo-born-in-roma-eau-de-toilette-gift-set,,,,,,,,,,,,,,,,,,https://cdn.fragrancenet.com/images/photos/250x250/353183.jpg,5,Valentino Uomo Born In Roma Eau de Toilette - Gift Set product image 5,
set9-valentino-uomo-born-in-roma-intense-eau-de-parfum-travel-spray-10ml,Valentino Uomo Born In Roma Intense Eau de Parfum - Travel Spray 10ml,"<p><strong>Valentino Uomo Born In Roma Intense Eau de Parfum - Travel Spray 10ml</strong> by Valentino is built for <strong>winter</strong> wear with a vanilla aromatic earthy profile.</p><p><strong>Fragrance notes:</strong> vanilla, lavender, vetiver.</p><p>This listing is optimized for third-party resellers: high-search designer profile, gift-friendly packaging, and repeat-order demand.</p><p><strong>Supplier links:</strong> <a href=""https://www.fragrancenet.com/search/?gsearch=Valentino+Uomo+Born+In+Roma+Intense+Eau+de+Parfum"">FragranceNet</a> | <a href=""https://www.fragrancex.com/search/search_results?search=Valentino+Uomo+Born+In+Roma+Intense+Eau+de+Parfum"">FragranceX</a> | <a href=""https://www.perfume.com/search?keyword=Valentino+Uomo+Born+In+Roma+Intense+Eau+de+Parfum"">Perfume.com</a></p>",Valentino,Cologne,"cologne,men,valentino,set9,winter,vanilla-aromatic-earthy",TRUE,Title,Default Title,SET9-VLT-073-459382,350,15,deny,manual,67.20,87.36,TRUE,TRUE,https://cdn.fragrancenet.com/images/photos/900x900/459382.jpg,1,Valentino Uomo Born In Roma Intense Eau de Parfum - Travel Spray 10ml product image 1,active
set9-valentino-uomo-born-in-roma-intense-eau-de-parfum-travel-spray-10ml,,,,,,,,,,,,,,,,,,https://cdn.fragrancenet.com/images/photos/600x600/459382.jpg,2,Valentino Uomo Born In Roma Intense Eau de Parfum - Travel Spray 10ml product image 2,
set9-valentino-uomo-born-in-roma-intense-eau-de-parfum-travel-spray-10ml,,,,,,,,,,,,,,,,,,https://cdn.fragrancenet.com/images/photos/500x500/459382.jpg,3,Valentino Uomo Born In Roma Intense Eau de Parfum - Travel Spray 10ml product image 3,
set9-valentino-uomo-born-in-roma-intense-eau-de-parfum-travel-spray-10ml,,,,,,,,,,,,,,,,,,https://cdn.fragrancenet.com/images/photos/300x300/459382.jpg,4,Valentino Uomo Born In Roma Intense Eau de Parfum - Travel Spray 10ml product image 4,
set9-valentino-uomo-born-in-roma-intense-eau-de-parfum-travel-spray-10ml,,,,,,,,,,,,,,,,,,https://cdn.fragrancenet.com/images/photos/250x250/459382.jpg,5,Valentino Uomo Born In Roma Intense Eau de Parfum - Travel Spray 10ml product image 5,
set9-valentino-uomo-born-in-roma-intense-eau-de-parfum-bottle-50ml,Valentino Uomo Born In Roma Intense Eau de Parfum - Bottle 50ml,"<p><strong>Valentino Uomo Born In Roma Intense Eau de Parfum - Bottle 50ml</strong> by Valentino is built for <strong>winter</strong> wear with a vanilla aromatic earthy profile.</p><p><strong>Fragrance notes:</strong> vanilla, lavender, vetiver.</p><p>This listing is optimized for third-party resellers: high-search designer profile, gift-friendly packaging, and repeat-order demand.</p><p><strong>Supplier links:</strong> <a href=""https://www.fragrancenet.com/search/?gsearch=Valentino+Uomo+Born+In+Roma+Intense+Eau+de+Parfum"">FragranceNet</a> | <a href=""https://www.fragrancex.com/search/search_results?search=Valentino+Uomo+Born+In+Roma+Intense+Eau+de+Parfum"">FragranceX</a> | <a href=""https://www.perfume.com/search?keyword=Valentino+Uomo+Born+In+Roma+Intense+Eau+de+Parfum"">Perfume.com</a></p>",Valentino,Cologne,"cologne,men,valentino,set9,winter,vanilla-aromatic-earthy",TRUE,Title,Default Title,SET9-VLT-074-459382,350,20,deny,manual,183.68,238.78,TRUE,TRUE,https://cdn.fragrancenet.com/images/photos/900x900/459382.jpg,1,Valentino Uomo Born In Roma Intense Eau de Parfum - Bottle 50ml product image 1,active
set9-valentino-uomo-born-in-roma-intense-eau-de-parfum-bottle-50ml,,,,,,,,,,,,,,,,,,https://cdn.fragrancenet.com/images/photos/600x600/459382.jpg,2,Valentino Uomo Born In Roma Intense Eau de Parfum - Bottle 50ml product image 2,
set9-valentino-uomo-born-in-roma-intense-eau-de-parfum-bottle-50ml,,,,,,,,,,,,,,,,,,https://cdn.fragrancenet.com/images/photos/500x500/459382.jpg,3,Valentino Uomo Born In Roma Intense Eau de Parfum - Bottle 50ml product image 3,
set9-valentino-uomo-born-in-roma-intense-eau-de-parfum-bottle-50ml,,,,,,,,,,,,,,,,,,https://cdn.fragrancenet.com/images/photos/300x300/459382.jpg,4,Valentino Uomo Born In Roma Intense Eau de Parfum - Bottle 50ml product image 4,
set9-valentino-uomo-born-in-roma-intense-eau-de-parfum-bottle-50ml,,,,,,,,,,,,,,,,,,https://cdn.fragrancenet.com/images/photos/250x250/459382.jpg,5,Valentino Uomo Born In Roma Intense Eau de Parfum - Bottle 50ml product image 5,
set9-valentino-uomo-born-in-roma-intense-eau-de-parfum-bottle-100ml,Valentino Uomo Born In Roma Intense Eau de Parfum - Bottle 100ml,"<p><strong>Valentino Uomo Born In Roma Intense Eau de Parfum - Bottle 100ml</strong> by Valentino is built for <strong>winter</strong> wear with a vanilla aromatic earthy profile.</p><p><strong>Fragrance notes:</strong> vanilla, lavender, vetiver.</p><p>This listing is optimized for third-party resellers: high-search designer profile, gift-friendly packaging, and repeat-order demand.</p><p><strong>Supplier links:</strong> <a href=""https://www.fragrancenet.com/search/?gsearch=Valentino+Uomo+Born+In+Roma+Intense+Eau+de+Parfum"">FragranceNet</a> | <a href=""https://www.fragrancex.com/search/search_results?search=Valentino+Uomo+Born+In+Roma+Intense+Eau+de+Parfum"">FragranceX</a> | <a href=""https://www.perfume.com/search?keyword=Valentino+Uomo+Born+In+Roma+Intense+Eau+de+Parfum"">Perfume.com</a></p>",Valentino,Cologne,"cologne,men,valentino,set9,winter,vanilla-aromatic-earthy",TRUE,Title,Default Title,SET9-VLT-075-459382,350,28,deny,manual,224.00,291.20,TRUE,TRUE,https://cdn.fragrancenet.com/images/photos/900x900/459382.jpg,1,Valentino Uomo Born In Roma Intense Eau de Parfum - Bottle 100ml product image 1,active
set9-valentino-uomo-born-in-roma-intense-eau-de-parfum-bottle-100ml,,,,,,,,,,,,,,,,,,https://cdn.fragrancenet.com/images/photos/600x600/459382.jpg,2,Valentino Uomo Born In Roma Intense Eau de Parfum - Bottle 100ml product image 2,
set9-valentino-uomo-born-in-roma-intense-eau-de-parfum-bottle-100ml,,,,,,,,,,,,,,,,,,https://cdn.fragrancenet.com/images/photos/500x500/459382.jpg,3,Valentino Uomo Born In Roma Intense Eau de Parfum - Bottle 100ml product image 3,
set9-valentino-uomo-born-in-roma-intense-eau-de-parfum-bottle-100ml,,,,,,,,,,,,,,,,,,https://cdn.fragrancenet.com/images/photos/300x300/459382.jpg,4,Valentino Uomo Born In Roma Intense Eau de Parfum - Bottle 100ml product image 4,
set9-valentino-uomo-born-in-roma-intense-eau-de-parfum-bottle-100ml,,,,,,,,,,,,,,,,,,https://cdn.fragrancenet.com/images/photos/250x250/459382.jpg,5,Valentino Uomo Born In Roma Intense Eau de Parfum - Bottle 100ml product image 5,
set9-valentino-uomo-born-in-roma-intense-eau-de-parfum-gift-set,Valentino Uomo Born In Roma Intense Eau de Parfum - Gift Set,"<p><strong>Valentino Uomo Born In Roma Intense Eau de Parfum - Gift Set</strong> by Valentino is built for <strong>winter</strong> wear with a vanilla aromatic earthy profile.</p><p><strong>Fragrance notes:</strong> vanilla, lavender, vetiver.</p><p>This listing is optimized for third-party resellers: high-search designer profile, gift-friendly packaging, and repeat-order demand.</p><p><strong>Supplier links:</strong> <a href=""https://www.fragrancenet.com/search/?gsearch=Valentino+Uomo+Born+In+Roma+Intense+Eau+de+Parfum"">FragranceNet</a> | <a href=""https://www.fragrancex.com/search/search_results?search=Valentino+Uomo+Born+In+Roma+Intense+Eau+de+Parfum"">FragranceX</a> | <a href=""https://www.perfume.com/search?keyword=Valentino+Uomo+Born+In+Roma+Intense+Eau+de+Parfum"">Perfume.com</a></p>",Valentino,Cologne,"cologne,men,valentino,set9,winter,vanilla-aromatic-earthy",TRUE,Title,Default Title,SET9-VLT-076-459382,350,12,deny,manual,268.80,349.44,TRUE,TRUE,https://cdn.fragrancenet.com/images/photos/900x900/459382.jpg,1,Valentino Uomo Born In Roma Intense Eau de Parfum - Gift Set product image 1,active
set9-valentino-uomo-born-in-roma-intense-eau-de-parfum-gift-set,,,,,,,,,,,,,,,,,,https://cdn.fragrancenet.com/images/photos/600x600/459382.jpg,2,Valentino Uomo Born In Roma Intense Eau de Parfum - Gift Set product image 2,
set9-valentino-uomo-born-in-roma-intense-eau-de-parfum-gift-set,,,,,,,,,,,,,,,,,,https://cdn.fragrancenet.com/images/photos/500x500/459382.jpg,3,Valentino Uomo Born In Roma Intense Eau de Parfum - Gift Set product image 3,
set9-valentino-uomo-born-in-roma-intense-eau-de-parfum-gift-set,,,,,,,,,,,,,,,,,,https://cdn.fragrancenet.com/images/photos/300x300/459382.jpg,4,Valentino Uomo Born In Roma Intense Eau de Parfum - Gift Set product image 4,
set9-valentino-uomo-born-in-roma-intense-eau-de-parfum-gift-set,,,,,,,,,,,,,,,,,,https://cdn.fragrancenet.com/images/photos/250x250/459382.jpg,5,Valentino Uomo Born In Roma Intense Eau de Parfum - Gift Set product image 5,
set9-valentino-uomo-born-in-roma-coral-fantasy-eau-de-toilette-travel-spray-10ml,Valentino Uomo Born In Roma Coral Fantasy Eau de Toilette - Travel Spray 10ml,"<p><strong>Valentino Uomo Born In Roma Coral Fantasy Eau de Toilette - Travel Spray 10ml</strong> by Valentino is built for <strong>summer</strong> wear with a fruity spicy modern profile.</p><p><strong>Fragrance notes:</strong> red apple accord, aromatic sage, tobacco accord.</p><p>This listing is optimized for third-party resellers: high-search designer profile, gift-friendly packaging, and repeat-order demand.</p><p><strong>Supplier links:</strong> <a href=""https://www.fragrancenet.com/search/?gsearch=Valentino+Uomo+Born+In+Roma+Coral+Fantasy+Eau+de+Toilette"">FragranceNet</a> | <a href=""https://www.fragrancex.com/search/search_results?search=Valentino+Uomo+Born+In+Roma+Coral+Fantasy+Eau+de+Toilette"">FragranceX</a> | <a href=""https://www.perfume.com/search?keyword=Valentino+Uomo+Born+In+Roma+Coral+Fantasy+Eau+de+Toilette"">Perfume.com</a></p>",Valentino,Cologne,"cologne,men,valentino,set9,summer,fruity-spicy-modern",TRUE,Title,Default Title,SET9-VLT-077-430508,350,15,deny,manual,55.20,71.76,TRUE,TRUE,https://cdn.fragrancenet.com/images/photos/900x900/430508.jpg,1,Valentino Uomo Born In Roma Coral Fantasy Eau de Toilette - Travel Spray 10ml product image 1,active
set9-valentino-uomo-born-in-roma-coral-fantasy-eau-de-toilette-travel-spray-10ml,,,,,,,,,,,,,,,,,,https://cdn.fragrancenet.com/images/photos/600x600/430508.jpg,2,Valentino Uomo Born In Roma Coral Fantasy Eau de Toilette - Travel Spray 10ml product image 2,
set9-valentino-uomo-born-in-roma-coral-fantasy-eau-de-toilette-travel-spray-10ml,,,,,,,,,,,,,,,,,,https://cdn.fragrancenet.com/images/photos/500x500/430508.jpg,3,Valentino Uomo Born In Roma Coral Fantasy Eau de Toilette - Travel Spray 10ml product image 3,
set9-valentino-uomo-born-in-roma-coral-fantasy-eau-de-toilette-travel-spray-10ml,,,,,,,,,,,,,,,,,,https://cdn.fragrancenet.com/images/photos/300x300/430508.jpg,4,Valentino Uomo Born In Roma Coral Fantasy Eau de Toilette - Travel Spray 10ml product image 4,
set9-valentino-uomo-born-in-roma-coral-fantasy-eau-de-toilette-travel-spray-10ml,,,,,,,,,,,,,,,,,,https://cdn.fragrancenet.com/images/photos/250x250/430508.jpg,5,Valentino Uomo Born In Roma Coral Fantasy Eau de Toilette - Travel Spray 10ml product image 5,
set9-valentino-uomo-born-in-roma-coral-fantasy-eau-de-toilette-bottle-50ml,Valentino Uomo Born In Roma Coral Fantasy Eau de Toilette - Bottle 50ml,"<p><strong>Valentino Uomo Born In Roma Coral Fantasy Eau de Toilette - Bottle 50ml</strong> by Valentino is built for <strong>summer</strong> wear with a fruity spicy modern profile.</p><p><strong>Fragrance notes:</strong> red apple accord, aromatic sage, tobacco accord.</p><p>This listing is optimized for third-party resellers: high-search designer profile, gift-friendly packaging, and repeat-order demand.</p><p><strong>Supplier links:</strong> <a href=""https://www.fragrancenet.com/search/?gsearch=Valentino+Uomo+Born+In+Roma+Coral+Fantasy+Eau+de+Toilette"">FragranceNet</a> | <a href=""https://www.fragrancex.com/search/search_results?search=Valentino+Uomo+Born+In+Roma+Coral+Fantasy+Eau+de+Toilette"">FragranceX</a> | <a href=""https://www.perfume.com/search?keyword=Valentino+Uomo+Born+In+Roma+Coral+Fantasy+Eau+de+Toilette"">Perfume.com</a></p>",Valentino,Cologne,"cologne,men,valentino,set9,summer,fruity-spicy-modern",TRUE,Title,Default Title,SET9-VLT-078-430508,350,20,deny,manual,150.88,196.14,TRUE,TRUE,https://cdn.fragrancenet.com/images/photos/900x900/430508.jpg,1,Valentino Uomo Born In Roma Coral Fantasy Eau de Toilette - Bottle 50ml product image 1,active
set9-valentino-uomo-born-in-roma-coral-fantasy-eau-de-toilette-bottle-50ml,,,,,,,,,,,,,,,,,,https://cdn.fragrancenet.com/images/photos/600x600/430508.jpg,2,Valentino Uomo Born In Roma Coral Fantasy Eau de Toilette - Bottle 50ml product image 2,
set9-valentino-uomo-born-in-roma-coral-fantasy-eau-de-toilette-bottle-50ml,,,,,,,,,,,,,,,,,,https://cdn.fragrancenet.com/images/photos/500x500/430508.jpg,3,Valentino Uomo Born In Roma Coral Fantasy Eau de Toilette - Bottle 50ml product image 3,
set9-valentino-uomo-born-in-roma-coral-fantasy-eau-de-toilette-bottle-50ml,,,,,,,,,,,,,,,,,,https://cdn.fragrancenet.com/images/photos/300x300/430508.jpg,4,Valentino Uomo Born In Roma Coral Fantasy Eau de Toilette - Bottle 50ml product image 4,
set9-valentino-uomo-born-in-roma-coral-fantasy-eau-de-toilette-bottle-50ml,,,,,,,,,,,,,,,,,,https://cdn.fragrancenet.com/images/photos/250x250/430508.jpg,5,Valentino Uomo Born In Roma Coral Fantasy Eau de Toilette - Bottle 50ml product image 5,
set9-valentino-uomo-born-in-roma-coral-fantasy-eau-de-toilette-bottle-100ml,Valentino Uomo Born In Roma Coral Fantasy Eau de Toilette - Bottle 100ml,"<p><strong>Valentino Uomo Born In Roma Coral Fantasy Eau de Toilette - Bottle 100ml</strong> by Valentino is built for <strong>summer</strong> wear with a fruity spicy modern profile.</p><p><strong>Fragrance notes:</strong> red apple accord, aromatic sage, tobacco accord.</p><p>This listing is optimized for third-party resellers: high-search designer profile, gift-friendly packaging, and repeat-order demand.</p><p><strong>Supplier links:</strong> <a href=""https://www.fragrancenet.com/search/?gsearch=Valentino+Uomo+Born+In+Roma+Coral+Fantasy+Eau+de+Toilette"">FragranceNet</a> | <a href=""https://www.fragrancex.com/search/search_results?search=Valentino+Uomo+Born+In+Roma+Coral+Fantasy+Eau+de+Toilette"">FragranceX</a> | <a href=""https://www.perfume.com/search?keyword=Valentino+Uomo+Born+In+Roma+Coral+Fantasy+Eau+de+Toilette"">Perfume.com</a></p>",Valentino,Cologne,"cologne,men,valentino,set9,summer,fruity-spicy-modern",TRUE,Title,Default Title,SET9-VLT-079-430508,350,28,deny,manual,184.00,239.20,TRUE,TRUE,https://cdn.fragrancenet.com/images/photos/900x900/430508.jpg,1,Valentino Uomo Born In Roma Coral Fantasy Eau de Toilette - Bottle 100ml product image 1,active
set9-valentino-uomo-born-in-roma-coral-fantasy-eau-de-toilette-bottle-100ml,,,,,,,,,,,,,,,,,,https://cdn.fragrancenet.com/images/photos/600x600/430508.jpg,2,Valentino Uomo Born In Roma Coral Fantasy Eau de Toilette - Bottle 100ml product image 2,
set9-valentino-uomo-born-in-roma-coral-fantasy-eau-de-toilette-bottle-100ml,,,,,,,,,,,,,,,,,,https://cdn.fragrancenet.com/images/photos/500x500/430508.jpg,3,Valentino Uomo Born In Roma Coral Fantasy Eau de Toilette - Bottle 100ml product image 3,
set9-valentino-uomo-born-in-roma-coral-fantasy-eau-de-toilette-bottle-100ml,,,,,,,,,,,,,,,,,,https://cdn.fragrancenet.com/images/photos/300x300/430508.jpg,4,Valentino Uomo Born In Roma Coral Fantasy Eau de Toilette - Bottle 100ml product image 4,
set9-valentino-uomo-born-in-roma-coral-fantasy-eau-de-toilette-bottle-100ml,,,,,,,,,,,,,,,,,,https://cdn.fragrancenet.com/images/photos/250x250/430508.jpg,5,Valentino Uomo Born In Roma Coral Fantasy Eau de Toilette - Bottle 100ml product image 5,
set9-valentino-uomo-born-in-roma-coral-fantasy-eau-de-toilette-gift-set,Valentino Uomo Born In Roma Coral Fantasy Eau de Toilette - Gift Set,"<p><strong>Valentino Uomo Born In Roma Coral Fantasy Eau de Toilette - Gift Set</strong> by Valentino is built for <strong>summer</strong> wear with a fruity spicy modern profile.</p><p><strong>Fragrance notes:</strong> red apple accord, aromatic sage, tobacco accord.</p><p>This listing is optimized for third-party resellers: high-search designer profile, gift-friendly packaging, and repeat-order demand.</p><p><strong>Supplier links:</strong> <a href=""https://www.fragrancenet.com/search/?gsearch=Valentino+Uomo+Born+In+Roma+Coral+Fantasy+Eau+de+Toilette"">FragranceNet</a> | <a href=""https://www.fragrancex.com/search/search_results?search=Valentino+Uomo+Born+In+Roma+Coral+Fantasy+Eau+de+Toilette"">FragranceX</a> | <a href=""https://www.perfume.com/search?keyword=Valentino+Uomo+Born+In+Roma+Coral+Fantasy+Eau+de+Toilette"">Perfume.com</a></p>",Valentino,Cologne,"cologne,men,valentino,set9,summer,fruity-spicy-modern",TRUE,Title,Default Title,SET9-VLT-080-430508,350,12,deny,manual,220.80,287.04,TRUE,TRUE,https://cdn.fragrancenet.com/images/photos/900x900/430508.jpg,1,Valentino Uomo Born In Roma Coral Fantasy Eau de Toilette - Gift Set product image 1,active
set9-valentino-uomo-born-in-roma-coral-fantasy-eau-de-toilette-gift-set,,,,,,,,,,,,,,,,,,https://cdn.fragrancenet.com/images/photos/600x600/430508.jpg,2,Valentino Uomo Born In Roma Coral Fantasy Eau de Toilette - Gift Set product image 2,
set9-valentino-uomo-born-in-roma-coral-fantasy-eau-de-toilette-gift-set,,,,,,,,,,,,,,,,,,https://cdn.fragrancenet.com/images/photos/500x500/430508.jpg,3,Valentino Uomo Born In Roma Coral Fantasy Eau de Toilette - Gift Set product image 3,
set9-valentino-uomo-born-in-roma-coral-fantasy-eau-de-toilette-gift-set,,,,,,,,,,,,,,,,,,https://cdn.fragrancenet.com/images/photos/300x300/430508.jpg,4,Valentino Uomo Born In Roma Coral Fantasy Eau de Toilette - Gift Set product image 4,
set9-valentino-uomo-born-in-roma-coral-fantasy-eau-de-toilette-gift-set,,,,,,,,,,,,,,,,,,https://cdn.fragrancenet.com/images/photos/250x250/430508.jpg,5,Valentino Uomo Born In Roma Coral Fantasy Eau de Toilette - Gift Set product image 5,
set9-valentino-uomo-born-in-roma-green-stravaganza-eau-de-toilette-travel-spray-10ml,Valentino Uomo Born In Roma Green Stravaganza Eau de Toilette - Travel Spray 10ml,"<p><strong>Valentino Uomo Born In Roma Green Stravaganza Eau de Toilette - Travel Spray 10ml</strong> by Valentino is built for <strong>summer</strong> wear with a green aromatic tea profile.</p><p><strong>Fragrance notes:</strong> lapsang souchong tea accord, jasmine, vanilla.</p><p>This listing is optimized for third-party resellers: high-search designer profile, gift-friendly packaging, and repeat-order demand.</p><p><strong>Supplier links:</strong> <a href=""https://www.fragrancenet.com/search/?gsearch=Valentino+Uomo+Born+In+Roma+Green+Stravaganza+Eau+de+Toilette"">FragranceNet</a> | <a href=""https://www.fragrancex.com/search/search_results?search=Valentino+Uomo+Born+In+Roma+Green+Stravaganza+Eau+de+Toilette"">FragranceX</a> | <a href=""https://www.perfume.com/search?keyword=Valentino+Uomo+Born+In+Roma+Green+Stravaganza+Eau+de+Toilette"">Perfume.com</a></p>",Valentino,Cologne,"cologne,men,valentino,set9,summer,green-aromatic-tea",TRUE,Title,Default Title,SET9-VLT-081-478532,350,15,deny,manual,48.30,62.79,TRUE,TRUE,https://cdn.fragrancenet.com/images/photos/900x900/478532.jpg,1,Valentino Uomo Born In Roma Green Stravaganza Eau de Toilette - Travel Spray 10ml product image 1,active
set9-valentino-uomo-born-in-roma-green-stravaganza-eau-de-toilette-travel-spray-10ml,,,,,,,,,,,,,,,,,,https://cdn.fragrancenet.com/images/photos/600x600/478532.jpg,2,Valentino Uomo Born In Roma Green Stravaganza Eau de Toilette - Travel Spray 10ml product image 2,
set9-valentino-uomo-born-in-roma-green-stravaganza-eau-de-toilette-travel-spray-10ml,,,,,,,,,,,,,,,,,,https://cdn.fragrancenet.com/images/photos/500x500/478532.jpg,3,Valentino Uomo Born In Roma Green Stravaganza Eau de Toilette - Travel Spray 10ml product image 3,
set9-valentino-uomo-born-in-roma-green-stravaganza-eau-de-toilette-travel-spray-10ml,,,,,,,,,,,,,,,,,,https://cdn.fragrancenet.com/images/photos/300x300/478532.jpg,4,Valentino Uomo Born In Roma Green Stravaganza Eau de Toilette - Travel Spray 10ml product image 4,
set9-valentino-uomo-born-in-roma-green-stravaganza-eau-de-toilette-travel-spray-10ml,,,,,,,,,,,,,,,,,,https://cdn.fragrancenet.com/images/photos/250x250/478532.jpg,5,Valentino Uomo Born In Roma Green Stravaganza Eau de Toilette - Travel Spray 10ml product image 5,
set9-valentino-uomo-born-in-roma-green-stravaganza-eau-de-toilette-bottle-50ml,Valentino Uomo Born In Roma Green Stravaganza Eau de Toilette - Bottle 50ml,"<p><strong>Valentino Uomo Born In Roma Green Stravaganza Eau de Toilette - Bottle 50ml</strong> by Valentino is built for <strong>summer</strong> wear with a green aromatic tea profile.</p><p><strong>Fragrance notes:</strong> lapsang souchong tea accord, jasmine, vanilla.</p><p>This listing is optimized for third-party resellers: high-search designer profile, gift-friendly packaging, and repeat-order demand.</p><p><strong>Supplier links:</strong> <a href=""https://www.fragrancenet.com/search/?gsearch=Valentino+Uomo+Born+In+Roma+Green+Stravaganza+Eau+de+Toilette"">FragranceNet</a> | <a href=""https://www.fragrancex.com/search/search_results?search=Valentino+Uomo+Born+In+Roma+Green+Stravaganza+Eau+de+Toilette"">FragranceX</a> | <a href=""https://www.perfume.com/search?keyword=Valentino+Uomo+Born+In+Roma+Green+Stravaganza+Eau+de+Toilette"">Perfume.com</a></p>",Valentino,Cologne,"cologne,men,valentino,set9,summer,green-aromatic-tea",TRUE,Title,Default Title,SET9-VLT-082-478532,350,20,deny,manual,132.02,171.63,TRUE,TRUE,https://cdn.fragrancenet.com/images/photos/900x900/478532.jpg,1,Valentino Uomo Born In Roma Green Stravaganza Eau de Toilette - Bottle 50ml product image 1,active
set9-valentino-uomo-born-in-roma-green-stravaganza-eau-de-toilette-bottle-50ml,,,,,,,,,,,,,,,,,,https://cdn.fragrancenet.com/images/photos/600x600/478532.jpg,2,Valentino Uomo Born In Roma Green Stravaganza Eau de Toilette - Bottle 50ml product image 2,
set9-valentino-uomo-born-in-roma-green-stravaganza-eau-de-toilette-bottle-50ml,,,,,,,,,,,,,,,,,,https://cdn.fragrancenet.com/images/photos/500x500/478532.jpg,3,Valentino Uomo Born In Roma Green Stravaganza Eau de Toilette - Bottle 50ml product image 3,
set9-valentino-uomo-born-in-roma-green-stravaganza-eau-de-toilette-bottle-50ml,,,,,,,,,,,,,,,,,,https://cdn.fragrancenet.com/images/photos/300x300/478532.jpg,4,Valentino Uomo Born In Roma Green Stravaganza Eau de Toilette - Bottle 50ml product image 4,
set9-valentino-uomo-born-in-roma-green-stravaganza-eau-de-toilette-bottle-50ml,,,,,,,,,,,,,,,,,,https://cdn.fragrancenet.com/images/photos/250x250/478532.jpg,5,Valentino Uomo Born In Roma Green Stravaganza Eau de Toilette - Bottle 50ml product image 5,
set9-valentino-uomo-born-in-roma-green-stravaganza-eau-de-toilette-bottle-100ml,Valentino Uomo Born In Roma Green Stravaganza Eau de Toilette - Bottle 100ml,"<p><strong>Valentino Uomo Born In Roma Green Stravaganza Eau de Toilette - Bottle 100ml</strong> by Valentino is built for <strong>summer</strong> wear with a green aromatic tea profile.</p><p><strong>Fragrance notes:</strong> lapsang souchong tea accord, jasmine, vanilla.</p><p>This listing is optimized for third-party resellers: high-search designer profile, gift-friendly packaging, and repeat-order demand.</p><p><strong>Supplier links:</strong> <a href=""https://www.fragrancenet.com/search/?gsearch=Valentino+Uomo+Born+In+Roma+Green+Stravaganza+Eau+de+Toilette"">FragranceNet</a> | <a href=""https://www.fragrancex.com/search/search_results?search=Valentino+Uomo+Born+In+Roma+Green+Stravaganza+Eau+de+Toilette"">FragranceX</a> | <a href=""https://www.perfume.com/search?keyword=Valentino+Uomo+Born+In+Roma+Green+Stravaganza+Eau+de+Toilette"">Perfume.com</a></p>",Valentino,Cologne,"cologne,men,valentino,set9,summer,green-aromatic-tea",TRUE,Title,Default Title,SET9-VLT-083-478532,350,28,deny,manual,161.00,209.30,TRUE,TRUE,https://cdn.fragrancenet.com/images/photos/900x900/478532.jpg,1,Valentino Uomo Born In Roma Green Stravaganza Eau de Toilette - Bottle 100ml product image 1,active
set9-valentino-uomo-born-in-roma-green-stravaganza-eau-de-toilette-bottle-100ml,,,,,,,,,,,,,,,,,,https://cdn.fragrancenet.com/images/photos/600x600/478532.jpg,2,Valentino Uomo Born In Roma Green Stravaganza Eau de Toilette - Bottle 100ml product image 2,
set9-valentino-uomo-born-in-roma-green-stravaganza-eau-de-toilette-bottle-100ml,,,,,,,,,,,,,,,,,,https://cdn.fragrancenet.com/images/photos/500x500/478532.jpg,3,Valentino Uomo Born In Roma Green Stravaganza Eau de Toilette - Bottle 100ml product image 3,
set9-valentino-uomo-born-in-roma-green-stravaganza-eau-de-toilette-bottle-100ml,,,,,,,,,,,,,,,,,,https://cdn.fragrancenet.com/images/photos/300x300/478532.jpg,4,Valentino Uomo Born In Roma Green Stravaganza Eau de Toilette - Bottle 100ml product image 4,
set9-valentino-uomo-born-in-roma-green-stravaganza-eau-de-toilette-bottle-100ml,,,,,,,,,,,,,,,,,,https://cdn.fragrancenet.com/images/photos/250x250/478532.jpg,5,Valentino Uomo Born In Roma Green Stravaganza Eau de Toilette - Bottle 100ml product image 5,
set9-valentino-uomo-born-in-roma-green-stravaganza-eau-de-toilette-gift-set,Valentino Uomo Born In Roma Green Stravaganza Eau de Toilette - Gift Set,"<p><strong>Valentino Uomo Born In Roma Green Stravaganza Eau de Toilette - Gift Set</strong> by Valentino is built for <strong>summer</strong> wear with a green aromatic tea profile.</p><p><strong>Fragrance notes:</strong> lapsang souchong tea accord, jasmine, vanilla.</p><p>This listing is optimized for third-party resellers: high-search designer profile, gift-friendly packaging, and repeat-order demand.</p><p><strong>Supplier links:</strong> <a href=""https://www.fragrancenet.com/search/?gsearch=Valentino+Uomo+Born+In+Roma+Green+Stravaganza+Eau+de+Toilette"">FragranceNet</a> | <a href=""https://www.fragrancex.com/search/search_results?search=Valentino+Uomo+Born+In+Roma+Green+Stravaganza+Eau+de+Toilette"">FragranceX</a> | <a href=""https://www.perfume.com/search?keyword=Valentino+Uomo+Born+In+Roma+Green+Stravaganza+Eau+de+Toilette"">Perfume.com</a></p>",Valentino,Cologne,"cologne,men,valentino,set9,summer,green-aromatic-tea",TRUE,Title,Default Title,SET9-VLT-084-478532,350,12,deny,manual,193.20,251.16,TRUE,TRUE,https://cdn.fragrancenet.com/images/photos/900x900/478532.jpg,1,Valentino Uomo Born In Roma Green Stravaganza Eau de Toilette - Gift Set product image 1,active
set9-valentino-uomo-born-in-roma-green-stravaganza-eau-de-toilette-gift-set,,,,,,,,,,,,,,,,,,https://cdn.fragrancenet.com/images/photos/600x600/478532.jpg,2,Valentino Uomo Born In Roma Green Stravaganza Eau de Toilette - Gift Set product image 2,
set9-valentino-uomo-born-in-roma-green-stravaganza-eau-de-toilette-gift-set,,,,,,,,,,,,,,,,,,https://cdn.fragrancenet.com/images/photos/500x500/478532.jpg,3,Valentino Uomo Born In Roma Green Stravaganza Eau de Toilette - Gift Set product image 3,
set9-valentino-uomo-born-in-roma-green-stravaganza-eau-de-toilette-gift-set,,,,,,,,,,,,,,,,,,https://cdn.fragrancenet.com/images/photos/300x300/478532.jpg,4,Valentino Uomo Born In Roma Green Stravaganza Eau de Toilette - Gift Set product image 4,
set9-valentino-uomo-born-in-roma-green-stravaganza-eau-de-toilette-gift-set,,,,,,,,,,,,,,,,,,https://cdn.fragrancenet.com/images/photos/250x250/478532.jpg,5,Valentino Uomo Born In Roma Green Stravaganza Eau de Toilette - Gift Set product image 5,
set9-valentino-uomo-born-in-roma-yellow-dream-eau-de-toilette-travel-spray-10ml,Valentino Uomo Born In Roma Yellow Dream Eau de Toilette - Travel Spray 10ml,"<p><strong>Valentino Uomo Born In Roma Yellow Dream Eau de Toilette - Travel Spray 10ml</strong> by Valentino is built for <strong>summer</strong> wear with a fresh citrus spicy profile.</p><p><strong>Fragrance notes:</strong> lemon, spicy accord, white musk.</p><p>This listing is optimized for third-party resellers: high-search designer profile, gift-friendly packaging, and repeat-order demand.</p><p><strong>Supplier links:</strong> <a href=""https://www.fragrancenet.com/search/?gsearch=Valentino+Uomo+Born+In+Roma+Yellow+Dream+Eau+de+Toilette"">FragranceNet</a> | <a href=""https://www.fragrancex.com/search/search_results?search=Valentino+Uomo+Born+In+Roma+Yellow+Dream+Eau+de+Toilette"">FragranceX</a> | <a href=""https://www.perfume.com/search?keyword=Valentino+Uomo+Born+In+Roma+Yellow+Dream+Eau+de+Toilette"">Perfume.com</a></p>",Valentino,Cologne,"cologne,men,valentino,set9,summer,fresh-citrus-spicy",TRUE,Title,Default Title,SET9-VLT-085-431687,350,15,deny,manual,40.50,52.65,TRUE,TRUE,https://cdn.fragrancenet.com/images/photos/900x900/431687.jpg,1,Valentino Uomo Born In Roma Yellow Dream Eau de Toilette - Travel Spray 10ml product image 1,active
set9-valentino-uomo-born-in-roma-yellow-dream-eau-de-toilette-travel-spray-10ml,,,,,,,,,,,,,,,,,,https://cdn.fragrancenet.com/images/photos/600x600/431687.jpg,2,Valentino Uomo Born In Roma Yellow Dream Eau de Toilette - Travel Spray 10ml product image 2,
set9-valentino-uomo-born-in-roma-yellow-dream-eau-de-toilette-travel-spray-10ml,,,,,,,,,,,,,,,,,,https://cdn.fragrancenet.com/images/photos/500x500/431687.jpg,3,Valentino Uomo Born In Roma Yellow Dream Eau de Toilette - Travel Spray 10ml product image 3,
set9-valentino-uomo-born-in-roma-yellow-dream-eau-de-toilette-travel-spray-10ml,,,,,,,,,,,,,,,,,,https://cdn.fragrancenet.com/images/photos/300x300/431687.jpg,4,Valentino Uomo Born In Roma Yellow Dream Eau de Toilette - Travel Spray 10ml product image 4,
set9-valentino-uomo-born-in-roma-yellow-dream-eau-de-toilette-travel-spray-10ml,,,,,,,,,,,,,,,,,,https://cdn.fragrancenet.com/images/photos/250x250/431687.jpg,5,Valentino Uomo Born In Roma Yellow Dream Eau de Toilette - Travel Spray 10ml product image 5,
set9-valentino-uomo-born-in-roma-yellow-dream-eau-de-toilette-bottle-50ml,Valentino Uomo Born In Roma Yellow Dream Eau de Toilette - Bottle 50ml,"<p><strong>Valentino Uomo Born In Roma Yellow Dream Eau de Toilette - Bottle 50ml</strong> by Valentino is built for <strong>summer</strong> wear with a fresh citrus spicy profile.</p><p><strong>Fragrance notes:</strong> lemon, spicy accord, white musk.</p><p>This listing is optimized for third-party resellers: high-search designer profile, gift-friendly packaging, and repeat-order demand.</p><p><strong>Supplier links:</strong> <a href=""https://www.fragrancenet.com/search/?gsearch=Valentino+Uomo+Born+In+Roma+Yellow+Dream+Eau+de+Toilette"">FragranceNet</a> | <a href=""https://www.fragrancex.com/search/search_results?search=Valentino+Uomo+Born+In+Roma+Yellow+Dream+Eau+de+Toilette"">FragranceX</a> | <a href=""https://www.perfume.com/search?keyword=Valentino+Uomo+Born+In+Roma+Yellow+Dream+Eau+de+Toilette"">Perfume.com</a></p>",Valentino,Cologne,"cologne,men,valentino,set9,summer,fresh-citrus-spicy",TRUE,Title,Default Title,SET9-VLT-086-431687,350,20,deny,manual,110.70,143.91,TRUE,TRUE,https://cdn.fragrancenet.com/images/photos/900x900/431687.jpg,1,Valentino Uomo Born In Roma Yellow Dream Eau de Toilette - Bottle 50ml product image 1,active
set9-valentino-uomo-born-in-roma-yellow-dream-eau-de-toilette-bottle-50ml,,,,,,,,,,,,,,,,,,https://cdn.fragrancenet.com/images/photos/600x600/431687.jpg,2,Valentino Uomo Born In Roma Yellow Dream Eau de Toilette - Bottle 50ml product image 2,
set9-valentino-uomo-born-in-roma-yellow-dream-eau-de-toilette-bottle-50ml,,,,,,,,,,,,,,,,,,https://cdn.fragrancenet.com/images/photos/500x500/431687.jpg,3,Valentino Uomo Born In Roma Yellow Dream Eau de Toilette - Bottle 50ml product image 3,
set9-valentino-uomo-born-in-roma-yellow-dream-eau-de-toilette-bottle-50ml,,,,,,,,,,,,,,,,,,https://cdn.fragrancenet.com/images/photos/300x300/431687.jpg,4,Valentino Uomo Born In Roma Yellow Dream Eau de Toilette - Bottle 50ml product image 4,
set9-valentino-uomo-born-in-roma-yellow-dream-eau-de-toilette-bottle-50ml,,,,,,,,,,,,,,,,,,https://cdn.fragrancenet.com/images/photos/250x250/431687.jpg,5,Valentino Uomo Born In Roma Yellow Dream Eau de Toilette - Bottle 50ml product image 5,
set9-valentino-uomo-born-in-roma-yellow-dream-eau-de-toilette-bottle-100ml,Valentino Uomo Born In Roma Yellow Dream Eau de Toilette - Bottle 100ml,"<p><strong>Valentino Uomo Born In Roma Yellow Dream Eau de Toilette - Bottle 100ml</strong> by Valentino is built for <strong>summer</strong> wear with a fresh citrus spicy profile.</p><p><strong>Fragrance notes:</strong> lemon, spicy accord, white musk.</p><p>This listing is optimized for third-party resellers: high-search designer profile, gift-friendly packaging, and repeat-order demand.</p><p><strong>Supplier links:</strong> <a href=""https://www.fragrancenet.com/search/?gsearch=Valentino+Uomo+Born+In+Roma+Yellow+Dream+Eau+de+Toilette"">FragranceNet</a> | <a href=""https://www.fragrancex.com/search/search_results?search=Valentino+Uomo+Born+In+Roma+Yellow+Dream+Eau+de+Toilette"">FragranceX</a> | <a href=""https://www.perfume.com/search?keyword=Valentino+Uomo+Born+In+Roma+Yellow+Dream+Eau+de+Toilette"">Perfume.com</a></p>",Valentino,Cologne,"cologne,men,valentino,set9,summer,fresh-citrus-spicy",TRUE,Title,Default Title,SET9-VLT-087-431687,350,28,deny,manual,135.00,175.50,TRUE,TRUE,https://cdn.fragrancenet.com/images/photos/900x900/431687.jpg,1,Valentino Uomo Born In Roma Yellow Dream Eau de Toilette - Bottle 100ml product image 1,active
set9-valentino-uomo-born-in-roma-yellow-dream-eau-de-toilette-bottle-100ml,,,,,,,,,,,,,,,,,,https://cdn.fragrancenet.com/images/photos/600x600/431687.jpg,2,Valentino Uomo Born In Roma Yellow Dream Eau de Toilette - Bottle 100ml product image 2,
set9-valentino-uomo-born-in-roma-yellow-dream-eau-de-toilette-bottle-100ml,,,,,,,,,,,,,,,,,,https://cdn.fragrancenet.com/images/photos/500x500/431687.jpg,3,Valentino Uomo Born In Roma Yellow Dream Eau de Toilette - Bottle 100ml product image 3,
set9-valentino-uomo-born-in-roma-yellow-dream-eau-de-toilette-bottle-100ml,,,,,,,,,,,,,,,,,,https://cdn.fragrancenet.com/images/photos/300x300/431687.jpg,4,Valentino Uomo Born In Roma Yellow Dream Eau de Toilette - Bottle 100ml product image 4,
set9-valentino-uomo-born-in-roma-yellow-dream-eau-de-toilette-bottle-100ml,,,,,,,,,,,,,,,,,,https://cdn.fragrancenet.com/images/photos/250x250/431687.jpg,5,Valentino Uomo Born In Roma Yellow Dream Eau de Toilette - Bottle 100ml product image 5,
set9-valentino-uomo-born-in-roma-yellow-dream-eau-de-toilette-gift-set,Valentino Uomo Born In Roma Yellow Dream Eau de Toilette - Gift Set,"<p><strong>Valentino Uomo Born In Roma Yellow Dream Eau de Toilette - Gift Set</strong> by Valentino is built for <strong>summer</strong> wear with a fresh citrus spicy profile.</p><p><strong>Fragrance notes:</strong> lemon, spicy accord, white musk.</p><p>This listing is optimized for third-party resellers: high-search designer profile, gift-friendly packaging, and repeat-order demand.</p><p><strong>Supplier links:</strong> <a href=""https://www.fragrancenet.com/search/?gsearch=Valentino+Uomo+Born+In+Roma+Yellow+Dream+Eau+de+Toilette"">FragranceNet</a> | <a href=""https://www.fragrancex.com/search/search_results?search=Valentino+Uomo+Born+In+Roma+Yellow+Dream+Eau+de+Toilette"">FragranceX</a> | <a href=""https://www.perfume.com/search?keyword=Valentino+Uomo+Born+In+Roma+Yellow+Dream+Eau+de+Toilette"">Perfume.com</a></p>",Valentino,Cologne,"cologne,men,valentino,set9,summer,fresh-citrus-spicy",TRUE,Title,Default Title,SET9-VLT-088-431687,350,12,deny,manual,162.00,210.60,TRUE,TRUE,https://cdn.fragrancenet.com/images/photos/900x900/431687.jpg,1,Valentino Uomo Born In Roma Yellow Dream Eau de Toilette - Gift Set product image 1,active
set9-valentino-uomo-born-in-roma-yellow-dream-eau-de-toilette-gift-set,,,,,,,,,,,,,,,,,,https://cdn.fragrancenet.com/images/photos/600x600/431687.jpg,2,Valentino Uomo Born In Roma Yellow Dream Eau de Toilette - Gift Set product image 2,
set9-valentino-uomo-born-in-roma-yellow-dream-eau-de-toilette-gift-set,,,,,,,,,,,,,,,,,,https://cdn.fragrancenet.com/images/photos/500x500/431687.jpg,3,Valentino Uomo Born In Roma Yellow Dream Eau de Toilette - Gift Set product image 3,
set9-valentino-uomo-born-in-roma-yellow-dream-eau-de-toilette-gift-set,,,,,,,,,,,,,,,,,,https://cdn.fragrancenet.com/images/photos/300x300/431687.jpg,4,Valentino Uomo Born In Roma Yellow Dream Eau de Toilette - Gift Set product image 4,
set9-valentino-uomo-born-in-roma-yellow-dream-eau-de-toilette-gift-set,,,,,,,,,,,,,,,,,,https://cdn.fragrancenet.com/images/photos/250x250/431687.jpg,5,Valentino Uomo Born In Roma Yellow Dream Eau de Toilette - Gift Set product image 5,
set9-valentino-uomo-born-in-roma-extradose-parfum-travel-spray-10ml,Valentino Uomo Born In Roma Extradose Parfum - Travel Spray 10ml,"<p><strong>Valentino Uomo Born In Roma Extradose Parfum - Travel Spray 10ml</strong> by Valentino is built for <strong>winter</strong> wear with a intense sweet spicy profile.</p><p><strong>Fragrance notes:</strong> warm vanilla, dark spice accord, woody amber.</p><p>This listing is optimized for third-party resellers: high-search designer profile, gift-friendly packaging, and repeat-order demand.</p><p><strong>Supplier links:</strong> <a href=""https://www.fragrancenet.com/search/?gsearch=Valentino+Uomo+Born+In+Roma+Extradose+Parfum"">FragranceNet</a> | <a href=""https://www.fragrancex.com/search/search_results?search=Valentino+Uomo+Born+In+Roma+Extradose+Parfum"">FragranceX</a> | <a href=""https://www.perfume.com/search?keyword=Valentino+Uomo+Born+In+Roma+Extradose+Parfum"">Perfume.com</a></p>",Valentino,Cologne,"cologne,men,valentino,set9,winter,intense-sweet-spicy",TRUE,Title,Default Title,SET9-VLT-089-502429,350,15,deny,manual,70.50,91.65,TRUE,TRUE,https://cdn.fragrancenet.com/images/photos/900x900/502429.jpg,1,Valentino Uomo Born In Roma Extradose Parfum - Travel Spray 10ml product image 1,active
set9-valentino-uomo-born-in-roma-extradose-parfum-travel-spray-10ml,,,,,,,,,,,,,,,,,,https://cdn.fragrancenet.com/images/photos/600x600/502429.jpg,2,Valentino Uomo Born In Roma Extradose Parfum - Travel Spray 10ml product image 2,
set9-valentino-uomo-born-in-roma-extradose-parfum-travel-spray-10ml,,,,,,,,,,,,,,,,,,https://cdn.fragrancenet.com/images/photos/500x500/502429.jpg,3,Valentino Uomo Born In Roma Extradose Parfum - Travel Spray 10ml product image 3,
set9-valentino-uomo-born-in-roma-extradose-parfum-travel-spray-10ml,,,,,,,,,,,,,,,,,,https://cdn.fragrancenet.com/images/photos/300x300/502429.jpg,4,Valentino Uomo Born In Roma Extradose Parfum - Travel Spray 10ml product image 4,
set9-valentino-uomo-born-in-roma-extradose-parfum-travel-spray-10ml,,,,,,,,,,,,,,,,,,https://cdn.fragrancenet.com/images/photos/250x250/502429.jpg,5,Valentino Uomo Born In Roma Extradose Parfum - Travel Spray 10ml product image 5,
set9-valentino-uomo-born-in-roma-extradose-parfum-bottle-50ml,Valentino Uomo Born In Roma Extradose Parfum - Bottle 50ml,"<p><strong>Valentino Uomo Born In Roma Extradose Parfum - Bottle 50ml</strong> by Valentino is built for <strong>winter</strong> wear with a intense sweet spicy profile.</p><p><strong>Fragrance notes:</strong> warm vanilla, dark spice accord, woody amber.</p><p>This listing is optimized for third-party resellers: high-search designer profile, gift-friendly packaging, and repeat-order demand.</p><p><strong>Supplier links:</strong> <a href=""https://www.fragrancenet.com/search/?gsearch=Valentino+Uomo+Born+In+Roma+Extradose+Parfum"">FragranceNet</a> | <a href=""https://www.fragrancex.com/search/search_results?search=Valentino+Uomo+Born+In+Roma+Extradose+Parfum"">FragranceX</a> | <a href=""https://www.perfume.com/search?keyword=Valentino+Uomo+Born+In+Roma+Extradose+Parfum"">Perfume.com</a></p>",Valentino,Cologne,"cologne,men,valentino,set9,winter,intense-sweet-spicy",TRUE,Title,Default Title,SET9-VLT-090-502429,350,20,deny,manual,192.70,250.51,TRUE,TRUE,https://cdn.fragrancenet.com/images/photos/900x900/502429.jpg,1,Valentino Uomo Born In Roma Extradose Parfum - Bottle 50ml product image 1,active
set9-valentino-uomo-born-in-roma-extradose-parfum-bottle-50ml,,,,,,,,,,,,,,,,,,https://cdn.fragrancenet.com/images/photos/600x600/502429.jpg,2,Valentino Uomo Born In Roma Extradose Parfum - Bottle 50ml product image 2,
set9-valentino-uomo-born-in-roma-extradose-parfum-bottle-50ml,,,,,,,,,,,,,,,,,,https://cdn.fragrancenet.com/images/photos/500x500/502429.jpg,3,Valentino Uomo Born In Roma Extradose Parfum - Bottle 50ml product image 3,
set9-valentino-uomo-born-in-roma-extradose-parfum-bottle-50ml,,,,,,,,,,,,,,,,,,https://cdn.fragrancenet.com/images/photos/300x300/502429.jpg,4,Valentino Uomo Born In Roma Extradose Parfum - Bottle 50ml product image 4,
set9-valentino-uomo-born-in-roma-extradose-parfum-bottle-50ml,,,,,,,,,,,,,,,,,,https://cdn.fragrancenet.com/images/photos/250x250/502429.jpg,5,Valentino Uomo Born In Roma Extradose Parfum - Bottle 50ml product image 5,
set9-valentino-uomo-born-in-roma-extradose-parfum-bottle-100ml,Valentino Uomo Born In Roma Extradose Parfum - Bottle 100ml,"<p><strong>Valentino Uomo Born In Roma Extradose Parfum - Bottle 100ml</strong> by Valentino is built for <strong>winter</strong> wear with a intense sweet spicy profile.</p><p><strong>Fragrance notes:</strong> warm vanilla, dark spice accord, woody amber.</p><p>This listing is optimized for third-party resellers: high-search designer profile, gift-friendly packaging, and repeat-order demand.</p><p><strong>Supplier links:</strong> <a href=""https://www.fragrancenet.com/search/?gsearch=Valentino+Uomo+Born+In+Roma+Extradose+Parfum"">FragranceNet</a> | <a href=""https://www.fragrancex.com/search/search_results?search=Valentino+Uomo+Born+In+Roma+Extradose+Parfum"">FragranceX</a> | <a href=""https://www.perfume.com/search?keyword=Valentino+Uomo+Born+In+Roma+Extradose+Parfum"">Perfume.com</a></p>",Valentino,Cologne,"cologne,men,valentino,set9,winter,intense-sweet-spicy",TRUE,Title,Default Title,SET9-VLT-091-502429,350,28,deny,manual,235.00,305.50,TRUE,TRUE,https://cdn.fragrancenet.com/images/photos/900x900/502429.jpg,1,Valentino Uomo Born In Roma Extradose Parfum - Bottle 100ml product image 1,active
set9-valentino-uomo-born-in-roma-extradose-parfum-bottle-100ml,,,,,,,,,,,,,,,,,,https://cdn.fragrancenet.com/images/photos/600x600/502429.jpg,2,Valentino Uomo Born In Roma Extradose Parfum - Bottle 100ml product image 2,
set9-valentino-uomo-born-in-roma-extradose-parfum-bottle-100ml,,,,,,,,,,,,,,,,,,https://cdn.fragrancenet.com/images/photos/500x500/502429.jpg,3,Valentino Uomo Born In Roma Extradose Parfum - Bottle 100ml product image 3,
set9-valentino-uomo-born-in-roma-extradose-parfum-bottle-100ml,,,,,,,,,,,,,,,,,,https://cdn.fragrancenet.com/images/photos/300x300/502429.jpg,4,Valentino Uomo Born In Roma Extradose Parfum - Bottle 100ml product image 4,
set9-valentino-uomo-born-in-roma-extradose-parfum-bottle-100ml,,,,,,,,,,,,,,,,,,https://cdn.fragrancenet.com/images/photos/250x250/502429.jpg,5,Valentino Uomo Born In Roma Extradose Parfum - Bottle 100ml product image 5,
set9-valentino-uomo-born-in-roma-extradose-parfum-gift-set,Valentino Uomo Born In Roma Extradose Parfum - Gift Set,"<p><strong>Valentino Uomo Born In Roma Extradose Parfum - Gift Set</strong> by Valentino is built for <strong>winter</strong> wear with a intense sweet spicy profile.</p><p><strong>Fragrance notes:</strong> warm vanilla, dark spice accord, woody amber.</p><p>This listing is optimized for third-party resellers: high-search designer profile, gift-friendly packaging, and repeat-order demand.</p><p><strong>Supplier links:</strong> <a href=""https://www.fragrancenet.com/search/?gsearch=Valentino+Uomo+Born+In+Roma+Extradose+Parfum"">FragranceNet</a> | <a href=""https://www.fragrancex.com/search/search_results?search=Valentino+Uomo+Born+In+Roma+Extradose+Parfum"">FragranceX</a> | <a href=""https://www.perfume.com/search?keyword=Valentino+Uomo+Born+In+Roma+Extradose+Parfum"">Perfume.com</a></p>",Valentino,Cologne,"cologne,men,valentino,set9,winter,intense-sweet-spicy",TRUE,Title,Default Title,SET9-VLT-092-502429,350,12,deny,manual,282.00,366.60,TRUE,TRUE,https://cdn.fragrancenet.com/images/photos/900x900/502429.jpg,1,Valentino Uomo Born In Roma Extradose Parfum - Gift Set product image 1,active
set9-valentino-uomo-born-in-roma-extradose-parfum-gift-set,,,,,,,,,,,,,,,,,,https://cdn.fragrancenet.com/images/photos/600x600/502429.jpg,2,Valentino Uomo Born In Roma Extradose Parfum - Gift Set product image 2,
set9-valentino-uomo-born-in-roma-extradose-parfum-gift-set,,,,,,,,,,,,,,,,,,https://cdn.fragrancenet.com/images/photos/500x500/502429.jpg,3,Valentino Uomo Born In Roma Extradose Parfum - Gift Set product image 3,
set9-valentino-uomo-born-in-roma-extradose-parfum-gift-set,,,,,,,,,,,,,,,,,,https://cdn.fragrancenet.com/images/photos/300x300/502429.jpg,4,Valentino Uomo Born In Roma Extradose Parfum - Gift Set product image 4,
set9-valentino-uomo-born-in-roma-extradose-parfum-gift-set,,,,,,,,,,,,,,,,,,https://cdn.fragrancenet.com/images/photos/250x250/502429.jpg,5,Valentino Uomo Born In Roma Extradose Parfum - Gift Set product image 5,
set9-valentino-uomo-born-in-roma-rockstud-noir-eau-de-toilette-travel-spray-10ml,Valentino Uomo Born In Roma Rockstud Noir Eau de Toilette - Travel Spray 10ml,"<p><strong>Valentino Uomo Born In Roma Rockstud Noir Eau de Toilette - Travel Spray 10ml</strong> by Valentino is built for <strong>winter</strong> wear with a musky creamy woods profile.</p><p><strong>Fragrance notes:</strong> myrrh, vanilla absolute, sandalwood, musk.</p><p>This listing is optimized for third-party resellers: high-search designer profile, gift-friendly packaging, and repeat-order demand.</p><p><strong>Supplier links:</strong> <a href=""https://www.fragrancenet.com/search/?gsearch=Valentino+Uomo+Born+In+Roma+Rockstud+Noir+Eau+de+Toilette"">FragranceNet</a> | <a href=""https://www.fragrancex.com/search/search_results?search=Valentino+Uomo+Born+In+Roma+Rockstud+Noir+Eau+de+Toilette"">FragranceX</a> | <a href=""https://www.perfume.com/search?keyword=Valentino+Uomo+Born+In+Roma+Rockstud+Noir+Eau+de+Toilette"">Perfume.com</a></p>",Valentino,Cologne,"cologne,men,valentino,set9,winter,musky-creamy-woods",TRUE,Title,Default Title,SET9-VLT-093-498871,350,15,deny,manual,33.00,42.90,TRUE,TRUE,https://cdn.fragrancenet.com/images/photos/900x900/498871.jpg,1,Valentino Uomo Born In Roma Rockstud Noir Eau de Toilette - Travel Spray 10ml product image 1,active
set9-valentino-uomo-born-in-roma-rockstud-noir-eau-de-toilette-travel-spray-10ml,,,,,,,,,,,,,,,,,,https://cdn.fragrancenet.com/images/photos/600x600/498871.jpg,2,Valentino Uomo Born In Roma Rockstud Noir Eau de Toilette - Travel Spray 10ml product image 2,
set9-valentino-uomo-born-in-roma-rockstud-noir-eau-de-toilette-travel-spray-10ml,,,,,,,,,,,,,,,,,,https://cdn.fragrancenet.com/images/photos/500x500/498871.jpg,3,Valentino Uomo Born In Roma Rockstud Noir Eau de Toilette - Travel Spray 10ml product image 3,
set9-valentino-uomo-born-in-roma-rockstud-noir-eau-de-toilette-travel-spray-10ml,,,,,,,,,,,,,,,,,,https://cdn.fragrancenet.com/images/photos/300x300/498871.jpg,4,Valentino Uomo Born In Roma Rockstud Noir Eau de Toilette - Travel Spray 10ml product image 4,
set9-valentino-uomo-born-in-roma-rockstud-noir-eau-de-toilette-travel-spray-10ml,,,,,,,,,,,,,,,,,,https://cdn.fragrancenet.com/images/photos/250x250/498871.jpg,5,Valentino Uomo Born In Roma Rockstud Noir Eau de Toilette - Travel Spray 10ml product image 5,
set9-valentino-uomo-born-in-roma-rockstud-noir-eau-de-toilette-bottle-50ml,Valentino Uomo Born In Roma Rockstud Noir Eau de Toilette - Bottle 50ml,"<p><strong>Valentino Uomo Born In Roma Rockstud Noir Eau de Toilette - Bottle 50ml</strong> by Valentino is built for <strong>winter</strong> wear with a musky creamy woods profile.</p><p><strong>Fragrance notes:</strong> myrrh, vanilla absolute, sandalwood, musk.</p><p>This listing is optimized for third-party resellers: high-search designer profile, gift-friendly packaging, and repeat-order demand.</p><p><strong>Supplier links:</strong> <a href=""https://www.fragrancenet.com/search/?gsearch=Valentino+Uomo+Born+In+Roma+Rockstud+Noir+Eau+de+Toilette"">FragranceNet</a> | <a href=""https://www.fragrancex.com/search/search_results?search=Valentino+Uomo+Born+In+Roma+Rockstud+Noir+Eau+de+Toilette"">FragranceX</a> | <a href=""https://www.perfume.com/search?keyword=Valentino+Uomo+Born+In+Roma+Rockstud+Noir+Eau+de+Toilette"">Perfume.com</a></p>",Valentino,Cologne,"cologne,men,valentino,set9,winter,musky-creamy-woods",TRUE,Title,Default Title,SET9-VLT-094-498871,350,20,deny,manual,90.20,117.26,TRUE,TRUE,https://cdn.fragrancenet.com/images/photos/900x900/498871.jpg,1,Valentino Uomo Born In Roma Rockstud Noir Eau de Toilette - Bottle 50ml product image 1,active
set9-valentino-uomo-born-in-roma-rockstud-noir-eau-de-toilette-bottle-50ml,,,,,,,,,,,,,,,,,,https://cdn.fragrancenet.com/images/photos/600x600/498871.jpg,2,Valentino Uomo Born In Roma Rockstud Noir Eau de Toilette - Bottle 50ml product image 2,
set9-valentino-uomo-born-in-roma-rockstud-noir-eau-de-toilette-bottle-50ml,,,,,,,,,,,,,,,,,,https://cdn.fragrancenet.com/images/photos/500x500/498871.jpg,3,Valentino Uomo Born In Roma Rockstud Noir Eau de Toilette - Bottle 50ml product image 3,
set9-valentino-uomo-born-in-roma-rockstud-noir-eau-de-toilette-bottle-50ml,,,,,,,,,,,,,,,,,,https://cdn.fragrancenet.com/images/photos/300x300/498871.jpg,4,Valentino Uomo Born In Roma Rockstud Noir Eau de Toilette - Bottle 50ml product image 4,
set9-valentino-uomo-born-in-roma-rockstud-noir-eau-de-toilette-bottle-50ml,,,,,,,,,,,,,,,,,,https://cdn.fragrancenet.com/images/photos/250x250/498871.jpg,5,Valentino Uomo Born In Roma Rockstud Noir Eau de Toilette - Bottle 50ml product image 5,
set9-valentino-uomo-born-in-roma-rockstud-noir-eau-de-toilette-bottle-100ml,Valentino Uomo Born In Roma Rockstud Noir Eau de Toilette - Bottle 100ml,"<p><strong>Valentino Uomo Born In Roma Rockstud Noir Eau de Toilette - Bottle 100ml</strong> by Valentino is built for <strong>winter</strong> wear with a musky creamy woods profile.</p><p><strong>Fragrance notes:</strong> myrrh, vanilla absolute, sandalwood, musk.</p><p>This listing is optimized for third-party resellers: high-search designer profile, gift-friendly packaging, and repeat-order demand.</p><p><strong>Supplier links:</strong> <a href=""https://www.fragrancenet.com/search/?gsearch=Valentino+Uomo+Born+In+Roma+Rockstud+Noir+Eau+de+Toilette"">FragranceNet</a> | <a href=""https://www.fragrancex.com/search/search_results?search=Valentino+Uomo+Born+In+Roma+Rockstud+Noir+Eau+de+Toilette"">FragranceX</a> | <a href=""https://www.perfume.com/search?keyword=Valentino+Uomo+Born+In+Roma+Rockstud+Noir+Eau+de+Toilette"">Perfume.com</a></p>",Valentino,Cologne,"cologne,men,valentino,set9,winter,musky-creamy-woods",TRUE,Title,Default Title,SET9-VLT-095-498871,350,28,deny,manual,110.00,143.00,TRUE,TRUE,https://cdn.fragrancenet.com/images/photos/900x900/498871.jpg,1,Valentino Uomo Born In Roma Rockstud Noir Eau de Toilette - Bottle 100ml product image 1,active
set9-valentino-uomo-born-in-roma-rockstud-noir-eau-de-toilette-bottle-100ml,,,,,,,,,,,,,,,,,,https://cdn.fragrancenet.com/images/photos/600x600/498871.jpg,2,Valentino Uomo Born In Roma Rockstud Noir Eau de Toilette - Bottle 100ml product image 2,
set9-valentino-uomo-born-in-roma-rockstud-noir-eau-de-toilette-bottle-100ml,,,,,,,,,,,,,,,,,,https://cdn.fragrancenet.com/images/photos/500x500/498871.jpg,3,Valentino Uomo Born In Roma Rockstud Noir Eau de Toilette - Bottle 100ml product image 3,
set9-valentino-uomo-born-in-roma-rockstud-noir-eau-de-toilette-bottle-100ml,,,,,,,,,,,,,,,,,,https://cdn.fragrancenet.com/images/photos/300x300/498871.jpg,4,Valentino Uomo Born In Roma Rockstud Noir Eau de Toilette - Bottle 100ml product image 4,
set9-valentino-uomo-born-in-roma-rockstud-noir-eau-de-toilette-bottle-100ml,,,,,,,,,,,,,,,,,,https://cdn.fragrancenet.com/images/photos/250x250/498871.jpg,5,Valentino Uomo Born In Roma Rockstud Noir Eau de Toilette - Bottle 100ml product image 5,
set9-valentino-uomo-born-in-roma-rockstud-noir-eau-de-toilette-gift-set,Valentino Uomo Born In Roma Rockstud Noir Eau de Toilette - Gift Set,"<p><strong>Valentino Uomo Born In Roma Rockstud Noir Eau de Toilette - Gift Set</strong> by Valentino is built for <strong>winter</strong> wear with a musky creamy woods profile.</p><p><strong>Fragrance notes:</strong> myrrh, vanilla absolute, sandalwood, musk.</p><p>This listing is optimized for third-party resellers: high-search designer profile, gift-friendly packaging, and repeat-order demand.</p><p><strong>Supplier links:</strong> <a href=""https://www.fragrancenet.com/search/?gsearch=Valentino+Uomo+Born+In+Roma+Rockstud+Noir+Eau+de+Toilette"">FragranceNet</a> | <a href=""https://www.fragrancex.com/search/search_results?search=Valentino+Uomo+Born+In+Roma+Rockstud+Noir+Eau+de+Toilette"">FragranceX</a> | <a href=""https://www.perfume.com/search?keyword=Valentino+Uomo+Born+In+Roma+Rockstud+Noir+Eau+de+Toilette"">Perfume.com</a></p>",Valentino,Cologne,"cologne,men,valentino,set9,winter,musky-creamy-woods",TRUE,Title,Default Title,SET9-VLT-096-498871,350,12,deny,manual,132.00,171.60,TRUE,TRUE,https://cdn.fragrancenet.com/images/photos/900x900/498871.jpg,1,Valentino Uomo Born In Roma Rockstud Noir Eau de Toilette - Gift Set product image 1,active
set9-valentino-uomo-born-in-roma-rockstud-noir-eau-de-toilette-gift-set,,,,,,,,,,,,,,,,,,https://cdn.fragrancenet.com/images/photos/600x600/498871.jpg,2,Valentino Uomo Born In Roma Rockstud Noir Eau de Toilette - Gift Set product image 2,
set9-valentino-uomo-born-in-roma-rockstud-noir-eau-de-toilette-gift-set,,,,,,,,,,,,,,,,,,https://cdn.fragrancenet.com/images/photos/500x500/498871.jpg,3,Valentino Uomo Born In Roma Rockstud Noir Eau de Toilette - Gift Set product image 3,
set9-valentino-uomo-born-in-roma-rockstud-noir-eau-de-toilette-gift-set,,,,,,,,,,,,,,,,,,https://cdn.fragrancenet.com/images/photos/300x300/498871.jpg,4,Valentino Uomo Born In Roma Rockstud Noir Eau de Toilette - Gift Set product image 4,
set9-valentino-uomo-born-in-roma-rockstud-noir-eau-de-toilette-gift-set,,,,,,,,,,,,,,,,,,https://cdn.fragrancenet.com/images/photos/250x250/498871.jpg,5,Valentino Uomo Born In Roma Rockstud Noir Eau de Toilette - Gift Set product image 5,
set9-valentino-uomo-born-in-roma-the-gold-eau-de-toilette-travel-spray-10ml,Valentino Uomo Born In Roma The Gold Eau de Toilette - Travel Spray 10ml,"<p><strong>Valentino Uomo Born In Roma The Gold Eau de Toilette - Travel Spray 10ml</strong> by Valentino is built for <strong>summer</strong> wear with a solar amber spicy profile.</p><p><strong>Fragrance notes:</strong> solar notes, nutmeg, virginia cedar, vanilla, amber.</p><p>This listing is optimized for third-party resellers: high-search designer profile, gift-friendly packaging, and repeat-order demand.</p><p><strong>Supplier links:</strong> <a href=""https://www.fragrancenet.com/search/?gsearch=Valentino+Uomo+Born+In+Roma+The+Gold+Eau+de+Toilette"">FragranceNet</a> | <a href=""https://www.fragrancex.com/search/search_results?search=Valentino+Uomo+Born+In+Roma+The+Gold+Eau+de+Toilette"">FragranceX</a> | <a href=""https://www.perfume.com/search?keyword=Valentino+Uomo+Born+In+Roma+The+Gold+Eau+de+Toilette"">Perfume.com</a></p>",Valentino,Cologne,"cologne,men,valentino,set9,summer,solar-amber-spicy",TRUE,Title,Default Title,SET9-VLT-097-498977,350,15,deny,manual,72.90,94.77,TRUE,TRUE,https://cdn.fragrancenet.com/images/photos/900x900/498977.jpg,1,Valentino Uomo Born In Roma The Gold Eau de Toilette - Travel Spray 10ml product image 1,active
set9-valentino-uomo-born-in-roma-the-gold-eau-de-toilette-travel-spray-10ml,,,,,,,,,,,,,,,,,,https://cdn.fragrancenet.com/images/photos/600x600/498977.jpg,2,Valentino Uomo Born In Roma The Gold Eau de Toilette - Travel Spray 10ml product image 2,
set9-valentino-uomo-born-in-roma-the-gold-eau-de-toilette-travel-spray-10ml,,,,,,,,,,,,,,,,,,https://cdn.fragrancenet.com/images/photos/500x500/498977.jpg,3,Valentino Uomo Born In Roma The Gold Eau de Toilette - Travel Spray 10ml product image 3,
set9-valentino-uomo-born-in-roma-the-gold-eau-de-toilette-travel-spray-10ml,,,,,,,,,,,,,,,,,,https://cdn.fragrancenet.com/images/photos/300x300/498977.jpg,4,Valentino Uomo Born In Roma The Gold Eau de Toilette - Travel Spray 10ml product image 4,
set9-valentino-uomo-born-in-roma-the-gold-eau-de-toilette-travel-spray-10ml,,,,,,,,,,,,,,,,,,https://cdn.fragrancenet.com/images/photos/250x250/498977.jpg,5,Valentino Uomo Born In Roma The Gold Eau de Toilette - Travel Spray 10ml product image 5,
set9-valentino-uomo-born-in-roma-the-gold-eau-de-toilette-bottle-50ml,Valentino Uomo Born In Roma The Gold Eau de Toilette - Bottle 50ml,"<p><strong>Valentino Uomo Born In Roma The Gold Eau de Toilette - Bottle 50ml</strong> by Valentino is built for <strong>summer</strong> wear with a solar amber spicy profile.</p><p><strong>Fragrance notes:</strong> solar notes, nutmeg, virginia cedar, vanilla, amber.</p><p>This listing is optimized for third-party resellers: high-search designer profile, gift-friendly packaging, and repeat-order demand.</p><p><strong>Supplier links:</strong> <a href=""https://www.fragrancenet.com/search/?gsearch=Valentino+Uomo+Born+In+Roma+The+Gold+Eau+de+Toilette"">FragranceNet</a> | <a href=""https://www.fragrancex.com/search/search_results?search=Valentino+Uomo+Born+In+Roma+The+Gold+Eau+de+Toilette"">FragranceX</a> | <a href=""https://www.perfume.com/search?keyword=Valentino+Uomo+Born+In+Roma+The+Gold+Eau+de+Toilette"">Perfume.com</a></p>",Valentino,Cologne,"cologne,men,valentino,set9,summer,solar-amber-spicy",TRUE,Title,Default Title,SET9-VLT-098-498977,350,20,deny,manual,199.26,259.04,TRUE,TRUE,https://cdn.fragrancenet.com/images/photos/900x900/498977.jpg,1,Valentino Uomo Born In Roma The Gold Eau de Toilette - Bottle 50ml product image 1,active
set9-valentino-uomo-born-in-roma-the-gold-eau-de-toilette-bottle-50ml,,,,,,,,,,,,,,,,,,https://cdn.fragrancenet.com/images/photos/600x600/498977.jpg,2,Valentino Uomo Born In Roma The Gold Eau de Toilette - Bottle 50ml product image 2,
set9-valentino-uomo-born-in-roma-the-gold-eau-de-toilette-bottle-50ml,,,,,,,,,,,,,,,,,,https://cdn.fragrancenet.com/images/photos/500x500/498977.jpg,3,Valentino Uomo Born In Roma The Gold Eau de Toilette - Bottle 50ml product image 3,
set9-valentino-uomo-born-in-roma-the-gold-eau-de-toilette-bottle-50ml,,,,,,,,,,,,,,,,,,https://cdn.fragrancenet.com/images/photos/300x300/498977.jpg,4,Valentino Uomo Born In Roma The Gold Eau de Toilette - Bottle 50ml product image 4,
set9-valentino-uomo-born-in-roma-the-gold-eau-de-toilette-bottle-50ml,,,,,,,,,,,,,,,,,,https://cdn.fragrancenet.com/images/photos/250x250/498977.jpg,5,Valentino Uomo Born In Roma The Gold Eau de Toilette - Bottle 50ml product image 5,
set9-valentino-uomo-born-in-roma-the-gold-eau-de-toilette-bottle-100ml,Valentino Uomo Born In Roma The Gold Eau de Toilette - Bottle 100ml,"<p><strong>Valentino Uomo Born In Roma The Gold Eau de Toilette - Bottle 100ml</strong> by Valentino is built for <strong>summer</strong> wear with a solar amber spicy profile.</p><p><strong>Fragrance notes:</strong> solar notes, nutmeg, virginia cedar, vanilla, amber.</p><p>This listing is optimized for third-party resellers: high-search designer profile, gift-friendly packaging, and repeat-order demand.</p><p><strong>Supplier links:</strong> <a href=""https://www.fragrancenet.com/search/?gsearch=Valentino+Uomo+Born+In+Roma+The+Gold+Eau+de+Toilette"">FragranceNet</a> | <a href=""https://www.fragrancex.com/search/search_results?search=Valentino+Uomo+Born+In+Roma+The+Gold+Eau+de+Toilette"">FragranceX</a> | <a href=""https://www.perfume.com/search?keyword=Valentino+Uomo+Born+In+Roma+The+Gold+Eau+de+Toilette"">Perfume.com</a></p>",Valentino,Cologne,"cologne,men,valentino,set9,summer,solar-amber-spicy",TRUE,Title,Default Title,SET9-VLT-099-498977,350,28,deny,manual,243.00,315.90,TRUE,TRUE,https://cdn.fragrancenet.com/images/photos/900x900/498977.jpg,1,Valentino Uomo Born In Roma The Gold Eau de Toilette - Bottle 100ml product image 1,active
set9-valentino-uomo-born-in-roma-the-gold-eau-de-toilette-bottle-100ml,,,,,,,,,,,,,,,,,,https://cdn.fragrancenet.com/images/photos/600x600/498977.jpg,2,Valentino Uomo Born In Roma The Gold Eau de Toilette - Bottle 100ml product image 2,
set9-valentino-uomo-born-in-roma-the-gold-eau-de-toilette-bottle-100ml,,,,,,,,,,,,,,,,,,https://cdn.fragrancenet.com/images/photos/500x500/498977.jpg,3,Valentino Uomo Born In Roma The Gold Eau de Toilette - Bottle 100ml product image 3,
set9-valentino-uomo-born-in-roma-the-gold-eau-de-toilette-bottle-100ml,,,,,,,,,,,,,,,,,,https://cdn.fragrancenet.com/images/photos/300x300/498977.jpg,4,Valentino Uomo Born In Roma The Gold Eau de Toilette - Bottle 100ml product image 4,
set9-valentino-uomo-born-in-roma-the-gold-eau-de-toilette-bottle-100ml,,,,,,,,,,,,,,,,,,https://cdn.fragrancenet.com/images/photos/250x250/498977.jpg,5,Valentino Uomo Born In Roma The Gold Eau de Toilette - Bottle 100ml product image 5,
set9-valentino-uomo-born-in-roma-the-gold-eau-de-toilette-gift-set,Valentino Uomo Born In Roma The Gold Eau de Toilette - Gift Set,"<p><strong>Valentino Uomo Born In Roma The Gold Eau de Toilette - Gift Set</strong> by Valentino is built for <strong>summer</strong> wear with a solar amber spicy profile.</p><p><strong>Fragrance notes:</strong> solar notes, nutmeg, virginia cedar, vanilla, amber.</p><p>This listing is optimized for third-party resellers: high-search designer profile, gift-friendly packaging, and repeat-order demand.</p><p><strong>Supplier links:</strong> <a href=""https://www.fragrancenet.com/search/?gsearch=Valentino+Uomo+Born+In+Roma+The+Gold+Eau+de+Toilette"">FragranceNet</a> | <a href=""https://www.fragrancex.com/search/search_results?search=Valentino+Uomo+Born+In+Roma+The+Gold+Eau+de+Toilette"">FragranceX</a> | <a href=""https://www.perfume.com/search?keyword=Valentino+Uomo+Born+In+Roma+The+Gold+Eau+de+Toilette"">Perfume.com</a></p>",Valentino,Cologne,"cologne,men,valentino,set9,summer,solar-amber-spicy",TRUE,Title,Default Title,SET9-VLT-100-498977,350,12,deny,manual,291.60,379.08,TRUE,TRUE,https://cdn.fragrancenet.com/images/photos/900x900/498977.jpg,1,Valentino Uomo Born In Roma The Gold Eau de Toilette - Gift Set product image 1,active
set9-valentino-uomo-born-in-roma-the-gold-eau-de-toilette-gift-set,,,,,,,,,,,,,,,,,,https://cdn.fragrancenet.com/images/photos/600x600/498977.jpg,2,Valentino Uomo Born In Roma The Gold Eau de Toilette - Gift Set product image 2,
set9-valentino-uomo-born-in-roma-the-gold-eau-de-toilette-gift-set,,,,,,,,,,,,,,,,,,https://cdn.fragrancenet.com/images/photos/500x500/498977.jpg,3,Valentino Uomo Born In Roma The Gold Eau de Toilette - Gift Set product image 3,
set9-valentino-uomo-born-in-roma-the-gold-eau-de-toilette-gift-set,,,,,,,,,,,,,,,,,,https://cdn.fragrancenet.com/images/photos/300x300/498977.jpg,4,Valentino Uomo Born In Roma The Gold Eau de Toilette - Gift Set product image 4,
set9-valentino-uomo-born-in-roma-the-gold-eau-de-toilette-gift-set,,,,,,,,,,,,,,,,,,https://cdn.fragrancenet.com/images/photos/250x250/498977.jpg,5,Valentino Uomo Born In Roma The Gold Eau de Toilette - Gift Set product image 5,
